CustomerID,Age,TenureMonths,MonthlyCharges,TotalSpend,SupportCalls,AvgWatchHours,DaysSinceLastLogin,PaymentDelayDays,NumberOfDevices,ContractType,InternetPlan,HasFamilyPlan,AutoPayment,SatisfactionScore,Churn,InternalReference
50543,49,29,1346.93,42204.42,4,16.46,9.7,1.84,4,OneYear,Standard,Yes,Yes,8.0,0,924710
50260,33,52,2092.03,125739.74,2,14.31,3.09,0.58,1,OneYear,Standard,Yes,Yes,2.0,0,882476
50044,24,31,3202.39,84607.4,2,13.18,4.87,0.06,1,Monthly,Standard,No,No,3.0,0,507107
51011,39,13,2664.59,24827.02,8,20.08,2.42,1.41,3,Monthly,Basic,No,No,6.0,0,383579
50755,32,36,2444.87,90173.41,1,11.64,17.66,1.59,2,Monthly,Standard,Yes,Yes,3.0,0,554039
50311,50,30,1738.16,48607.45,1,8.32,16.35,1.12,2,Monthly,Basic,Yes,Yes,4.0,0,327593
50756,48,27,,,4,21.45,12.33,4.12,5,Monthly,Standard,No,Yes,10.0,0,423359
50468,62,31,2340.01,75675.43,4,19.28,7.52,5.79,2,OneYear,Standard,Yes,Yes,6.0,0,899308
50211,32,29,1050.58,22134.64,2,4.43,7.58,2.88,3,Monthly,Premium,Yes,Yes,7.0,0,793318
50156,30,43,1987.43,253254.72000000003,6,8.02,5.16,0.7,4,OneYear,Premium,No,Yes,5.0,0,406456
51109,23,49,2113.5,94312.81,4,7.15,38.62,0.23,3,OneYear,Basic,No,Yes,5.0,0,138056
50712,44,18,,31027.32,2,10.58,2.34,0.1,5,Monthly,Basic,No,No,1.0,0,281423
50410,19,56,1022.84,64836.24,6,10.19,3.23,1.9,5,Monthly,Basic,Yes,No,2.0,0,896613
50495,49,21,1211.8,13268.65,5,12.83,8.22,2.25,4,OneYear,Basic,Yes,No,9.0,0,422754
50701,34,59,2831.84,154741.36,4,13.57,2.65,0.73,3,TwoYear,Standard,No,No,,0,176407
50524,33,24,1485.3,43827.41,3,13.58,2.07,0.73,5,Monthly,Basic,No,Yes,6.0,0,806663
50810,64,15,1687.06,11160.09,3,4.98,12.37,5.05,3,OneYear,Standard,No,Yes,1.0,0,441774
50553,45,2,1547.67,-12402.97,3,10.07,6.02,1.98,4,Monthly,Basic,Yes,Yes,7.0,0,217221
50754,31,42,2871.93,109736.82,4,9.48,21.32,4.99,3,TwoYear,Basic,No,Yes,5.0,0,134184
50424,43,34,1274.37,50054.22,5,10.08,6.08,9.56,5,Monthly,Premium,No,No,10.0,0,371860
50381,52,2,1733.94,-7925.21,2,10.12,0.27,4.5,2,OneYear,Premium,Yes,No,7.0,0,975122
50962,43,17,2191.61,27683.68,1,16.73,0.84,0.98,2,Monthly,Premium,No,Yes,8.0,0,116696
51151,54,33,1973.26,80011.29,3,16.05,6.09,0.13,5,Monthly,Standard,Yes,No,6.0,0,241105
50353,47,38,1202.38,36593.58,2,17.95,7.5,4.43,4,Monthly,Basic,Yes,No,4.0,0,696388
50299,22,9,2617.75,22478.27,5,17.08,16.88,2.4,3,Monthly,Standard,No,Yes,7.0,0,440920
51032,57,59,811.22,,3,13.34,4.12,2.08,5,Monthly,Standard,Yes,No,5.0,0,761874
50425,52,9,2616.58,5899.6,4,11.68,2.77,0.57,5,Monthly,Standard,No,Yes,3.0,0,115568
50989,31,46,1754.12,76158.71,1,19.43,2.12,1.39,3,OneYear,Basic,No,No,7.0,0,413402
50332,33,46,,120769.12,6,10.93,20.62,1.75,1,Monthly,Basic,No,No,8.0,0,553245
50045,38,51,,138876.35,6,16.52,1.56,1.88,4,OneYear,Standard,No,Yes,2.0,0,672945
50535,27,55,1486.13,76643.98,3,6.87,,4.56,4,TwoYear,Premium,Yes,Yes,7.0,0,258328
50108,61,23,1367.79,24098.78,3,13.51,3.31,0.51,3,Monthly,Standard,Yes,Yes,7.0,0,128498
50372,52,7,1230.45,1298.32,1,13.27,3.4,2.72,1,Monthly,Standard,Yes,No,1.0,0,874088
50606,26,9,2217.51,19979.74,4,10.65,9.82,4.72,3,OneYear,Standard,No,Yes,10.0,0,160390
50903,46,15,,46289.27,4,10.63,4.28,0.11,2,Monthly,Standard,No,Yes,8.0,0,617220
50079,27,48,894.8,30920.65,1,17.11,9.77,1.11,5,OneYear,Standard,Yes,No,2.0,0,571633
51140,51,51,2299.87,,1,13.91,12.48,3.38,2,Monthly,Standard,Yes,Yes,3.0,0,654159
50618,40,60,2494.88,143847.02,3,19.33,1.76,0.05,3,TwoYear,Standard,Yes,Yes,7.0,0,201678
50077,61,44,713.09,32212.97,2,14.28,0.39,10.31,4,TwoYear,Standard,No,Yes,7.0,0,803227
50773,53,30,1944.71,53816.67,2,11.83,4.41,4.0,3,OneYear,Basic,No,No,3.0,0,213554
50045,38,51,,138876.35,6,16.52,1.56,1.88,4,OneYear,Standard,No,Yes,2.0,0,471574
50644,24,26,1888.09,61550.95,2,21.51,0.97,0.0,3,Monthly,Basic,No,Yes,7.0,0,382961
50970,43,31,1780.34,58128.41,2,22.39,1.54,2.25,3,Monthly,Basic,Yes,Yes,3.0,0,170304
50114,25,40,689.23,19615.86,4,14.06,3.43,1.1,2,TwoYear,Standard,Yes,Yes,3.0,0,243207
50436,63,40,2469.51,96855.88,0,15.31,4.63,10.53,5,TwoYear,Standard,No,Yes,7.0,0,761798
50266,43,55,1305.27,56223.84,0,12.01,60.0,0.87,3,Monthly,Standard,No,Yes,3.0,0,658434
50574,46,53,,80161.47,5,8.6,3.78,1.9,2,TwoYear,Standard,No,Yes,7.0,0,927418
51081,28,29,2028.0,77813.59,3,8.79,4.52,0.19,4,Monthly,Premium,No,No,5.0,0,554959
51085,62,32,980.99,33461.93,3,13.21,0.08,2.94,1,OneYear,Basic,No,Yes,5.0,0,169128
51070,45,13,1771.18,27084.39,4,13.89,1.94,1.04,1,OneYear,Premium,No,No,4.0,0,985168
50479,59,25,,62909.47,3,19.88,14.4,3.01,2,OneYear,Standard,No,No,9.0,0,834701
50241,49,47,3525.41,153250.26,5,9.89,11.1,1.19,4,OneYear,Standard,Yes,Yes,4.0,0,121045
50193,50,19,1159.53,28490.93,4,9.86,4.78,0.63,5,TwoYear,Standard,Yes,Yes,2.0,0,910701
50421,56,59,610.81,44481.23,4,7.01,10.6,7.24,2,Monthly,Standard,Yes,No,6.0,0,613339
50790,46,41,1278.17,46373.48,1,8.3,4.54,0.16,2,Monthly,Basic,No,No,8.0,0,990977
50887,35,21,2635.77,51600.96,5,7.56,2.58,3.79,5,Monthly,Premium,No,Yes,6.0,1,591414
50298,29,30,1771.94,49586.81,2,8.05,7.18,6.63,5,Monthly,Standard,No,No,4.0,0,371592
50865,18,41,732.84,29914.99,3,11.48,6.36,0.58,2,Monthly,Standard,Yes,Yes,4.0,0,130961
50592,68,45,1968.87,86129.78,4,13.17,2.85,1.29,3,OneYear,Basic,No,Yes,1.0,0,665120
50082,48,56,1309.92,55174.31,6,7.14,7.97,1.81,2,Monthly,Premium,No,No,10.0,0,962687
51166,35,5,1667.41,11156.79,1,10.27,29.05,2.19,2,OneYear,Basic,No,Yes,5.0,0,412860
50746,53,59,,146895.78,3,9.45,5.16,4.02,5,Monthly,Basic,No,Yes,3.0,0,861090
50050,42,43,2114.46,90023.26,3,11.66,7.54,0.53,2,Monthly,Premium,Yes,Yes,7.0,0,280529
50351,39,37,2322.06,78352.5,1,9.19,12.83,1.92,5,Monthly,Standard,No,Yes,2.0,0,621848
50679,34,14,675.54,12209.27,3,12.43,11.37,3.4,1,OneYear,Premium,Yes,Yes,2.0,0,803903
50411,44,33,1994.59,78678.34,3,19.18,5.09,0.89,1,Monthly,Standard,No,No,5.0,0,460396
50904,21,34,1427.91,,2,14.93,0.36,12.41,4,TwoYear,Basic,No,No,4.0,0,220003
50324,52,2,1863.03,29047.69,2,21.59,16.76,2.61,2,Monthly,Basic,Yes,No,3.0,1,422682
50932,20,53,1802.16,86324.1,3,8.19,12.33,0.32,1,Monthly,Premium,No,No,8.0,0,329942
50988,43,57,2329.24,124883.07,0,13.2,1.25,6.41,2,Monthly,Premium,Yes,No,8.0,0,550961
50363,47,31,1461.33,58601.35,3,7.77,0.33,0.1,3,Monthly,Basic,No,No,7.0,0,295149
50345,34,42,2249.18,116841.11,6,8.8,14.23,2.4,4,TwoYear,Basic,Yes,Yes,7.0,0,461741
50071,23,33,1884.35,66702.44,2,8.42,1.34,5.36,4,Monthly,Basic,No,No,1.0,0,458659
50910,41,18,2300.96,62617.16,5,15.02,2.79,9.33,4,Monthly,Standard,No,No,,0,383655
50024,19,38,2113.87,81590.89,2,8.31,6.18,1.95,2,TwoYear,Basic,Yes,Yes,2.0,0,487612
50102,18,37,2187.15,74588.15,4,9.63,0.71,2.67,3,Monthly,Basic,No,No,3.0,1,129236
50707,23,8,2655.26,310.11,6,11.05,0.09,6.4,4,Monthly,Standard,Yes,No,9.0,0,603951
50059,24,8,2038.42,18625.85,6,17.38,2.08,0.82,2,OneYear,Premium,Yes,No,5.0,0,461561
50645,45,41,2520.08,90263.36,0,26.33,14.51,2.87,3,Monthly,Standard,No,Yes,4.0,0,363277
51122,54,24,2200.46,63594.94,2,18.42,0.98,3.51,3,Monthly,Standard,Yes,Yes,5.0,0,972347
51106,60,33,1741.88,47981.41,1,15.56,8.21,0.07,5,OneYear,Basic,No,Yes,4.0,0,539449
50362,38,57,1903.39,103441.94,0,12.85,9.99,0.36,5,OneYear,Premium,No,No,1.0,0,457417
51165,42,37,1949.73,65030.0,3,19.87,3.02,11.94,2,OneYear,Basic,Yes,No,,0,805559
50219,69,46,3309.02,164802.57,1,15.88,12.48,11.65,5,Monthly,Basic,No,No,8.0,0,891084
50297,65,38,964.86,40669.34,3,11.63,9.44,0.98,2,Monthly,Standard,No,No,2.0,0,953473
50965,64,18,991.06,5027.5,2,11.65,0.13,0.26,3,Monthly,Premium,Yes,No,8.0,0,800708
50482,34,59,1687.37,93739.08,2,7.61,6.11,0.5,1,Monthly,Basic,No,Yes,5.0,0,677963
50232,40,57,1634.55,103333.41,5,5.26,0.64,0.24,5,Monthly,Basic,No,Yes,3.0,0,729661
50765,33,51,2864.98,140531.32,2,20.19,0.14,3.55,1,Monthly,Standard,No,No,5.0,0,213766
50948,23,9,1816.2,12485.3,4,17.61,19.33,0.57,5,TwoYear,Standard,Yes,Yes,8.0,0,838483
50902,22,38,1277.05,46051.95,4,13.41,8.72,4.81,3,Monthly,Premium,Yes,Yes,7.0,0,885290
50052,67,5,2267.89,4922.63,6,15.85,1.89,0.62,1,TwoYear,Standard,Yes,Yes,7.0,0,609957
50582,52,10,2138.4,7177.36,2,2.39,18.02,0.84,1,TwoYear,Standard,Yes,No,8.0,0,968618
51027,64,44,2883.6,121363.81,3,12.57,15.52,2.41,3,Monthly,Standard,No,No,4.0,0,514031
50554,49,55,,122179.73,4,17.08,16.71,1.21,3,TwoYear,Basic,Yes,Yes,4.0,0,910226
50486,54,26,1031.5,24686.58,1,13.67,0.72,5.51,5,Monthly,Standard,Yes,No,8.0,0,112392
51167,57,38,721.83,38500.5,2,7.81,2.72,7.88,5,Monthly,Standard,No,Yes,4.0,0,195363
50110,41,1,2077.79,22496.04,3,3.31,1.12,0.12,5,TwoYear,Standard,Yes,Yes,1.0,0,140348
50619,49,6,2182.07,,4,7.54,6.36,0.62,4,TwoYear,Basic,Yes,Yes,7.0,0,977473
50124,26,53,1747.4,82859.42,3,12.63,3.73,6.12,1,Monthly,Basic,No,Yes,2.0,0,674382
50055,19,10,1259.86,11875.13,1,21.83,2.04,0.29,2,OneYear,Premium,Yes,Yes,10.0,0,756568
50918,65,25,1948.27,52251.93,2,11.87,14.49,0.18,4,Monthly,Basic,No,No,8.0,0,909191
50711,56,26,1124.15,24059.36,1,19.48,12.4,0.23,4,Monthly,Basic,No,No,7.0,0,521440
50129,65,25,2644.31,47207.93,6,13.53,1.0,6.51,4,OneYear,Basic,Yes,No,3.0,0,534500
50057,45,38,2503.6,104426.37,4,18.25,1.45,0.29,5,OneYear,Standard,Yes,Yes,8.0,0,626259
50087,40,28,1841.4,43115.33,2,6.41,5.12,0.3,1,OneYear,Premium,Yes,Yes,6.0,0,840694
50716,56,48,1900.34,88409.22,3,14.22,6.31,2.45,1,OneYear,Standard,No,Yes,7.0,0,782784
50927,25,52,,,2,16.63,18.71,1.02,4,Monthly,Standard,No,No,5.0,0,329819
50276,56,48,,69706.12,3,12.5,,0.5,3,Monthly,Standard,Yes,No,2.0,0,624680
51183,19,25,1543.64,50752.42,6,11.27,0.68,2.82,1,Monthly,Standard,No,No,7.0,0,339823
50448,39,38,1179.77,66670.66,2,8.29,2.72,12.73,3,Monthly,Premium,Yes,Yes,6.0,0,726978
50171,46,28,1029.45,,1,13.91,2.63,4.15,4,Monthly,Premium,Yes,Yes,3.0,0,403541
50882,55,17,1292.31,11655.3,4,14.07,2.45,2.37,1,Monthly,Standard,Yes,No,2.0,0,783168
50911,22,15,2094.97,9391.62,4,3.91,16.5,1.6,4,OneYear,Standard,No,Yes,8.0,0,803374
51134,22,15,1654.77,34952.88,2,13.28,2.0,2.33,4,OneYear,Basic,No,No,7.0,0,158529
50322,65,9,3005.49,38665.49,3,20.4,23.75,0.04,1,TwoYear,Basic,No,Yes,7.0,0,818237
50561,50,13,1118.59,15351.56,2,11.71,1.66,0.39,1,Monthly,Standard,No,No,9.0,0,595762
50433,37,1,3102.92,17377.1,4,18.86,21.07,1.63,2,Monthly,Premium,No,Yes,,1,211036
50429,30,9,3349.98,38451.5,3,19.6,0.25,1.3,3,TwoYear,Standard,No,No,4.0,0,846081
50637,66,51,1518.55,63379.09,6,9.71,7.39,0.17,3,Monthly,Basic,No,Yes,9.0,0,479843
50981,43,11,2310.08,39391.26,5,6.61,12.18,2.21,1,Monthly,Basic,Yes,Yes,6.0,1,139232
50893,69,6,1705.32,16430.14,1,17.7,8.33,0.59,2,Monthly,Basic,Yes,No,9.0,0,192393
50650,64,6,2383.96,-712.76,2,13.64,10.47,1.13,3,Monthly,Standard,No,Yes,10.0,0,259742
51132,48,36,2893.58,103168.27,3,9.04,5.8,3.05,4,Monthly,Standard,Yes,Yes,2.0,0,330803
51024,35,34,,93479.57,2,6.72,45.79,5.03,3,OneYear,Standard,No,Yes,6.0,0,585334
50414,43,47,1025.58,,2,12.45,14.0,2.74,5,Monthly,Basic,No,No,1.0,0,390539
50739,62,24,1254.59,35039.4,4,17.15,22.77,8.47,3,TwoYear,Standard,No,Yes,5.0,0,900005
50462,61,47,500.0,32683.32,2,11.02,8.89,5.01,5,Monthly,Basic,Yes,Yes,2.0,0,435949
50434,18,25,3120.63,92069.2,4,12.71,6.02,0.63,5,Monthly,Premium,No,No,7.0,0,482617
50876,38,14,2073.37,26991.11,2,2.63,15.1,1.18,1,Monthly,Basic,No,Yes,2.0,0,937886
50781,53,29,3674.68,110808.2,1,10.44,8.92,1.77,3,Monthly,Basic,No,Yes,5.0,0,438860
50378,46,28,2152.03,66702.99,5,8.34,0.75,1.59,3,Monthly,Standard,No,Yes,6.0,0,989424
50287,59,11,1525.9,3628.12,3,6.11,3.96,1.36,2,Monthly,Standard,No,Yes,10.0,0,262602
50895,50,57,3433.27,191190.53,0,14.09,9.11,4.31,5,OneYear,Standard,Yes,Yes,8.0,0,577516
50877,31,20,1978.69,29897.48,2,6.21,4.28,0.49,5,OneYear,Basic,No,Yes,7.0,0,797924
50234,49,3,,6634.53,3,11.84,5.47,4.86,3,Monthly,Basic,No,Yes,4.0,0,580474
50763,27,58,1178.3,49604.97,3,18.05,18.11,0.54,1,Monthly,Premium,Yes,Yes,9.0,0,152828
50813,38,29,1694.58,50023.91,7,10.99,0.44,0.49,2,Monthly,Premium,No,No,7.0,0,214050
51042,51,12,1810.51,21492.54,4,15.96,4.23,1.33,5,Monthly,Standard,Yes,Yes,,0,543709
50725,58,32,1645.86,66510.4,1,10.65,5.64,6.03,5,Monthly,Standard,No,No,4.0,0,931893
50901,34,60,1513.03,86261.25,2,11.09,8.16,2.35,5,Monthly,Premium,No,Yes,8.0,0,578524
50846,18,11,1188.61,12182.32,4,8.03,9.37,1.1,5,Monthly,Premium,Yes,Yes,10.0,0,155237
50993,64,54,2165.57,117239.1,3,3.74,2.96,2.93,4,OneYear,Standard,Yes,Yes,6.0,0,764694
51012,43,52,1575.94,62357.42,3,7.18,3.26,0.34,2,TwoYear,Basic,Yes,No,6.0,0,837950
50717,20,13,2835.36,19862.42,2,14.06,1.27,0.97,4,OneYear,Standard,No,Yes,9.0,0,778067
50267,20,48,2011.71,108745.05,4,6.7,1.51,1.68,4,Monthly,Standard,No,Yes,10.0,0,769716
50200,56,2,815.0,1431.57,2,6.15,7.33,0.71,1,TwoYear,Basic,Yes,Yes,,0,326468
50175,24,1,1268.67,3120.71,2,11.45,13.46,0.4,2,Monthly,Basic,Yes,Yes,8.0,0,289519
50359,44,22,583.59,15506.16,3,6.8,20.65,5.81,1,Monthly,Basic,No,Yes,6.0,0,980574
50148,31,7,933.53,4843.54,4,21.86,,1.24,1,OneYear,Premium,Yes,Yes,2.0,0,333980
51093,50,37,1037.64,24979.83,2,1.95,1.09,0.19,3,OneYear,Standard,No,Yes,7.0,0,934373
50947,38,36,1855.23,64560.77,1,9.65,21.15,1.3,2,OneYear,Standard,No,No,3.0,0,770875
50443,45,37,2463.48,95997.91,2,15.75,14.44,4.59,5,Monthly,Standard,No,No,10.0,0,666999
50708,48,59,3024.71,185444.64,3,16.25,1.49,3.05,3,TwoYear,Standard,Yes,Yes,1.0,0,901911
50399,59,39,1624.67,67785.43,6,17.51,3.85,0.72,4,Monthly,Standard,No,Yes,4.0,0,682763
50719,30,5,3403.62,-5368.45,1,17.6,17.04,1.91,4,OneYear,Standard,No,Yes,6.0,0,112854
50515,45,39,866.79,23645.05,2,8.84,5.36,2.3,4,Monthly,Standard,Yes,No,5.0,0,356803
51186,57,2,2296.75,5419.65,4,13.3,7.95,3.37,2,Monthly,Standard,No,No,2.0,0,352790
50328,63,9,2709.17,29358.29,1,13.32,9.01,2.13,3,OneYear,Standard,No,Yes,10.0,0,376981
50874,32,2,979.19,10530.2,1,8.61,13.79,6.23,5,Monthly,Premium,No,Yes,2.0,0,727566
50771,25,43,2623.32,110816.53,4,20.26,34.13,1.03,5,Monthly,Standard,No,No,10.0,0,754659
50169,32,54,663.87,40743.39,0,18.94,7.86,3.15,3,Monthly,Standard,Yes,No,,0,886270
50210,41,8,2207.68,19640.34,3,11.71,3.58,5.67,3,TwoYear,Basic,Yes,No,7.0,0,244331
51092,37,22,2233.95,44807.8,2,9.54,2.92,3.7,2,Monthly,Premium,No,No,2.0,0,169981
50136,39,27,1589.37,51609.6,2,9.22,4.49,0.22,5,OneYear,Standard,No,Yes,3.0,0,280482
50185,61,30,2286.5,81878.53,2,10.87,5.96,5.97,1,Monthly,Standard,No,Yes,2.0,0,318711
50721,45,17,1726.13,34498.95,3,16.88,14.64,5.16,2,Monthly,Standard,No,Yes,8.0,0,234753
50465,56,24,,9808.92,2,19.47,15.87,0.2,4,TwoYear,Standard,Yes,Yes,10.0,0,682523
50693,55,12,2043.27,47432.28,2,18.55,,0.11,2,Monthly,Standard,No,Yes,5.0,0,907831
50159,56,28,2020.07,66252.29,3,10.42,16.24,5.58,2,Monthly,Standard,No,No,5.0,0,502791
50141,54,59,2362.03,135434.42,1,5.57,9.56,1.74,3,TwoYear,Basic,No,Yes,6.0,0,630775
50428,41,53,1214.97,70985.01,5,10.33,1.88,3.42,2,Monthly,Basic,No,No,3.0,0,179792
50992,20,16,870.33,4831.05,4,5.34,1.99,1.71,3,TwoYear,Basic,Yes,No,4.0,0,434456
50529,56,34,2065.64,56019.35,2,7.22,8.66,0.72,4,Monthly,Standard,Yes,No,9.0,0,553925
51147,46,18,1269.41,36546.87,3,11.08,4.84,1.09,3,Monthly,Basic,Yes,No,7.0,0,770528
50248,41,8,1105.38,,3,20.65,3.72,0.95,3,Monthly,Standard,No,No,5.0,0,312511
50382,58,60,1739.87,121609.3,0,11.76,0.76,1.39,1,Monthly,Standard,Yes,No,8.0,0,980733
50866,61,39,1968.65,68887.43,1,9.55,24.49,1.4,3,Monthly,Standard,No,Yes,2.0,0,807102
51095,66,56,1826.5,92199.49,2,21.04,15.61,0.55,4,Monthly,Basic,Yes,Yes,,0,569528
51010,56,33,808.45,38854.65,3,7.06,21.05,11.51,3,OneYear,Standard,Yes,Yes,,0,559780
51143,52,54,1786.18,92932.62,1,10.07,3.32,0.12,4,Monthly,Premium,Yes,No,4.0,0,333988
50364,50,6,1567.98,16569.28,4,15.04,3.91,0.33,5,Monthly,Basic,No,Yes,2.0,1,866271
50209,61,1,2152.62,3781.24,1,8.14,14.39,0.44,1,Monthly,Standard,Yes,No,4.0,1,360978
50983,40,51,2519.2,104838.94,1,15.11,6.83,1.25,5,Monthly,Basic,Yes,No,7.0,0,590976
50807,18,34,1124.92,56338.78,2,10.37,22.55,2.69,2,OneYear,Standard,No,Yes,2.0,0,687999
50164,47,17,500.0,-1946.21,3,12.39,17.59,12.27,2,OneYear,Basic,No,Yes,5.0,0,442794
50423,59,43,2976.76,125523.11,2,17.52,12.46,2.11,3,TwoYear,Standard,Yes,Yes,7.0,0,710125
50964,39,21,2758.8,55060.63,3,9.95,4.13,6.46,3,Monthly,Basic,No,Yes,2.0,0,511128
50157,68,22,2821.65,,4,10.76,15.43,2.93,1,OneYear,Standard,No,Yes,8.0,0,665057
50329,35,54,1113.36,69134.89,2,18.57,25.8,14.34,5,TwoYear,Premium,No,Yes,5.0,0,321600
51197,69,47,1398.99,56280.34,4,15.07,5.4,0.96,1,Monthly,Standard,No,No,4.0,0,125682
50221,56,60,2385.43,135108.75,2,18.19,7.51,1.08,4,Monthly,Standard,No,Yes,8.0,0,322580
50197,30,51,2719.81,130425.5,4,3.03,3.75,2.61,5,Monthly,Standard,Yes,No,5.0,0,761304
51001,52,50,,57999.26,2,10.77,23.59,0.36,4,Monthly,Basic,No,Yes,6.0,0,870444
50533,54,40,913.56,-3354.6,4,18.57,4.53,0.36,3,Monthly,Premium,Yes,No,9.0,0,714229
50295,19,5,500.0,-366.95,1,12.88,4.9,1.99,1,OneYear,Basic,No,No,4.0,0,219718
50199,20,50,,80831.21,1,10.37,3.92,0.16,5,TwoYear,Premium,No,No,8.0,0,975227
50368,22,12,2439.1,28635.27,5,8.7,1.15,4.52,2,Monthly,Standard,Yes,Yes,10.0,0,568341
50942,22,14,2290.52,6688.82,3,11.43,0.59,0.65,3,Monthly,Basic,No,No,1.0,0,433180
50558,29,30,1284.9,33382.35,5,12.3,16.59,2.86,5,TwoYear,Basic,Yes,Yes,5.0,0,905823
50653,52,54,1123.58,47528.58,7,5.4,3.0,3.25,1,Monthly,Basic,No,No,1.0,0,267046
50668,52,24,2021.89,35116.24,2,9.25,0.04,0.43,5,Monthly,Basic,No,Yes,10.0,0,415102
50291,43,23,1876.19,47489.72,3,1.0,10.78,3.28,2,Monthly,Premium,Yes,Yes,10.0,0,599966
50631,37,59,1826.57,99334.62,1,1.0,23.18,4.72,1,Monthly,Standard,No,Yes,4.0,0,379891
50990,68,32,3187.18,105310.57,3,1.76,18.87,0.24,3,TwoYear,Basic,No,Yes,,0,382676
50977,32,60,1199.09,79776.86,4,10.01,15.64,1.22,4,Monthly,Premium,No,Yes,1.0,0,904758
50539,69,15,1302.47,13223.07,2,24.99,11.58,0.49,2,Monthly,Basic,No,No,10.0,0,992160
50528,38,45,1906.62,87439.8,2,12.63,9.91,6.36,4,Monthly,Basic,No,Yes,1.0,0,690598
50097,62,22,2275.98,35846.04,1,14.37,25.56,0.46,2,OneYear,Standard,No,Yes,3.0,0,765624
50466,21,19,977.87,16791.48,4,11.2,15.41,0.65,3,Monthly,Basic,Yes,Yes,2.0,0,973108
50848,62,6,1194.47,11258.27,2,12.77,0.7,1.19,5,TwoYear,Premium,No,Yes,7.0,0,323626
50179,19,23,2521.74,59846.1,3,10.12,0.92,2.59,2,OneYear,Basic,No,No,2.0,0,330888
50032,44,56,3856.43,217844.55,2,24.26,0.31,13.58,3,TwoYear,Standard,Yes,Yes,1.0,0,698193
50837,54,29,2170.27,58632.65,2,7.59,9.26,2.46,5,OneYear,Standard,Yes,Yes,3.0,0,453599
50885,67,28,3701.16,109913.29,1,3.22,,1.07,2,TwoYear,Premium,No,Yes,2.0,0,555438
50917,60,46,1263.06,75735.84,1,17.42,3.89,2.45,1,OneYear,Basic,No,No,7.0,0,537747
50571,27,29,2631.7,82559.35,5,12.72,3.19,1.07,2,OneYear,Standard,No,Yes,10.0,0,963376
50245,28,33,500.0,13127.76,5,5.82,6.88,3.33,1,Monthly,Premium,Yes,Yes,1.0,0,660030
50334,53,26,1494.76,57178.06,5,6.36,,3.44,5,TwoYear,Standard,Yes,Yes,4.0,0,411211
51198,32,31,633.37,20859.46,3,11.84,1.95,0.56,2,Monthly,Standard,No,Yes,2.0,0,691413
50753,66,53,2340.42,127242.07,2,7.36,5.48,3.84,2,Monthly,Premium,Yes,Yes,1.0,0,117909
50089,38,58,1482.03,107717.81,3,7.36,4.55,1.47,2,Monthly,Basic,No,Yes,10.0,0,623319
51002,68,60,1897.84,106729.39,2,15.68,4.99,0.26,2,OneYear,Basic,Yes,Yes,2.0,0,618723
50383,54,54,2368.88,122398.75,4,13.18,0.4,0.12,4,Monthly,Standard,No,No,3.0,0,868304
50366,64,40,1684.81,54209.62,4,11.49,1.46,10.53,2,OneYear,Standard,No,No,1.0,0,417072
51136,67,36,911.42,19972.5,5,9.82,2.96,11.34,3,Monthly,Standard,Yes,No,10.0,0,412751
51059,20,3,2269.15,16001.81,5,12.76,2.94,0.06,3,Monthly,Standard,Yes,Yes,7.0,0,450710
50599,46,37,967.69,28612.21,5,11.71,27.0,0.74,2,Monthly,Standard,No,Yes,8.0,0,979794
50579,19,44,2383.67,121129.5,1,14.14,7.58,13.85,3,TwoYear,Basic,Yes,Yes,5.0,0,903906
50824,18,22,1467.01,28212.21,0,6.11,1.4,4.79,2,Monthly,Standard,Yes,No,4.0,0,941592
50591,51,3,1934.06,24894.43,3,9.76,1.2,3.43,1,Monthly,Standard,Yes,No,5.0,0,692251
50530,53,3,3068.05,3211.55,6,23.59,0.36,10.73,2,TwoYear,Basic,No,No,4.0,0,188950
51047,39,20,2537.53,54891.48,7,6.38,9.91,1.8,5,OneYear,Basic,No,Yes,9.0,0,511687
50550,33,45,1262.14,67162.01,3,6.91,7.91,2.48,4,TwoYear,Standard,No,No,6.0,0,748085
50674,64,56,1347.96,86573.41,1,6.37,20.42,3.04,4,Monthly,Standard,Yes,No,,0,853187
50921,64,53,651.81,41582.1,4,13.32,3.79,5.1,5,TwoYear,Standard,No,Yes,1.0,0,338074
50536,22,23,3207.01,86191.05,0,15.04,4.66,1.37,5,Monthly,Standard,No,Yes,5.0,0,593740
50011,28,37,2650.16,108418.95,4,7.33,17.15,1.23,3,OneYear,Basic,Yes,Yes,,1,256583
51089,43,6,1615.91,-11865.37,4,11.06,2.19,5.06,1,Monthly,Basic,No,No,5.0,1,442347
50940,36,25,1359.07,37881.9,4,15.61,0.41,2.83,4,Monthly,Premium,No,No,4.0,0,808902
50244,21,51,2170.79,131645.71,6,10.47,4.36,13.55,3,OneYear,Premium,Yes,Yes,5.0,0,309746
50060,61,23,2804.63,80342.16,2,17.24,5.98,5.89,2,OneYear,Standard,No,Yes,6.0,0,756343
51076,47,55,1381.53,67752.4,0,12.69,5.69,18.96,4,TwoYear,Standard,No,Yes,9.0,0,869044
50064,31,43,1146.39,52523.25,4,8.79,16.18,0.95,5,Monthly,Basic,Yes,No,,0,503570
51188,56,37,1541.84,64204.95,4,13.48,4.06,5.95,1,TwoYear,Standard,No,Yes,6.0,0,542699
50278,57,36,2492.56,74318.95,2,1.0,5.93,2.97,1,Monthly,Standard,No,No,4.0,0,936853
50724,25,45,500.0,18556.81,4,16.89,6.96,6.78,1,Monthly,Standard,No,Yes,7.0,0,214166
50603,53,53,3055.05,162172.79,5,11.03,23.54,1.5,5,OneYear,Basic,Yes,Yes,2.0,0,711786
50680,55,37,2345.46,107334.17,3,10.61,3.72,6.97,1,Monthly,Premium,No,No,6.0,0,609944
51170,57,54,3643.96,190195.6,4,12.84,11.34,2.6,3,Monthly,Standard,Yes,No,6.0,0,264336
50307,33,44,2599.63,116682.13,0,9.36,8.64,2.7,5,Monthly,Basic,No,Yes,,0,362321
50290,33,3,1242.49,5311.73,5,10.76,8.83,13.26,4,Monthly,Standard,Yes,Yes,3.0,0,753345
50815,42,4,2577.21,25697.21,7,4.79,2.53,8.24,5,Monthly,Standard,Yes,Yes,6.0,1,440878
50598,28,18,2802.64,46063.48,1,17.83,2.25,5.75,4,OneYear,Premium,No,Yes,8.0,0,872904
50600,53,25,1621.32,27213.05,2,10.9,0.07,0.2,4,OneYear,Premium,No,Yes,7.0,0,883637
50271,24,7,725.99,8103.98,5,1.0,16.63,2.72,5,OneYear,Premium,No,Yes,5.0,1,406996
51004,42,2,1712.52,-4003.84,3,2.76,10.45,1.12,1,OneYear,Standard,Yes,Yes,6.0,0,391349
50552,66,44,1866.5,86950.87,2,7.3,5.71,9.3,2,OneYear,Premium,Yes,Yes,7.0,0,663784
50309,37,17,680.6,9242.88,1,9.84,15.14,8.5,2,Monthly,Standard,No,No,8.0,0,896658
50293,69,12,1104.13,-11780.28,4,16.93,22.18,0.12,3,Monthly,Basic,No,No,10.0,0,696187
50527,65,60,1593.12,110273.51,2,12.27,1.22,3.19,3,OneYear,Standard,No,Yes,8.0,0,261432
50324,52,2,1863.03,87143.06999999999,4,21.59,16.76,2.61,2,Monthly,Basic,Yes,No,3.0,1,216315
50084,32,8,2873.78,12568.99,2,8.22,3.49,0.32,2,OneYear,Standard,No,No,,0,632860
50130,40,26,2068.78,64901.03,3,10.84,,5.64,2,Monthly,Standard,Yes,No,6.0,0,565362
51111,27,21,1833.57,35844.77,2,12.74,5.08,1.45,2,TwoYear,Basic,Yes,Yes,2.0,0,474762
50487,43,47,2076.72,89690.45,7,18.5,14.83,0.15,4,TwoYear,Standard,Yes,Yes,7.0,0,962416
51102,54,35,,58904.34,4,11.38,16.37,7.16,4,Monthly,Standard,No,No,2.0,0,652586
50943,35,7,1605.13,8727.63,2,9.28,11.44,4.34,1,OneYear,Basic,Yes,No,8.0,0,391810
50261,46,37,1317.93,64863.94,3,13.25,3.32,1.93,5,Monthly,Standard,Yes,No,2.0,0,488183
50768,29,42,1682.18,49208.39,5,23.05,7.78,0.59,3,TwoYear,Standard,No,Yes,2.0,0,471871
50951,58,57,1201.73,85818.02,1,15.79,3.08,1.07,5,Monthly,Premium,No,Yes,,0,295670
50907,27,25,1425.07,32263.54,3,4.35,5.12,1.04,3,Monthly,Standard,No,No,2.0,0,438526
51099,43,28,1429.04,,1,11.2,10.04,0.29,4,OneYear,Basic,No,Yes,4.0,0,766779
50139,18,17,2323.02,40016.62,5,20.64,24.74,5.79,1,Monthly,Premium,No,Yes,7.0,0,457869
50954,63,54,2502.6,124697.15,3,13.49,7.82,1.54,1,OneYear,Standard,No,No,,0,738447
50142,64,44,1407.69,42455.53,2,9.47,5.65,0.19,4,Monthly,Premium,No,Yes,7.0,0,510420
50666,48,18,2325.41,50245.56,3,6.94,15.88,5.92,3,Monthly,Basic,No,No,2.0,0,733772
50845,63,29,1055.62,34745.55,1,8.91,6.49,2.53,5,Monthly,Standard,No,Yes,8.0,0,563760
50395,50,11,2030.06,13843.1,3,7.98,1.13,3.34,4,OneYear,Standard,No,Yes,7.0,0,887928
50140,52,43,1309.42,,6,9.65,1.1,10.98,2,Monthly,Basic,No,Yes,4.0,0,982873
50742,33,40,1988.06,103008.61,2,17.66,3.63,0.82,4,OneYear,Standard,Yes,Yes,10.0,0,423638
50866,61,39,1968.65,68887.43,1,9.55,24.49,1.4,3,Monthly,Standard,No,Yes,2.0,0,335329
50225,54,28,1530.61,51348.74,7,6.68,14.77,1.67,2,TwoYear,Premium,No,Yes,1.0,0,176216
50614,66,58,2714.18,146700.46,3,9.76,1.13,2.34,3,TwoYear,Basic,Yes,Yes,9.0,0,153184
50275,57,19,1069.22,25517.04,4,15.77,6.51,1.49,2,Monthly,Basic,Yes,Yes,1.0,0,337909
50356,62,23,1652.74,36132.14,1,18.82,11.94,14.5,2,Monthly,Premium,Yes,No,5.0,0,278989
50888,47,47,1564.17,80836.34,4,11.2,4.69,2.83,2,Monthly,Standard,Yes,No,4.0,0,745362
50594,24,56,1804.07,86460.47,8,16.27,7.42,1.41,4,Monthly,Standard,No,No,10.0,0,122365
50677,27,9,500.0,-5533.28,3,17.56,11.73,4.52,4,Monthly,Premium,No,No,3.0,0,514748
50590,43,49,1942.57,105865.8,2,7.52,0.97,1.2,1,OneYear,Basic,No,Yes,6.0,0,876047
50890,44,37,2844.34,88102.94,3,13.69,2.7,1.42,4,Monthly,Premium,No,Yes,10.0,0,725413
50744,28,33,500.0,10333.94,2,15.22,8.96,7.38,2,OneYear,Basic,Yes,No,10.0,0,794079
51041,43,50,1745.84,110942.34,3,8.25,6.74,1.68,5,Monthly,Premium,No,Yes,10.0,0,396908
50507,29,50,2291.68,130808.57,1,12.59,7.48,3.44,5,OneYear,Basic,Yes,Yes,4.0,0,178812
50597,62,4,2604.11,24476.4,1,16.81,2.44,5.32,4,OneYear,Premium,No,Yes,3.0,0,912901
50310,41,10,1515.29,7193.29,5,1.4,5.24,2.67,5,Monthly,Basic,No,Yes,3.0,0,583626
50667,22,17,1937.18,40557.46,4,2.32,,2.0,2,Monthly,Basic,No,Yes,7.0,0,305069
51075,66,19,1336.51,614.17,3,8.39,19.24,1.26,2,OneYear,Standard,No,Yes,1.0,0,960476
51173,68,14,2345.49,36271.22,3,13.17,6.07,0.96,2,Monthly,Standard,No,Yes,4.0,0,389149
50937,49,20,1101.38,12328.96,1,3.16,6.42,0.48,3,OneYear,Standard,No,Yes,5.0,0,546939
50868,47,55,3038.38,159005.22,0,25.18,10.3,0.44,2,Monthly,Basic,Yes,Yes,2.0,0,900520
50412,59,58,2818.37,187705.9,3,2.86,3.02,6.66,1,TwoYear,Basic,No,No,5.0,0,825606
50040,69,12,1685.23,28341.9,5,12.39,17.5,11.65,1,TwoYear,Premium,No,No,6.0,1,538264
50031,66,52,,-1710.2,2,9.08,28.75,7.39,3,Monthly,Standard,Yes,No,8.0,0,785018
50243,49,3,1344.71,5379.39,0,16.74,14.39,0.94,5,Monthly,Standard,Yes,Yes,10.0,0,641349
50463,61,12,922.66,-9796.91,0,14.05,5.07,0.51,4,Monthly,Basic,No,Yes,2.0,0,963058
50137,44,34,1607.27,44272.52,0,17.19,5.45,1.53,1,Monthly,Premium,Yes,Yes,9.0,0,445174
51009,34,30,816.81,17760.8,4,16.57,11.83,0.55,1,TwoYear,Basic,No,Yes,9.0,0,886024
50959,62,8,1026.25,-1066.98,2,14.79,4.57,1.82,4,Monthly,Standard,No,Yes,10.0,0,513679
50004,32,39,2663.58,94891.28,1,20.44,0.59,1.06,2,Monthly,Basic,No,No,2.0,0,631676
50714,43,37,500.0,14880.39,2,13.44,9.32,1.73,1,OneYear,Premium,Yes,Yes,5.0,0,962840
51110,67,30,2059.77,56509.41,2,5.24,1.62,0.35,3,TwoYear,Standard,Yes,Yes,10.0,0,419109
51053,47,16,2486.6,46970.43,2,10.42,7.81,2.45,2,OneYear,Basic,Yes,Yes,2.0,0,654001
50416,57,19,1225.76,44346.73,3,12.04,36.33,1.45,1,Monthly,Premium,Yes,Yes,3.0,0,527425
50847,68,33,916.98,9454.48,3,1.64,28.44,0.74,4,TwoYear,Standard,No,No,10.0,0,910985
50766,25,31,1456.34,41681.11,3,16.54,15.83,7.47,2,TwoYear,Basic,No,No,9.0,0,630657
50944,45,17,2243.35,44538.82,4,18.32,5.32,0.07,2,Monthly,Standard,No,Yes,6.0,0,236474
50315,66,23,1993.58,30800.77,4,15.97,2.38,1.04,1,TwoYear,Premium,No,Yes,4.0,0,572768
50498,57,7,2897.67,13321.99,4,4.84,18.87,2.56,3,Monthly,Standard,No,No,,0,323617
50320,37,17,1843.88,27951.8,2,7.1,3.02,4.32,3,OneYear,Basic,No,Yes,7.0,0,304383
51189,68,5,1465.0,1469.09,5,11.68,3.23,0.6,1,Monthly,Basic,No,No,,0,736465
50377,47,21,1072.84,35063.78,3,13.53,11.25,12.01,2,TwoYear,Premium,No,Yes,9.0,0,319763
50006,25,36,825.6,39568.36,4,15.63,2.23,1.52,4,Monthly,Basic,No,No,5.0,0,191631
50101,62,46,1667.77,73186.35,2,5.12,10.25,1.49,5,Monthly,Basic,No,No,3.0,0,442523
51046,50,28,1951.42,57505.76,4,10.06,0.88,4.84,2,Monthly,Standard,No,Yes,2.0,0,410605
50788,45,27,2391.92,68793.18,5,18.72,1.94,0.3,3,TwoYear,Premium,Yes,Yes,5.0,0,153387
50630,66,4,2657.59,12284.5,4,7.57,24.22,2.18,2,TwoYear,Basic,No,Yes,3.0,0,638732
50835,40,14,722.23,11113.04,2,4.48,,3.73,3,Monthly,Basic,No,Yes,9.0,0,873804
50050,42,43,2114.46,90023.26,3,11.66,7.54,0.53,2,Monthly,Premium,Yes,Yes,7.0,0,240601
50585,43,39,2008.59,88284.47,3,12.78,21.59,2.4,2,Monthly,Basic,No,No,8.0,0,469135
50333,58,4,1484.01,18827.02,2,4.34,8.88,2.03,4,TwoYear,Basic,No,Yes,6.0,0,102469
50228,66,7,2616.41,-7368.31,2,6.75,8.43,3.85,2,Monthly,Premium,Yes,Yes,3.0,1,783602
50430,24,9,1592.79,33503.56,1,1.32,4.55,1.13,4,TwoYear,Standard,No,No,7.0,1,910584
50544,18,22,1758.78,23631.93,4,10.98,22.89,2.7,4,Monthly,Standard,Yes,Yes,1.0,1,438853
50661,56,49,1668.73,91664.57,3,14.92,3.61,0.89,3,Monthly,Basic,No,Yes,10.0,0,489139
50406,49,24,819.64,27357.87,3,15.52,8.32,0.03,4,Monthly,Premium,No,Yes,4.0,0,811039
50067,67,13,2305.03,18008.64,5,12.61,4.45,15.05,5,TwoYear,Premium,Yes,No,6.0,0,840919
50068,57,40,2244.78,86432.64,4,9.91,7.46,0.42,5,Monthly,Basic,Yes,Yes,9.0,0,517076
50343,24,18,1996.83,45352.39,1,6.57,1.29,1.23,2,TwoYear,Basic,No,No,4.0,0,884448
50212,49,55,1177.18,68704.53,5,15.15,1.33,0.62,2,TwoYear,Standard,No,Yes,5.0,0,256588
50013,41,55,2053.86,107439.08,5,15.44,27.5,0.21,3,Monthly,Standard,Yes,Yes,10.0,0,794584
50694,36,42,2614.46,358577.49,6,17.86,5.03,2.34,3,Monthly,Basic,No,No,5.0,0,453194
50669,40,3,2422.06,-13222.42,3,18.65,2.56,1.02,4,Monthly,Premium,No,Yes,,0,974901
50300,54,34,1195.97,52943.48,4,9.98,3.53,1.6,2,Monthly,Basic,No,Yes,1.0,0,552822
50621,29,56,1404.3,82541.01,2,8.75,0.19,1.41,3,Monthly,Standard,No,Yes,5.0,0,653868
50782,44,12,1460.04,14449.36,5,17.15,0.26,1.28,4,Monthly,Standard,No,No,8.0,0,290644
51094,37,32,1690.92,49805.15,2,5.38,6.31,0.11,1,Monthly,Premium,No,No,10.0,0,724959
50452,39,37,844.18,47204.94,1,7.62,1.42,0.33,3,Monthly,Basic,No,Yes,10.0,0,968284
50863,67,35,1778.9,,0,6.75,5.69,0.29,3,OneYear,Standard,No,Yes,6.0,0,869449
51157,22,30,2084.53,46407.49,1,12.62,0.1,1.67,5,Monthly,Basic,No,No,5.0,0,404347
50821,51,27,1767.82,,5,5.53,6.27,0.46,5,Monthly,Basic,No,Yes,3.0,0,240948
50595,21,30,1985.54,82836.49,2,9.53,13.58,0.95,5,Monthly,Premium,Yes,Yes,1.0,0,841357
50480,47,12,1535.08,16979.62,1,11.76,11.48,0.15,4,TwoYear,Basic,Yes,No,10.0,0,421628
51139,26,42,2128.7,90985.15,1,14.84,4.59,9.19,2,Monthly,Basic,No,Yes,9.0,0,412510
50651,33,5,1990.89,4333.24,2,9.09,1.44,0.49,5,TwoYear,Premium,No,Yes,5.0,0,286234
50941,38,30,1691.55,47312.56,4,8.23,0.98,8.12,4,TwoYear,Standard,Yes,Yes,8.0,0,514415
50274,50,21,3402.08,61970.28,2,12.61,,0.24,1,OneYear,Basic,No,Yes,,0,198756
50969,34,47,516.66,47101.79,4,15.22,0.61,6.28,2,Monthly,Premium,Yes,No,7.0,0,443440
50238,19,8,1919.35,19663.03,5,7.7,7.23,1.81,2,OneYear,Basic,Yes,Yes,8.0,0,169309
50440,68,35,2718.69,108085.83,1,9.58,8.05,2.66,1,OneYear,Basic,No,Yes,6.0,0,850458
50003,46,30,1618.52,36196.52,5,6.8,4.87,0.84,3,Monthly,Basic,Yes,No,1.0,0,590785
50007,38,29,1213.13,32159.97,4,8.86,10.34,3.37,1,TwoYear,Standard,No,Yes,4.0,0,421391
50312,41,56,2444.94,153071.04,4,10.45,3.56,1.79,3,Monthly,Basic,No,Yes,2.0,0,585895
51048,38,47,1293.58,76236.11,4,13.89,1.87,5.1,2,Monthly,Basic,No,Yes,7.0,0,518472
50586,25,20,2332.63,46324.68,1,10.01,2.46,2.79,5,Monthly,Standard,No,No,4.0,0,247935
50534,40,26,,28117.61,2,15.57,8.82,2.55,5,Monthly,Standard,No,No,2.0,0,529914
50632,65,8,1894.88,702.73,3,14.72,12.1,1.7,4,OneYear,Standard,Yes,No,1.0,0,848367
50216,69,10,2295.66,3039.56,4,15.94,3.0,3.23,3,TwoYear,Basic,Yes,No,7.0,0,254944
50454,69,59,2203.73,136017.31,3,7.97,18.42,2.08,2,Monthly,Standard,No,Yes,6.0,0,245244
50028,39,36,2116.77,85844.26,1,21.1,2.71,2.77,5,Monthly,Basic,Yes,Yes,8.0,0,735091
51177,32,20,1547.38,28574.29,6,18.76,19.32,4.78,3,Monthly,Standard,No,Yes,8.0,0,133683
50804,62,10,2837.42,7199.01,5,19.51,4.1,0.57,3,OneYear,Standard,No,Yes,7.0,0,670457
50391,69,29,500.0,22548.89,1,5.44,2.86,1.2,1,Monthly,Premium,No,No,2.0,0,108532
51121,18,60,1818.68,100639.85,4,14.92,42.09,0.03,2,Monthly,Premium,No,Yes,10.0,0,606810
50491,18,7,1116.54,-12610.8,0,10.5,22.56,7.28,5,Monthly,Premium,Yes,Yes,10.0,0,555740
51040,69,41,500.0,5255.1,1,6.66,6.79,8.41,5,Monthly,Standard,No,No,6.0,0,952997
50760,40,5,2039.97,23925.89,1,10.24,4.69,14.46,5,TwoYear,Basic,No,Yes,1.0,1,106826
50555,44,35,2022.23,59874.26,5,12.54,4.97,0.6,4,TwoYear,Standard,No,No,2.0,0,224717
50355,55,12,2189.77,36485.07,6,11.86,20.63,1.22,1,TwoYear,Basic,Yes,No,3.0,0,143316
51069,37,12,1313.47,14705.1,4,21.87,10.68,2.87,3,OneYear,Standard,Yes,No,5.0,0,103449
50975,52,25,2468.57,60326.34,1,9.3,3.72,1.89,2,Monthly,Basic,No,Yes,8.0,0,994325
50257,50,43,2178.08,95008.0,3,10.31,7.79,2.76,2,Monthly,Basic,No,Yes,6.0,0,345371
50292,65,55,1016.96,59992.85,4,15.35,4.76,3.43,3,Monthly,Basic,No,Yes,2.0,0,600013
50026,50,31,1806.5,65516.85,0,16.83,0.99,0.03,5,Monthly,Standard,Yes,Yes,9.0,0,979159
50337,50,45,1252.8,58186.5,4,13.82,9.71,0.23,2,Monthly,Standard,No,Yes,1.0,0,385005
51078,68,36,1104.07,36874.14,3,15.99,0.95,0.08,3,OneYear,Standard,No,No,6.0,0,759576
50048,35,36,1847.25,67556.59,6,8.48,15.3,2.5,2,Monthly,Premium,Yes,No,6.0,0,577293
50319,57,51,966.1,70411.21,4,12.06,7.16,0.42,5,TwoYear,Standard,Yes,Yes,6.0,0,885195
50107,18,54,2479.63,152063.22,3,13.21,12.36,0.32,3,Monthly,Basic,No,Yes,6.0,0,896574
50827,23,54,1031.3,45604.45,2,9.31,0.34,0.52,3,Monthly,Basic,Yes,Yes,8.0,0,226097
50056,37,40,2007.64,85763.13,3,11.8,1.74,1.99,4,TwoYear,Basic,Yes,No,8.0,0,315695
50542,36,4,1839.91,11498.98,2,17.83,4.41,5.36,2,Monthly,Standard,No,Yes,5.0,0,154236
50214,41,3,1632.78,-8506.54,3,25.96,1.95,6.19,4,TwoYear,Standard,No,No,10.0,0,961062
50121,58,10,1912.33,18122.72,2,7.5,34.33,2.26,4,OneYear,Basic,No,Yes,7.0,0,686303
50584,34,25,1439.0,32834.49,3,11.11,1.83,0.44,3,Monthly,Basic,Yes,Yes,9.0,0,644982
50439,29,39,1795.07,83363.09,4,6.85,3.71,0.45,2,Monthly,Premium,No,Yes,3.0,0,519623
50562,50,13,1796.22,28691.92,1,17.64,11.87,0.02,4,Monthly,Standard,No,No,10.0,0,908425
50073,21,40,905.38,28422.67,4,8.69,1.61,3.4,2,Monthly,Basic,No,Yes,4.0,0,152084
50715,36,60,2096.96,107571.34,3,4.78,3.12,2.41,5,Monthly,Standard,No,Yes,10.0,0,139800
50772,45,53,586.21,22916.6,3,22.39,0.85,0.8,4,Monthly,Premium,Yes,No,9.0,0,513136
50523,29,31,2243.07,83088.95,0,12.11,11.99,0.13,2,Monthly,Basic,No,No,4.0,0,637460
51084,68,55,,150405.56,1,25.49,0.43,3.93,5,Monthly,Basic,No,Yes,1.0,0,886927
50925,28,46,1874.75,97058.03,4,9.48,0.27,1.97,3,Monthly,Standard,No,No,8.0,0,714845
50960,44,11,2347.53,25828.81,1,15.16,10.39,0.49,1,OneYear,Standard,No,Yes,2.0,0,149094
50573,61,29,2335.77,59548.73,3,7.83,0.2,0.77,2,Monthly,Standard,Yes,No,3.0,0,627481
50583,40,30,1417.44,33948.78,3,14.89,8.97,0.74,3,Monthly,Basic,No,Yes,9.0,0,992455
50459,54,57,2603.19,128524.89,7,9.5,1.95,1.25,2,OneYear,Basic,Yes,Yes,3.0,0,960022
51137,31,6,1313.03,-7298.06,1,16.39,20.42,2.62,4,Monthly,Standard,Yes,No,3.0,0,551739
50326,46,25,1481.63,55196.76,3,6.23,3.53,0.79,5,OneYear,Basic,Yes,Yes,5.0,0,222511
51003,32,33,2085.55,65428.43,3,12.03,0.48,1.24,5,OneYear,Standard,Yes,No,4.0,0,254737
50980,31,8,1255.72,30863.76,1,4.2,12.68,1.54,5,TwoYear,Standard,Yes,Yes,7.0,0,847830
50317,53,17,1351.65,20736.87,3,17.29,6.09,1.14,2,TwoYear,Premium,No,Yes,4.0,0,283219
51067,23,12,2970.04,38256.76,3,16.41,6.1,1.76,3,OneYear,Standard,Yes,No,3.0,0,880585
50858,25,46,2429.63,119623.26,6,13.18,1.04,2.62,3,Monthly,Premium,No,Yes,8.0,0,446743
50702,24,34,1553.59,51656.67,2,4.58,5.25,0.92,4,Monthly,Basic,No,No,10.0,0,176682
50709,36,5,1089.91,4657.84,0,1.0,8.46,1.47,2,Monthly,Premium,No,Yes,10.0,0,438863
51043,62,8,2176.64,7360.63,6,4.62,,1.74,3,Monthly,Basic,No,Yes,6.0,0,519040
50537,53,44,3038.9,130434.29,3,19.34,0.54,11.44,1,Monthly,Basic,Yes,No,7.0,0,396351
50567,20,59,518.46,31983.34,3,12.37,6.46,6.28,2,Monthly,Premium,No,Yes,10.0,0,707405
50061,25,47,2195.08,124999.54,4,16.32,4.81,7.76,5,Monthly,Basic,No,Yes,9.0,0,766862
50747,52,48,1520.62,74916.77,3,12.4,1.71,2.02,1,Monthly,Standard,Yes,No,7.0,0,175529
50093,64,29,2811.77,88033.99,3,15.18,2.86,1.78,2,OneYear,Standard,No,No,6.0,0,403764
50889,32,16,2090.29,27814.93,2,6.93,0.73,0.59,4,Monthly,Standard,No,Yes,4.0,0,114702
50426,67,26,1398.9,38065.47,1,14.41,8.53,3.82,4,TwoYear,Basic,Yes,No,2.0,0,300879
50352,63,25,2215.4,43288.34,7,4.86,23.23,10.38,2,OneYear,Standard,No,Yes,5.0,0,743933
50967,60,18,1282.84,11118.99,3,12.54,3.56,0.76,5,Monthly,Standard,Yes,No,2.0,0,384024
50281,45,18,2645.47,15400.94,3,8.0,17.76,1.26,2,OneYear,Standard,No,Yes,7.0,1,184970
50678,61,4,1592.61,-16246.99,4,11.64,4.48,0.86,4,Monthly,Standard,Yes,Yes,10.0,0,262182
50431,53,40,1888.51,74746.85,1,15.8,6.74,3.46,3,Monthly,Basic,Yes,No,5.0,0,784360
50360,44,21,500.0,4747.96,5,16.09,9.97,7.86,1,Monthly,Premium,No,Yes,2.0,0,953180
50761,28,43,1217.39,57187.56,2,13.62,,1.27,2,TwoYear,Standard,No,No,2.0,0,456460
50568,18,39,1940.46,65539.01,3,17.97,10.12,4.57,3,OneYear,Basic,No,No,10.0,0,949670
50862,20,17,906.92,8097.32,5,9.4,4.41,0.86,4,Monthly,Basic,Yes,Yes,,0,478928
50546,62,13,2221.73,61098.63,3,14.22,4.64,3.11,2,Monthly,Basic,Yes,No,2.0,0,734548
50514,31,52,2196.94,123617.17,9,11.3,3.17,0.51,1,Monthly,Premium,No,Yes,3.0,0,824383
50775,25,31,2067.08,,3,11.14,18.84,2.32,4,Monthly,Premium,Yes,Yes,4.0,0,855984
50183,45,19,979.18,28328.52,2,17.26,0.32,1.21,2,Monthly,Premium,No,Yes,4.0,0,672551
50997,64,33,1061.23,36210.22,4,16.61,1.44,4.22,4,TwoYear,Standard,No,No,1.0,0,615463
50850,21,15,2145.77,43399.63,1,17.68,1.08,0.57,1,Monthly,Standard,No,Yes,10.0,0,325606
50111,28,54,2860.16,141149.67,3,12.09,1.52,11.4,4,Monthly,Standard,Yes,Yes,7.0,0,389668
50371,21,53,2386.29,116664.77,4,16.97,35.52,4.79,4,OneYear,Basic,No,No,10.0,0,398588
50240,43,57,1938.31,116900.74,3,10.16,0.21,10.94,5,OneYear,Basic,No,No,4.0,0,683710
50733,50,40,2559.14,95698.6,3,8.85,20.78,0.26,2,TwoYear,Standard,Yes,Yes,3.0,0,877877
51164,59,55,1822.8,101841.43,4,11.41,13.46,2.47,3,Monthly,Premium,Yes,No,1.0,0,510223
50615,56,37,1736.18,54463.58,3,15.29,8.73,4.35,3,OneYear,Premium,No,Yes,5.0,0,560298
50205,54,30,1275.57,29876.38,2,14.31,13.68,2.84,4,Monthly,Standard,No,Yes,1.0,0,387523
50856,45,26,3433.91,,2,15.89,9.85,4.14,1,Monthly,Standard,No,Yes,7.0,0,476291
50262,20,54,1756.14,66863.71,5,16.04,9.12,3.14,4,Monthly,Premium,No,Yes,4.0,0,111690
51051,65,11,1633.61,11739.86,5,7.68,4.77,3.22,4,Monthly,Premium,No,No,5.0,0,758405
50672,28,38,1529.47,65246.84,2,9.57,1.15,2.27,4,Monthly,Basic,No,Yes,,0,689469
50340,65,37,2717.81,103174.98,1,5.88,5.3,1.99,5,OneYear,Standard,No,Yes,5.0,0,598511
50740,64,19,1663.97,29373.75,2,10.1,6.04,0.68,1,TwoYear,Premium,No,Yes,3.0,0,289923
50833,55,18,1967.7,28291.83,3,12.53,3.77,0.23,4,OneYear,Premium,Yes,No,2.0,0,976821
50494,51,26,1645.22,55398.48,3,19.19,,3.76,4,Monthly,Standard,No,No,1.0,0,162088
50184,45,32,936.57,26734.62,4,12.49,11.2,11.35,2,Monthly,Standard,No,No,9.0,0,502328
50138,52,27,2325.96,83145.67,0,15.82,0.45,2.58,4,Monthly,Basic,No,No,4.0,0,516925
51180,34,6,872.14,5346.44,6,3.47,22.3,10.94,2,TwoYear,Basic,No,Yes,10.0,1,932481
50731,66,40,1656.55,81067.63,0,12.46,4.3,7.2,4,Monthly,Premium,Yes,Yes,10.0,0,354468
50655,42,23,606.59,13289.08,3,18.43,15.68,0.88,3,Monthly,Standard,No,Yes,4.0,0,653043
50081,31,5,1918.79,24591.3,4,6.75,12.69,2.38,2,OneYear,Basic,No,Yes,9.0,0,772691
50520,63,39,1579.31,33729.79,1,13.47,11.26,0.94,1,Monthly,Basic,No,No,5.0,0,889870
50819,30,50,3123.97,147618.31,4,8.85,9.02,4.21,4,Monthly,Standard,No,Yes,4.0,0,902427
50814,43,22,1300.37,24571.65,4,11.08,4.07,5.42,5,TwoYear,Standard,No,Yes,9.0,0,637276
50030,42,24,2560.11,49968.43,3,15.24,11.49,7.56,1,Monthly,Standard,No,No,4.0,0,304999
50472,64,37,1663.54,57457.62,5,16.25,2.97,0.71,3,Monthly,Premium,Yes,Yes,4.0,0,758219
50166,40,41,2572.83,101876.57,1,10.27,0.44,0.52,2,TwoYear,Basic,No,No,1.0,0,872734
50249,22,34,2155.43,74553.63,1,1.0,1.87,0.96,3,OneYear,Standard,No,Yes,3.0,0,810160
50308,20,24,1015.42,17653.27,4,6.62,7.63,0.8,1,Monthly,Premium,Yes,Yes,4.0,0,736778
50789,65,49,3088.15,170836.01,4,8.34,52.35,2.62,4,Monthly,Standard,No,No,2.0,0,570043
50483,36,26,2430.12,67300.03,2,13.66,,5.33,2,Monthly,Premium,No,Yes,5.0,0,456989
50347,65,41,1391.65,55948.84,1,8.33,2.55,2.86,5,Monthly,Basic,No,No,3.0,0,790956
50335,50,58,1997.78,107223.59,7,16.86,4.06,0.32,2,TwoYear,Standard,No,Yes,3.0,0,672842
50286,47,20,1677.98,45061.33,4,9.68,1.73,1.35,1,Monthly,Standard,Yes,Yes,7.0,0,503613
50985,41,41,1688.28,60097.36,4,8.06,9.32,2.64,4,Monthly,Basic,Yes,Yes,3.0,0,517519
50098,58,11,2202.83,,6,15.54,5.58,0.01,5,OneYear,Basic,No,Yes,10.0,0,116049
50971,53,38,2034.67,78652.67,3,23.03,17.64,1.22,5,TwoYear,Standard,Yes,Yes,,0,648239
51056,48,58,1978.9,124483.39,1,1.0,2.77,1.01,1,OneYear,Premium,No,Yes,4.0,0,335325
50946,39,20,1707.24,33873.83,3,8.08,4.34,0.35,5,OneYear,Premium,No,No,6.0,0,661837
50623,30,24,1336.1,41115.41,1,22.01,24.68,3.28,4,Monthly,Standard,No,Yes,2.0,0,812152
50705,21,15,3273.64,54184.73,4,11.13,36.76,8.86,4,Monthly,Basic,No,No,3.0,0,189643
50635,30,54,2636.27,150698.93,1,4.92,3.52,1.66,1,Monthly,Basic,Yes,Yes,2.0,0,837200
50830,22,26,1551.51,44471.5,4,10.56,3.84,2.4,2,Monthly,Standard,No,No,5.0,0,789087
50839,27,36,1928.31,67230.15,4,17.82,1.95,7.02,5,TwoYear,Standard,Yes,Yes,3.0,0,698730
50713,27,6,1620.39,11276.34,3,2.14,11.54,3.57,2,Monthly,Basic,No,Yes,7.0,0,247245
50066,53,26,2198.97,73814.19,2,7.11,0.12,3.84,3,Monthly,Premium,Yes,Yes,10.0,0,298735
50658,53,35,2570.42,90083.21,3,14.38,1.49,1.67,5,OneYear,Basic,Yes,No,8.0,0,689059
50769,41,10,2658.48,40472.99,3,13.63,0.2,1.01,1,Monthly,Basic,No,Yes,7.0,0,338995
50589,27,30,1284.94,37713.18,4,9.11,6.63,1.04,2,TwoYear,Standard,No,Yes,7.0,0,407200
51103,28,29,3331.35,98827.71,1,10.92,16.33,8.69,3,OneYear,Basic,No,Yes,5.0,0,323764
51118,57,28,1828.97,41235.78,5,13.66,3.62,0.05,1,Monthly,Premium,No,No,6.0,0,282526
50303,58,35,1187.63,38258.47,4,18.3,0.31,3.64,5,TwoYear,Standard,Yes,Yes,2.0,0,415817
50255,65,56,1998.31,103061.5,1,9.21,0.21,0.32,2,TwoYear,Standard,No,Yes,5.0,0,568554
50994,40,22,1228.52,23421.92,2,16.83,7.68,3.29,4,TwoYear,Standard,No,Yes,,0,224945
50966,47,30,1845.69,52015.81,2,12.46,13.49,2.18,3,OneYear,Basic,No,Yes,5.0,0,325969
50313,69,59,2787.4,151522.0,1,15.05,,4.91,1,Monthly,Basic,No,No,,0,218254
50549,41,16,2613.35,16653.55,3,17.2,0.94,6.53,1,OneYear,Standard,Yes,Yes,9.0,0,258024
50222,19,33,1821.89,72188.69,2,10.73,4.25,5.64,4,TwoYear,Basic,No,Yes,2.0,0,108095
50478,67,18,1763.85,32646.6,4,10.5,3.14,1.23,2,Monthly,Standard,No,No,7.0,0,979269
50389,52,51,3410.29,159100.51,4,12.81,3.67,7.98,1,TwoYear,Standard,No,Yes,9.0,0,848409
50236,18,23,2719.15,81631.26,5,6.24,2.57,4.28,5,Monthly,Standard,Yes,Yes,,0,226394
50840,36,59,973.79,57826.81,4,16.63,0.58,7.13,1,Monthly,Basic,Yes,No,10.0,0,310906
50718,62,28,2227.8,70216.73,5,7.29,4.82,1.94,5,Monthly,Basic,Yes,Yes,8.0,0,563440
50737,62,33,2064.15,58610.29,6,9.2,9.74,3.99,5,Monthly,Basic,No,No,1.0,0,815947
50306,65,22,1944.97,43320.46,2,9.8,9.08,1.71,5,Monthly,Basic,Yes,Yes,5.0,0,954087
51162,42,14,1381.6,25993.14,2,5.73,0.52,3.1,2,Monthly,Standard,No,Yes,9.0,0,918304
50850,21,15,2145.77,43399.63,1,17.68,1.08,0.57,1,Monthly,Standard,No,Yes,10.0,0,235032
50797,22,45,526.48,,4,1.0,7.4,3.91,4,Monthly,Standard,No,Yes,10.0,0,810914
50950,22,48,2642.18,123552.25,1,19.64,17.28,1.62,1,OneYear,Basic,No,Yes,10.0,0,303665
51158,36,23,694.27,22032.11,4,4.71,7.2,3.07,2,Monthly,Premium,No,No,3.0,0,366726
50250,69,35,,45996.08,0,12.98,11.94,0.36,2,Monthly,Basic,Yes,No,3.0,0,325650
50886,51,29,1611.2,42817.67,3,5.66,11.23,1.33,4,Monthly,Standard,Yes,Yes,4.0,0,321760
50616,49,37,500.0,11944.89,4,10.02,1.93,5.5,3,OneYear,Standard,No,Yes,7.0,0,191964
50072,59,47,1079.93,60474.91,0,17.61,8.32,5.62,2,Monthly,Basic,No,Yes,1.0,0,142769
50095,43,40,3430.03,153848.42,2,9.72,12.65,1.89,2,Monthly,Basic,No,No,3.0,0,741249
50576,29,57,1882.4,113764.11,1,12.96,2.57,1.02,1,Monthly,Premium,Yes,Yes,7.0,0,774717
50034,45,29,2082.37,72335.21,4,12.06,1.74,18.34,5,OneYear,Standard,Yes,Yes,3.0,0,374072
50794,23,34,2803.4,110373.2,2,9.17,10.36,4.32,1,Monthly,Standard,No,Yes,3.0,0,692408
50449,68,34,1209.72,52561.58,2,10.93,,6.42,2,TwoYear,Basic,No,No,9.0,0,178191
50446,49,51,2360.66,124875.36,3,10.55,15.25,0.65,1,TwoYear,Basic,No,Yes,9.0,0,580581
50853,57,11,1679.7,10914.03,3,8.51,18.94,0.8,2,Monthly,Premium,No,Yes,10.0,0,516975
50728,20,58,931.96,46413.51,1,22.5,4.31,0.11,2,Monthly,Standard,Yes,No,9.0,0,676602
50984,31,24,1335.4,40554.12,2,15.21,14.32,0.59,5,TwoYear,Premium,Yes,No,8.0,0,938203
50078,51,36,1587.52,49473.72,2,1.0,4.19,5.64,4,Monthly,Standard,Yes,Yes,3.0,0,467678
50085,25,42,500.0,12777.53,3,13.12,,0.89,4,OneYear,Standard,No,Yes,4.0,0,372040
50559,67,59,1858.34,114206.81,4,12.53,1.5,7.33,1,Monthly,Standard,No,No,5.0,0,172406
50083,65,37,2562.77,109435.3,3,9.75,7.09,6.31,3,OneYear,Basic,No,No,3.0,0,986084
50458,60,10,1983.16,16081.13,6,16.51,22.77,1.17,5,Monthly,Standard,No,Yes,2.0,0,246601
50762,29,45,500.0,,4,14.9,14.25,1.59,1,Monthly,Basic,Yes,Yes,4.0,0,925995
50437,33,42,1362.65,57247.74,4,16.47,10.97,1.7,4,Monthly,Premium,Yes,Yes,3.0,1,768089
50610,52,24,2045.55,46469.34,1,11.61,10.5,0.43,3,Monthly,Standard,Yes,Yes,5.0,0,960563
50923,33,15,1666.27,19556.73,3,14.34,3.46,0.81,4,Monthly,Standard,No,Yes,4.0,0,352007
50405,67,47,1982.46,71431.34,3,16.83,4.79,0.25,1,TwoYear,Premium,No,No,2.0,0,651577
51064,53,11,1674.26,11468.35,0,23.05,0.35,0.73,5,TwoYear,Standard,No,Yes,2.0,0,117716
50629,34,52,1727.88,108256.21,3,5.97,5.0,0.51,2,Monthly,Basic,Yes,Yes,5.0,0,304974
50671,60,35,2261.57,75912.9,3,5.3,12.85,2.85,5,OneYear,Standard,No,Yes,4.0,0,632783
50105,26,46,1190.6,38827.78,4,23.85,10.07,4.47,5,OneYear,Standard,No,No,7.0,0,342863
51135,61,34,2240.04,,2,5.38,11.31,1.6,5,Monthly,Basic,Yes,Yes,10.0,0,425515
50627,58,25,737.09,10747.24,2,7.0,0.92,1.16,4,OneYear,Premium,No,Yes,1.0,0,529307
50063,52,46,620.65,25694.59,0,1.0,16.77,1.22,4,OneYear,Standard,Yes,Yes,10.0,0,488176
50282,42,2,1578.34,6271.57,4,9.51,1.45,2.86,1,OneYear,Premium,No,No,2.0,0,484112
50875,54,47,1790.57,82093.4,3,9.6,1.04,0.72,3,OneYear,Premium,No,No,4.0,0,857191
50239,61,54,1642.4,76835.76,6,10.38,,2.71,4,TwoYear,Standard,No,Yes,7.0,0,541410
50224,66,55,1798.91,82579.83,5,14.38,4.28,1.06,1,Monthly,Standard,Yes,Yes,4.0,0,370239
50146,22,24,1252.59,35107.53,2,2.45,,1.11,2,TwoYear,Basic,Yes,Yes,8.0,0,645336
51138,28,39,1041.07,58953.13,3,13.76,8.55,6.05,5,Monthly,Premium,No,No,1.0,0,789474
50374,34,45,1701.97,85002.89,3,9.45,22.14,2.47,5,OneYear,Basic,Yes,No,2.0,1,750774
50119,59,53,3092.64,164960.78,1,7.89,0.55,0.83,1,Monthly,Premium,Yes,Yes,2.0,0,661076
50831,48,56,1734.6,92653.44,0,12.92,10.78,0.39,2,Monthly,Premium,No,Yes,8.0,0,110031
50251,51,32,538.31,214.55,2,21.59,4.54,0.36,2,Monthly,Standard,No,No,4.0,0,139212
51176,40,25,1516.21,33841.03,0,11.15,11.35,0.97,1,Monthly,Standard,No,Yes,8.0,0,510142
50010,40,33,2655.75,73260.37,2,13.39,1.72,2.07,5,Monthly,Standard,Yes,Yes,8.0,0,834818
50450,42,12,,26148.28,4,1.0,9.09,9.41,1,OneYear,Standard,No,Yes,2.0,0,972933
50906,34,49,1321.23,67425.17,3,21.16,9.08,1.34,2,Monthly,Standard,No,Yes,5.0,0,624495
50390,50,26,2552.8,80348.86,2,19.48,0.37,3.68,2,TwoYear,Standard,Yes,Yes,1.0,0,324895
51184,31,57,2110.72,122434.66,3,17.03,0.17,2.47,3,Monthly,Standard,No,Yes,3.0,0,855735
50934,20,60,1857.76,99018.34,2,16.39,0.31,9.77,2,OneYear,Basic,No,No,5.0,0,249392
50461,25,49,2639.05,131126.72,2,10.83,0.16,1.89,2,Monthly,Standard,No,Yes,4.0,0,664569
50821,51,27,1767.82,,5,5.53,6.27,0.46,5,Monthly,Basic,No,Yes,3.0,0,667441
50145,18,54,1967.63,101627.65,3,10.03,15.28,1.78,4,Monthly,Basic,Yes,Yes,6.0,0,793763
50502,56,7,1008.28,11042.75,3,12.83,37.0,0.69,1,Monthly,Standard,No,Yes,4.0,0,459462
50424,43,34,1274.37,50054.22,5,10.08,6.08,9.56,5,Monthly,Premium,No,No,10.0,0,650978
50540,48,56,1851.64,80120.28,4,3.38,19.74,1.88,3,Monthly,Standard,Yes,Yes,9.0,0,467148
50178,45,30,2290.96,61294.17,0,20.33,3.32,4.73,2,Monthly,Standard,No,Yes,6.0,0,144572
51178,50,2,500.0,3269.33,4,1.0,0.12,1.02,4,Monthly,Basic,Yes,Yes,2.0,0,176810
50723,45,40,1492.29,33719.8,4,4.92,1.7,2.78,3,TwoYear,Standard,No,Yes,8.0,0,892510
50722,37,50,1670.95,88748.18,3,12.04,7.14,1.8,3,Monthly,Basic,No,Yes,4.0,0,906311
50241,49,47,3525.41,153250.26,5,9.89,11.1,1.19,4,OneYear,Standard,Yes,Yes,4.0,0,934640
50008,56,38,2164.47,95853.16,3,18.43,0.57,0.17,4,Monthly,Basic,No,No,4.0,0,885709
50736,61,45,3711.61,172562.31,2,15.68,6.04,2.99,5,Monthly,Premium,Yes,Yes,7.0,0,763867
50873,40,32,1712.77,62109.87,0,1.0,15.78,1.4,1,Monthly,Premium,No,No,3.0,1,880343
50358,25,42,903.09,38302.39,2,7.89,9.52,0.16,2,Monthly,Basic,No,No,9.0,0,216513
50330,19,22,,26638.92,2,11.92,2.34,12.26,4,OneYear,Standard,No,Yes,10.0,0,322104
50729,30,3,1173.97,2702.57,3,11.79,0.6,0.91,2,TwoYear,Premium,No,Yes,6.0,0,127941
50860,43,29,2589.15,68500.38,3,10.66,5.25,0.62,5,Monthly,Basic,No,Yes,6.0,0,731695
50259,23,4,1123.44,-20611.53,3,18.14,2.98,3.33,1,Monthly,Premium,No,Yes,5.0,0,345139
50900,68,58,2570.81,135406.86,5,7.27,10.05,0.86,5,Monthly,Basic,No,No,9.0,0,560894
50924,48,27,1416.09,48971.17,5,9.28,1.46,1.17,3,OneYear,Premium,No,No,3.0,0,159727
51192,20,12,2318.41,87768.51,10,9.45,22.09,2.95,3,Monthly,Basic,No,No,8.0,0,361731
50622,66,46,1512.5,64220.27,2,10.37,0.42,12.13,2,Monthly,Basic,Yes,No,9.0,0,587403
50859,56,34,3172.48,115492.39,2,2.08,13.29,2.01,2,Monthly,Standard,No,No,8.0,0,236832
50526,43,44,3664.23,170896.7,6,8.38,3.87,11.62,2,TwoYear,Standard,Yes,Yes,1.0,0,837853
50843,31,12,1646.59,20921.03,1,16.74,0.94,5.01,1,Monthly,Standard,Yes,Yes,3.0,0,151866
50979,39,41,1608.92,80516.9,4,15.06,7.95,2.2,5,Monthly,Premium,No,Yes,10.0,0,395151
51175,50,39,2787.74,80204.5,3,15.13,12.57,5.16,2,TwoYear,Premium,No,Yes,5.0,0,393619
51160,43,44,928.62,64083.04,5,13.85,8.89,5.49,5,Monthly,Standard,No,No,5.0,0,267216
50441,40,3,2581.13,-7996.8,1,11.98,0.15,0.67,2,Monthly,Basic,No,No,8.0,0,712382
50532,47,43,1219.69,51549.66,4,5.51,2.29,0.32,3,TwoYear,Premium,No,Yes,,0,409589
50995,63,28,1934.05,61454.43,4,14.72,6.11,2.37,5,Monthly,Basic,No,Yes,6.0,0,793252
50229,19,29,2197.91,46931.26,1,7.45,,0.93,2,Monthly,Basic,No,Yes,,0,650621
51091,36,19,2031.05,,4,7.87,34.62,12.1,1,TwoYear,Standard,No,Yes,8.0,0,237791
50213,49,39,1307.0,38879.18,1,20.82,0.55,0.59,1,TwoYear,Basic,No,Yes,1.0,0,135931
50080,53,4,1379.32,-7704.25,3,19.18,2.06,0.66,1,Monthly,Standard,No,Yes,1.0,1,281652
50149,56,52,2167.05,116485.29,5,14.32,3.61,4.24,1,Monthly,Basic,Yes,No,4.0,0,445627
50738,49,6,1673.66,-16794.01,4,9.7,2.41,5.89,1,TwoYear,Basic,No,Yes,9.0,0,484405
50732,42,34,1804.81,60587.45,4,10.1,2.92,3.14,2,Monthly,Standard,Yes,No,1.0,0,256497
50611,65,4,1587.44,-12287.84,4,10.62,0.35,0.23,4,Monthly,Basic,Yes,No,7.0,0,965747
50134,61,7,892.54,9569.28,5,15.32,,5.44,5,TwoYear,Standard,No,No,1.0,1,813227
50808,35,28,1498.89,33663.1,0,21.93,,3.97,5,Monthly,Standard,No,Yes,8.0,0,677792
50409,40,5,1439.75,23217.59,6,6.51,0.33,13.37,4,TwoYear,Basic,No,Yes,6.0,0,969771
50696,65,15,2249.35,44052.04,3,18.45,1.78,0.32,5,TwoYear,Basic,No,Yes,10.0,0,130985
50508,43,59,1867.72,113582.02,4,3.64,1.33,8.48,2,OneYear,Basic,Yes,No,10.0,0,568523
50909,37,12,2160.53,10156.61,4,7.46,3.28,4.7,2,OneYear,Premium,No,No,3.0,0,806150
50505,46,48,1972.95,71684.6,2,9.98,2.67,9.55,3,Monthly,Standard,No,No,1.0,0,310790
50851,18,32,2473.0,76234.85,2,13.8,3.99,0.9,4,Monthly,Standard,Yes,Yes,,0,621272
50348,29,38,1827.01,54821.1,2,5.0,0.02,11.34,5,Monthly,Basic,No,Yes,8.0,0,303080
50387,63,53,,107287.4,6,19.53,2.49,7.73,1,Monthly,Premium,Yes,No,3.0,0,803129
50001,56,33,500.0,7721.84,2,12.8,4.63,3.8,5,OneYear,Standard,Yes,Yes,7.0,0,225640
50361,51,27,,73422.09,0,13.98,,0.28,2,Monthly,Standard,No,Yes,1.0,0,627056
51153,47,26,1870.36,30370.3,5,12.51,7.11,2.31,4,Monthly,Standard,No,Yes,3.0,0,629190
50476,33,8,2773.35,34138.9,3,16.97,8.92,1.87,5,Monthly,Standard,Yes,No,8.0,0,626700
50803,67,7,1109.25,15840.07,2,9.93,3.37,3.06,5,OneYear,Standard,No,No,8.0,0,498458
50779,54,14,612.03,8739.38,4,12.51,7.89,3.32,2,Monthly,Standard,Yes,Yes,5.0,0,836425
50173,30,49,1389.41,85085.1,7,8.85,9.87,5.0,2,Monthly,Standard,No,Yes,6.0,0,549135
50451,39,19,2136.04,46861.74,3,8.49,6.63,1.26,5,Monthly,Standard,Yes,Yes,9.0,0,286922
50126,29,41,1844.58,90600.94,2,17.89,7.25,11.63,5,TwoYear,Standard,No,No,4.0,0,677334
50662,62,59,1140.2,77064.13,7,10.66,24.23,0.32,1,OneYear,Basic,Yes,No,8.0,0,824002
50531,50,37,1742.15,84891.78,1,4.96,14.49,0.46,4,Monthly,Basic,No,Yes,7.0,0,710546
50091,62,54,990.28,144864.63,4,13.78,1.93,0.52,5,Monthly,Standard,Yes,Yes,1.0,0,860232
51181,50,17,1414.5,25564.7,1,8.86,12.46,1.35,3,TwoYear,Basic,No,Yes,8.0,0,461627
50182,23,56,3282.5,187238.38,3,17.9,27.93,1.68,3,Monthly,Standard,No,Yes,5.0,0,135389
51182,64,59,1081.65,55002.43,3,11.8,1.12,2.76,5,TwoYear,Standard,No,No,3.0,0,747333
50415,34,20,1482.07,49248.72,3,9.79,10.51,0.3,2,Monthly,Standard,No,No,8.0,0,703324
50252,23,24,,39536.62,2,10.23,1.71,1.28,1,Monthly,Standard,Yes,Yes,7.0,0,904656
50070,19,25,1617.02,28280.36,2,6.71,8.43,3.56,3,OneYear,Standard,No,No,7.0,0,565404
50132,54,38,2080.83,60633.43,3,21.72,6.89,2.94,3,TwoYear,Standard,No,Yes,4.0,0,448453
50301,49,53,500.0,24284.98,3,4.57,2.85,0.23,1,Monthly,Basic,No,Yes,3.0,0,219028
50842,38,52,1975.32,114771.58,4,10.19,11.3,7.82,1,Monthly,Premium,No,No,8.0,0,873969
50327,35,39,1238.26,65051.11,1,16.28,5.75,2.88,3,TwoYear,Basic,No,Yes,2.0,0,551048
51194,68,36,2095.86,77023.16,5,16.72,4.45,3.18,2,Monthly,Standard,No,No,1.0,0,737168
50500,18,15,,13189.99,6,3.92,7.01,2.02,2,OneYear,Standard,Yes,Yes,8.0,0,870931
50963,64,8,1965.61,23265.44,4,15.02,3.48,8.6,4,Monthly,Premium,No,Yes,8.0,0,894786
51071,28,25,2175.96,52222.46,3,11.06,4.08,1.64,5,TwoYear,Basic,Yes,No,10.0,0,878074
50496,65,22,1154.02,16254.18,5,12.06,0.25,6.93,2,Monthly,Standard,Yes,No,3.0,0,840425
50339,38,23,2224.99,,4,10.21,18.99,0.65,2,TwoYear,Premium,Yes,Yes,2.0,0,919537
50999,35,40,1942.31,94711.37,3,9.84,5.59,2.42,1,Monthly,Standard,No,No,2.0,0,865815
50165,54,20,2483.47,70129.55,2,5.46,22.22,4.96,2,Monthly,Standard,No,Yes,4.0,0,449204
50029,61,45,1706.49,77192.17,1,11.58,22.53,0.68,2,Monthly,Basic,Yes,Yes,2.0,0,847245
50517,64,18,1856.0,10778.71,3,13.93,2.06,4.08,5,OneYear,Basic,No,Yes,8.0,0,896470
50194,18,18,1856.89,35635.06,2,11.95,6.28,2.38,3,TwoYear,Basic,No,Yes,5.0,0,427940
50784,26,2,2312.85,21779.2,1,14.16,9.28,4.26,1,Monthly,Standard,Yes,Yes,9.0,0,577115
51117,30,4,1913.92,7105.35,1,2.05,1.56,10.99,2,Monthly,Basic,No,Yes,7.0,0,781608
50170,60,22,2194.34,53705.9,3,12.71,12.62,4.24,1,TwoYear,Standard,No,Yes,7.0,0,608864
50171,46,28,1029.45,,1,13.91,2.63,4.15,4,Monthly,Premium,Yes,Yes,3.0,0,700216
50174,49,7,1661.73,19808.15,3,14.87,1.15,1.72,4,Monthly,Standard,Yes,Yes,8.0,0,470209
50519,47,42,1234.11,37602.13,2,19.1,7.46,1.59,2,OneYear,Basic,No,No,5.0,0,464478
50953,43,22,1805.57,33172.54,2,1.0,7.61,7.53,2,OneYear,Premium,No,No,6.0,0,374243
51114,27,24,667.85,18098.9,2,11.92,5.18,6.07,1,OneYear,Premium,Yes,Yes,5.0,0,242267
50492,18,17,1175.28,14425.99,6,5.82,6.47,4.17,5,Monthly,Standard,Yes,Yes,9.0,0,201721
50074,46,60,649.38,48228.03,1,9.43,11.11,9.24,1,Monthly,Premium,No,Yes,2.0,0,665538
51028,39,49,1267.01,41226.38,5,19.14,1.0,10.29,2,TwoYear,Basic,Yes,No,7.0,0,974808
50588,43,1,985.77,-7808.95,1,12.76,,3.42,4,Monthly,Basic,Yes,Yes,1.0,0,214153
50235,50,24,1074.4,21112.71,2,6.1,7.52,4.67,5,Monthly,Standard,No,Yes,10.0,0,774276
50215,58,32,1861.03,60748.24,3,12.46,1.09,4.07,3,Monthly,Premium,No,Yes,4.0,0,111624
51195,25,45,1876.63,80442.98,4,9.01,8.06,5.49,5,Monthly,Standard,Yes,Yes,5.0,0,747348
50133,52,2,2149.75,1720.57,2,8.2,,0.23,3,TwoYear,Basic,Yes,No,6.0,0,636092
50802,47,30,2345.7,38398.91,3,12.41,4.12,7.63,1,OneYear,Premium,Yes,Yes,2.0,0,448535
50757,18,38,1901.41,69656.05,1,13.19,2.81,1.55,5,Monthly,Standard,Yes,No,9.0,0,298402
50975,52,25,2468.57,60326.34,1,9.3,3.72,1.89,2,Monthly,Basic,No,Yes,8.0,0,554146
50186,61,29,3162.58,99409.06,2,14.0,3.68,1.17,1,Monthly,Basic,No,Yes,7.0,0,335417
50042,54,2,1157.99,8796.27,4,7.83,4.02,6.14,5,Monthly,Standard,No,Yes,4.0,1,859990
50109,25,57,,20786.91,6,11.82,13.69,9.66,5,OneYear,Basic,Yes,No,10.0,0,788586
50880,68,27,1210.08,,1,16.09,4.53,2.85,2,TwoYear,Standard,Yes,Yes,8.0,0,575464
50569,50,46,2053.8,99293.51,3,5.3,18.19,0.05,5,Monthly,Basic,No,Yes,8.0,1,852185
51006,45,33,1811.82,63087.08,3,9.11,8.48,4.59,1,Monthly,Standard,No,Yes,6.0,0,959022
51033,66,6,579.31,34132.07,3,9.41,0.63,1.47,4,TwoYear,Standard,Yes,Yes,9.0,0,399812
51174,55,56,1596.6,59427.53,3,17.82,3.53,0.1,5,Monthly,Standard,Yes,Yes,7.0,0,339831
50484,45,41,2344.68,,4,5.33,1.87,1.32,4,Monthly,Basic,No,Yes,7.0,0,884751
50469,49,21,500.0,14483.31,5,17.16,3.67,0.87,3,TwoYear,Basic,No,Yes,7.0,0,943112
50025,38,13,1387.87,-1019.32,3,17.28,8.68,1.69,4,TwoYear,Basic,No,Yes,6.0,0,230752
50683,30,41,2099.82,95456.7,4,13.68,4.35,3.87,4,TwoYear,Basic,No,Yes,2.0,0,780077
51161,21,14,1302.94,35046.0,2,9.05,32.16,1.67,1,Monthly,Standard,Yes,Yes,5.0,0,927908
50778,45,2,1278.65,14775.19,2,14.85,0.68,2.77,3,Monthly,Premium,Yes,No,2.0,0,633697
51031,25,3,1185.06,2.63,2,10.38,1.85,5.68,3,OneYear,Premium,No,Yes,6.0,0,518656
50367,50,34,861.61,30474.56,3,19.23,0.19,3.31,2,TwoYear,Standard,No,Yes,4.0,0,804956
50870,34,29,1996.08,29443.43,2,17.81,9.09,0.17,2,Monthly,Basic,No,Yes,,0,990407
51120,37,20,1393.2,33066.02,2,13.58,39.89,1.38,3,Monthly,Basic,No,Yes,8.0,0,710603
50384,41,43,2204.54,93998.46,3,1.0,3.26,1.35,5,OneYear,Basic,Yes,No,9.0,0,998202
50455,59,59,3103.26,171329.44,2,10.92,9.32,4.73,5,OneYear,Premium,Yes,Yes,9.0,0,562294
50265,36,31,1542.94,47836.58,1,8.99,2.01,0.42,5,Monthly,Standard,No,Yes,1.0,0,621819
50786,37,13,2701.13,28375.6,5,11.72,15.59,0.33,3,OneYear,Standard,No,Yes,1.0,0,668324
51016,30,2,3272.66,1756.14,4,18.69,0.75,0.03,5,OneYear,Basic,Yes,No,1.0,0,506610
50445,19,44,500.0,7528.0,1,13.67,4.75,7.29,5,Monthly,Premium,No,Yes,5.0,0,454741
50396,20,36,2430.16,88990.15,4,8.34,13.68,1.48,4,Monthly,Basic,No,No,7.0,0,901586
51121,18,60,1818.68,100639.85,4,14.92,42.09,0.03,2,Monthly,Premium,No,Yes,10.0,0,176202
50177,39,13,1364.73,15520.96,4,8.14,23.89,9.13,5,Monthly,Standard,Yes,No,4.0,1,732402
50019,19,5,1833.87,30795.33,6,11.41,1.45,3.43,5,OneYear,Standard,Yes,Yes,4.0,0,324571
51063,54,14,1522.92,38431.61,3,11.56,0.04,2.25,2,TwoYear,Standard,No,Yes,10.0,0,916055
50844,26,7,2659.4,12569.67,5,15.37,14.58,5.29,2,TwoYear,Premium,No,Yes,3.0,0,953315
50596,67,50,1768.48,71612.03,2,13.42,11.46,0.28,3,Monthly,Standard,Yes,Yes,1.0,0,217037
50062,64,26,2048.89,53750.26,4,11.92,6.93,5.25,1,Monthly,Standard,No,No,6.0,0,209267
50273,58,23,2149.67,45413.61,2,20.63,4.13,0.04,4,OneYear,Standard,No,Yes,6.0,0,798035
51145,57,3,1242.68,7638.13,3,13.25,1.44,0.62,3,Monthly,Basic,No,Yes,4.0,1,208043
50279,18,29,1445.02,40320.67,2,13.03,5.31,2.38,1,Monthly,Basic,Yes,Yes,3.0,0,763497
51025,64,42,2552.62,116150.54,3,2.6,3.76,4.63,2,Monthly,Premium,No,Yes,3.0,0,834493
50695,25,9,1985.61,15269.64,3,5.72,,1.47,2,Monthly,Standard,No,No,4.0,0,102496
50369,65,45,2012.89,73515.9,6,4.14,8.5,4.49,2,OneYear,Standard,No,No,4.0,0,284605
50919,28,17,1225.83,28800.5,4,15.14,23.96,3.57,5,Monthly,Standard,No,No,8.0,0,454404
50849,30,47,1842.78,74376.63,2,11.59,18.52,2.97,5,OneYear,Basic,No,No,7.0,0,196441
50891,68,59,2616.06,163483.46,3,10.84,12.17,1.89,2,OneYear,Premium,Yes,Yes,10.0,0,295283
51005,54,33,500.0,16121.85,2,1.78,3.19,9.22,3,Monthly,Standard,Yes,Yes,5.0,0,871603
50799,42,48,515.04,32578.02,3,6.29,6.53,1.52,5,Monthly,Basic,Yes,Yes,10.0,0,244391
50548,33,33,1442.69,55537.61,4,15.01,7.53,0.15,5,Monthly,Premium,No,No,7.0,0,409494
50912,51,44,1384.31,51495.84,4,13.73,12.76,9.14,2,Monthly,Basic,Yes,Yes,9.0,0,989092
50689,19,9,1858.19,13395.88,4,10.63,12.8,0.35,5,TwoYear,Basic,No,No,5.0,0,667540
50933,49,24,1674.55,48936.17,6,11.29,3.1,4.71,1,Monthly,Premium,Yes,Yes,1.0,0,906418
50457,32,17,1555.27,,2,16.97,11.65,3.23,1,Monthly,Standard,No,Yes,5.0,0,744862
50394,40,40,2236.48,97194.91,4,9.48,2.56,2.76,4,Monthly,Basic,Yes,No,10.0,0,395645
50676,26,25,1864.31,40694.57,4,6.13,7.13,2.65,5,TwoYear,Standard,Yes,No,8.0,0,899529
50945,59,44,721.44,27942.39,3,13.31,3.36,1.41,3,OneYear,Basic,No,No,8.0,0,319979
51000,55,32,1600.72,32157.28,3,22.93,2.53,2.01,2,Monthly,Standard,No,No,3.0,0,608045
50376,45,26,2314.11,67581.47,4,7.75,10.12,5.2,4,OneYear,Standard,Yes,No,8.0,0,154711
50413,19,36,785.1,39864.74,3,1.66,9.64,2.03,5,Monthly,Standard,No,Yes,6.0,0,862343
50075,35,43,1180.39,64095.52,2,9.72,3.31,2.15,1,Monthly,Basic,No,Yes,3.0,0,473277
51141,29,51,1692.32,83496.39,7,20.13,13.63,2.39,1,OneYear,Standard,Yes,Yes,,0,560713
50894,55,19,2502.5,59223.39,4,6.1,19.95,7.75,3,TwoYear,Standard,No,Yes,10.0,0,276779
50501,33,53,1871.15,94618.15,1,13.86,8.9,1.83,3,Monthly,Premium,Yes,No,7.0,0,898609
50938,67,46,1265.6,66736.66,3,26.96,2.56,2.4,1,OneYear,Basic,Yes,Yes,10.0,0,474244
50617,41,43,1451.15,77054.12,2,19.96,4.54,4.93,4,Monthly,Basic,No,No,2.0,0,321996
50115,52,15,1706.01,4620.75,3,16.26,11.54,8.37,5,TwoYear,Standard,No,No,9.0,0,744426
50418,26,52,500.0,20094.28,1,9.24,16.63,2.67,3,OneYear,Standard,Yes,Yes,7.0,0,166920
50602,38,1,1613.16,4271.06,2,6.25,1.78,0.71,5,OneYear,Standard,No,Yes,8.0,0,405490
50605,54,15,1236.24,10733.6,4,15.21,4.64,0.77,4,TwoYear,Standard,No,Yes,,0,986090
50090,33,9,1786.05,8185.22,4,18.22,1.81,2.92,1,Monthly,Premium,No,Yes,6.0,0,602606
51168,25,45,3188.37,,1,16.48,17.61,1.57,5,Monthly,Premium,No,No,2.0,0,213195
50499,62,14,1431.75,36475.49,3,5.57,12.7,2.08,3,Monthly,Standard,No,Yes,9.0,0,238375
50908,34,24,2399.63,35679.36,3,11.39,18.4,0.57,1,Monthly,Premium,Yes,Yes,8.0,0,731256
50915,30,8,2209.15,,5,4.77,1.94,3.36,2,TwoYear,Basic,Yes,Yes,2.0,0,785752
50913,23,16,2287.97,50342.83,2,8.85,5.79,5.21,3,OneYear,Standard,Yes,Yes,9.0,0,354409
50012,28,27,1737.33,53863.74,2,7.02,13.26,1.05,4,OneYear,Standard,No,No,1.0,0,289684
50397,35,49,1364.34,80789.21,4,25.61,44.47,2.01,1,OneYear,Premium,Yes,No,6.0,0,619989
51123,26,50,1740.58,93743.78,3,4.46,10.36,11.82,5,Monthly,Basic,No,No,2.0,0,655997
50556,37,42,1777.66,66081.02,5,25.03,,0.84,3,TwoYear,Premium,No,No,9.0,1,814080
50043,68,27,1778.38,32426.82,4,3.41,3.73,0.01,4,Monthly,Standard,Yes,Yes,9.0,0,779951
50168,62,20,1426.1,40487.05,3,2.82,3.76,1.2,4,Monthly,Basic,No,Yes,8.0,0,244371
50417,50,35,1227.97,64204.22,3,16.73,2.55,8.66,5,OneYear,Basic,No,Yes,5.0,0,397302
50577,48,16,2487.8,43359.04,3,11.2,2.55,0.57,1,OneYear,Basic,No,Yes,1.0,0,139299
50268,36,18,1360.45,21593.33,6,9.5,11.81,2.01,5,Monthly,Basic,No,Yes,7.0,0,176805
51061,48,60,500.0,44684.52,3,8.83,13.46,0.93,4,Monthly,Standard,No,Yes,2.0,0,666035
50427,42,2,1926.78,,1,17.42,8.21,2.86,5,OneYear,Standard,Yes,Yes,4.0,0,935822
50691,46,25,1286.35,42384.86,4,8.55,19.96,2.71,4,Monthly,Premium,No,Yes,2.0,0,209419
50545,22,25,1360.06,29787.16,2,10.55,2.49,0.93,3,TwoYear,Basic,Yes,Yes,7.0,0,804581
51142,52,58,1188.95,235945.16999999998,12,13.18,2.75,0.01,2,Monthly,Standard,No,No,6.0,0,873043
50675,29,47,1162.51,48610.54,5,13.94,11.13,6.39,1,TwoYear,Basic,Yes,Yes,1.0,0,803472
50690,22,3,1473.03,13001.03,4,9.71,4.54,0.39,4,Monthly,Basic,Yes,Yes,1.0,0,936349
51074,23,58,1344.99,,4,9.6,14.62,6.71,5,TwoYear,Standard,No,No,7.0,0,105191
51196,59,23,2536.77,46198.44,4,7.66,15.52,8.67,1,OneYear,Standard,Yes,Yes,6.0,0,715716
51019,21,26,2479.66,85255.72,2,12.1,0.9,0.12,5,Monthly,Standard,Yes,Yes,7.0,0,738911
50972,18,32,1136.76,38205.39,5,12.4,7.51,0.7,5,Monthly,Standard,Yes,Yes,4.0,0,788526
50258,26,16,902.25,19776.45,2,8.86,8.67,9.72,1,OneYear,Premium,Yes,Yes,7.0,0,975571
50336,21,29,1304.5,44176.57,5,16.36,24.46,1.19,3,OneYear,Standard,No,Yes,2.0,0,524325
50016,41,22,2065.81,24806.55,3,8.78,3.71,0.39,2,TwoYear,Basic,No,No,5.0,0,153269
50935,44,58,1687.04,105272.17,2,15.95,19.99,1.67,3,Monthly,Standard,Yes,No,2.0,0,402838
50325,42,45,1965.87,91686.69,4,4.37,9.02,1.3,2,TwoYear,Standard,No,No,2.0,0,253499
50608,52,49,2012.94,92488.07,1,7.88,,0.7,2,Monthly,Standard,Yes,Yes,4.0,0,561465
51073,32,51,,69447.17,2,19.27,13.29,10.86,2,Monthly,Basic,No,Yes,8.0,0,107279
50817,44,32,659.78,26434.88,2,16.77,2.95,2.01,1,OneYear,Standard,No,Yes,5.0,0,821333
50223,20,23,1975.91,31699.56,1,9.71,5.14,4.27,2,OneYear,Premium,Yes,No,5.0,0,299965
50180,59,51,1875.98,104872.58,3,15.5,5.65,3.12,2,TwoYear,Standard,No,Yes,7.0,0,301346
50100,32,1,2074.46,-3862.91,2,14.04,,0.34,3,OneYear,Standard,No,Yes,8.0,0,560894
50758,20,60,1369.66,74616.1,2,7.8,6.3,3.4,2,OneYear,Premium,No,Yes,5.0,0,258713
50522,22,14,1420.72,,2,18.96,19.77,0.22,4,TwoYear,Basic,No,No,2.0,0,892599
50023,55,54,1667.0,96839.97,3,13.68,7.88,4.54,2,OneYear,Standard,Yes,No,5.0,0,940408
50357,68,53,1383.66,56865.31,0,15.31,6.83,0.33,1,OneYear,Standard,Yes,No,10.0,0,396579
50734,55,27,,22068.56,4,20.19,3.77,0.44,1,OneYear,Premium,No,No,10.0,0,749069
51156,54,48,1385.41,73421.37,2,18.21,1.52,5.28,5,TwoYear,Premium,Yes,No,3.0,0,389808
50766,25,31,1456.34,41681.11,3,16.54,15.83,7.47,2,TwoYear,Basic,No,No,9.0,0,759943
50612,53,12,500.0,2382.03,4,10.19,0.09,14.55,2,OneYear,Premium,Yes,Yes,1.0,1,163734
51038,54,31,500.0,42840.82,2,11.02,16.0,0.72,4,Monthly,Standard,Yes,No,8.0,0,826245
50341,37,11,923.19,16651.96,2,17.88,4.93,4.61,5,Monthly,Basic,Yes,No,9.0,0,209655
50432,62,17,1318.44,14576.45,5,7.8,16.74,0.73,3,TwoYear,Premium,No,No,4.0,0,652261
50809,49,60,1834.7,125778.44,3,4.23,4.3,2.17,4,TwoYear,Standard,Yes,Yes,6.0,0,514528
50218,66,19,679.29,,2,19.51,7.11,0.91,3,Monthly,Standard,Yes,Yes,2.0,0,394935
50204,26,50,2658.94,120727.76,0,4.89,2.68,2.51,2,Monthly,Basic,No,Yes,3.0,0,463227
50939,68,15,2411.04,49040.29,5,20.73,0.54,0.47,3,Monthly,Premium,No,Yes,9.0,0,574773
51171,31,60,1236.42,67726.58,3,15.38,6.63,0.13,3,TwoYear,Standard,No,Yes,9.0,0,197143
50094,41,14,523.15,5482.3,2,11.41,11.06,7.47,2,Monthly,Premium,No,Yes,5.0,1,447511
50826,65,10,2086.48,15152.95,2,9.55,3.27,1.19,2,Monthly,Basic,No,Yes,4.0,0,586242
50069,21,18,2702.83,35245.24,5,7.88,6.53,0.15,1,TwoYear,Premium,No,Yes,10.0,0,788688
50928,21,7,2226.03,26589.96,2,10.07,2.18,2.69,1,OneYear,Standard,Yes,Yes,2.0,0,804629
50285,48,5,1779.08,33238.93,1,13.09,8.57,2.42,3,Monthly,Standard,Yes,Yes,10.0,0,130278
50697,62,40,2257.3,95892.52,2,10.41,4.43,4.86,5,TwoYear,Basic,No,Yes,3.0,1,215950
50086,31,49,1321.91,62954.7,1,2.27,7.28,4.18,4,Monthly,Basic,No,Yes,10.0,0,657365
50435,25,43,2941.65,,1,8.64,11.21,0.03,2,TwoYear,Basic,Yes,Yes,5.0,0,137861
50869,47,29,1546.77,52933.79,3,17.77,13.38,0.57,2,Monthly,Standard,No,Yes,7.0,0,238308
50154,43,49,2936.38,137973.15,3,13.98,17.65,5.71,2,Monthly,Standard,Yes,Yes,2.0,0,921039
50076,43,12,2886.79,57857.99,3,13.69,9.9,7.35,3,Monthly,Basic,No,Yes,7.0,0,855573
51062,57,42,1144.6,33975.02,5,2.47,,1.11,1,OneYear,Basic,Yes,No,5.0,0,303758
50581,67,57,1614.12,90303.06,3,20.2,10.38,1.05,5,Monthly,Standard,No,No,1.0,0,755501
50447,40,30,1497.74,40159.84,4,7.81,11.96,2.85,5,Monthly,Basic,Yes,Yes,8.0,0,200637
50704,62,60,1961.01,109507.11,4,18.73,13.61,4.35,4,Monthly,Standard,No,No,10.0,0,148577
50189,28,29,1867.5,64126.12,0,15.91,7.04,0.48,2,Monthly,Standard,Yes,Yes,1.0,0,432188
50272,69,33,2438.7,69474.64,2,11.1,15.66,1.05,5,Monthly,Standard,No,No,,0,948982
50237,36,59,1835.38,95050.85,3,22.56,10.09,1.29,1,OneYear,Premium,Yes,Yes,6.0,0,924537
50488,40,32,1398.59,,3,15.34,10.13,1.52,1,Monthly,Basic,No,No,1.0,0,775389
51179,42,39,2086.32,72634.4,1,22.26,13.25,0.65,1,TwoYear,Standard,Yes,No,5.0,0,870129
50560,52,55,2416.9,,2,8.81,4.44,0.79,4,Monthly,Basic,No,Yes,1.0,0,973486
50118,22,9,2185.73,4240.08,3,6.91,14.52,0.25,5,Monthly,Basic,No,Yes,8.0,0,460146
50638,53,45,2166.99,111276.89,4,6.91,6.92,5.54,4,TwoYear,Basic,No,No,5.0,0,954058
50524,33,24,1485.3,43827.41,3,13.58,2.07,0.73,5,Monthly,Basic,No,Yes,6.0,0,792625
50751,64,45,2381.94,105569.89,3,12.43,13.61,3.81,3,OneYear,Premium,Yes,Yes,9.0,0,515165
50513,46,30,1022.72,13565.06,1,15.55,14.43,2.75,1,Monthly,Premium,No,Yes,6.0,0,978050
50634,39,29,1246.95,38511.8,3,12.74,4.86,12.88,1,Monthly,Premium,Yes,No,8.0,0,213332
50812,28,37,,92332.75,1,23.27,6.34,2.86,3,Monthly,Standard,Yes,Yes,2.0,0,467763
51035,36,6,732.28,-5845.98,2,11.05,2.33,0.17,3,Monthly,Basic,Yes,No,8.0,0,673467
51054,28,4,1280.44,-5921.11,2,18.87,8.27,0.17,1,Monthly,Basic,No,Yes,4.0,0,179374
50127,51,35,2130.37,88841.99,5,18.56,8.27,9.64,1,Monthly,Basic,No,Yes,3.0,1,488343
50791,30,17,1139.3,15785.02,2,22.6,9.71,1.23,3,TwoYear,Premium,No,Yes,5.0,0,571301
50117,50,47,1121.56,64094.69,2,9.74,3.46,3.19,5,TwoYear,Standard,No,Yes,7.0,0,585341
50474,57,16,2081.24,35842.38,3,6.43,1.58,4.46,5,Monthly,Premium,No,Yes,3.0,1,964549
50741,38,16,1179.65,22907.19,1,9.98,14.24,1.11,2,TwoYear,Premium,No,No,7.0,0,259770
51030,64,11,1696.24,22855.92,1,13.15,4.21,0.37,1,Monthly,Standard,Yes,No,1.0,0,570718
50058,64,6,1623.33,-2277.24,5,6.72,12.01,0.41,2,TwoYear,Standard,No,No,2.0,0,654083
50604,27,46,1956.77,100652.15,4,15.72,3.35,0.2,2,Monthly,Standard,No,No,8.0,0,534100
50787,30,46,2129.68,121843.77,4,10.11,0.48,0.22,3,OneYear,Basic,No,Yes,8.0,0,623809
51007,27,41,790.96,45256.98,3,17.28,2.62,3.24,4,Monthly,Standard,Yes,Yes,6.0,0,798828
50657,38,9,1898.58,-2701.18,4,12.71,4.07,0.25,5,Monthly,Basic,Yes,Yes,9.0,0,386946
50936,46,3,1303.3,-11885.34,2,11.89,1.2,2.16,1,Monthly,Standard,No,Yes,10.0,0,797972
51113,40,58,1503.36,78118.8,2,12.44,2.04,3.54,2,Monthly,Standard,No,No,9.0,0,688525
50106,41,36,1111.01,40926.02,3,18.98,3.38,8.8,5,Monthly,Standard,Yes,Yes,9.0,0,257079
50636,36,53,1015.03,36250.08,3,8.79,23.51,2.78,3,OneYear,Basic,Yes,Yes,2.0,0,845231
50370,36,57,1986.13,126470.08,3,6.74,12.97,2.3,3,OneYear,Standard,No,No,5.0,0,323402
50269,37,7,1810.98,19263.41,4,9.42,,0.45,5,Monthly,Basic,No,Yes,6.0,0,864870
50656,69,49,500.0,30318.54,3,11.71,4.13,0.28,1,Monthly,Premium,Yes,No,7.0,0,208473
50820,50,4,1476.53,-6436.79,2,8.47,3.34,3.84,4,OneYear,Basic,Yes,No,10.0,0,990916
50823,52,12,1803.84,17712.26,0,6.6,17.19,0.6,3,OneYear,Basic,No,Yes,6.0,0,876086
50047,56,36,1485.76,61090.53,2,19.18,3.62,3.51,3,Monthly,Standard,No,No,2.0,0,632009
50350,39,17,3059.49,63210.12,3,11.85,10.42,0.72,5,TwoYear,Standard,Yes,No,8.0,0,843941
50774,43,39,2331.26,86723.64,3,9.48,2.94,0.02,5,Monthly,Standard,Yes,No,2.0,0,125692
50196,69,14,1585.25,911.5,8,17.15,21.53,4.33,2,Monthly,Basic,Yes,Yes,6.0,0,109527
50103,42,21,1776.42,31219.9,1,26.72,1.99,0.97,5,Monthly,Standard,No,Yes,7.0,0,869839
50005,60,27,2254.25,75473.15,5,13.23,12.82,2.47,5,Monthly,Premium,No,Yes,3.0,0,481424
50620,54,39,1212.08,39891.85,5,12.35,0.99,3.19,3,OneYear,Premium,No,Yes,7.0,0,178709
50572,60,49,2175.72,94876.26,4,2.83,24.37,0.49,1,OneYear,Standard,Yes,Yes,4.0,0,455212
50053,26,20,1037.28,12195.77,4,8.13,11.97,4.71,4,OneYear,Basic,Yes,Yes,2.0,0,826708
50264,53,14,1512.35,33835.5,5,8.13,21.17,0.05,2,OneYear,Premium,Yes,No,7.0,0,496530
51112,22,31,2032.29,49208.55,2,11.14,16.45,8.45,4,Monthly,Premium,No,Yes,5.0,0,597656
50444,51,44,2277.42,87942.97,1,1.93,4.08,0.36,5,Monthly,Standard,No,Yes,3.0,1,226478
51008,56,13,1653.38,22588.24,3,15.94,6.77,2.19,2,Monthly,Basic,No,No,8.0,0,228609
50783,34,39,500.0,35944.92,2,10.56,1.15,5.42,5,Monthly,Premium,No,Yes,2.0,0,777095
50838,27,12,500.0,5021.73,2,12.45,0.14,0.27,1,Monthly,Basic,Yes,Yes,5.0,0,579906
50986,19,17,2461.48,45290.76,0,7.11,0.17,3.28,1,OneYear,Premium,Yes,Yes,3.0,0,135229
50692,54,34,1825.24,231227.37,10,14.34,4.78,1.27,5,OneYear,Basic,Yes,Yes,3.0,0,336548
50305,36,58,1999.42,121920.51,1,12.44,16.33,2.14,2,Monthly,Standard,No,Yes,10.0,0,346740
50342,25,6,1448.28,25990.26,4,9.08,6.69,1.99,4,Monthly,Standard,No,Yes,1.0,0,812972
50899,59,1,2466.37,19283.52,4,16.4,18.0,0.44,2,Monthly,Standard,No,No,6.0,0,453409
50314,28,46,2650.14,113641.62,6,11.8,9.6,0.53,1,Monthly,Premium,No,No,,0,636519
50150,44,6,1285.56,9989.31,2,15.05,2.36,2.36,1,Monthly,Premium,No,Yes,1.0,0,915628
50125,25,26,1394.73,54245.86,6,9.49,11.98,1.79,4,Monthly,Premium,No,Yes,3.0,0,247801
51082,25,55,1541.29,71357.61,3,10.67,8.04,0.81,1,OneYear,Standard,No,No,7.0,0,709726
50575,30,44,946.62,37323.5,4,8.02,18.09,1.66,3,Monthly,Standard,Yes,Yes,2.0,0,105220
50698,18,25,3681.27,98108.26,3,15.0,11.27,7.4,3,Monthly,Premium,No,Yes,9.0,0,728985
50665,31,50,1495.34,81560.25,3,6.03,1.56,3.09,3,Monthly,Premium,No,Yes,9.0,0,961626
50051,31,27,1046.34,33701.31,3,11.59,3.62,1.47,1,Monthly,Standard,Yes,No,7.0,0,434803
50727,18,51,2116.42,95000.84,2,18.76,1.02,0.94,2,Monthly,Standard,No,Yes,2.0,0,983324
50800,19,6,2619.87,30120.149999999998,8,12.3,6.88,0.71,5,Monthly,Premium,No,Yes,8.0,0,615951
50834,20,50,2432.75,120362.64,3,12.75,1.22,4.09,1,OneYear,Basic,No,Yes,3.0,0,972572
50354,55,58,2051.45,110735.29,5,15.34,2.35,6.86,2,Monthly,Basic,Yes,Yes,9.0,0,363480
51172,49,47,2470.52,114484.07,4,11.81,1.02,2.65,4,Monthly,Standard,Yes,Yes,5.0,0,820590
50143,31,59,3073.7,180031.13,5,13.04,0.21,4.15,3,OneYear,Premium,Yes,Yes,,0,630276
50471,47,23,2523.07,63176.21,3,14.22,14.27,2.31,1,Monthly,Basic,No,Yes,7.0,0,829652
50654,29,47,1905.1,93120.18,0,10.81,1.57,3.83,1,Monthly,Standard,No,No,3.0,0,232181
50400,48,40,1786.26,75239.25,3,14.46,7.7,1.62,1,Monthly,Standard,No,No,8.0,0,760810
50931,42,44,2818.51,135030.27,3,14.18,0.2,0.01,1,Monthly,Premium,Yes,Yes,8.0,0,209266
50949,18,38,642.96,25342.89,3,20.0,10.06,1.4,3,TwoYear,Standard,No,Yes,5.0,0,733721
50321,52,14,1862.05,41541.5,4,15.7,0.43,0.21,2,OneYear,Standard,Yes,Yes,4.0,0,245205
50020,41,59,1318.72,82401.66,3,12.08,32.16,1.62,3,TwoYear,Premium,No,Yes,2.0,0,617184
50685,59,3,2431.73,-7213.23,5,10.94,3.44,2.61,2,OneYear,Basic,Yes,Yes,6.0,0,466223
50036,32,5,2250.99,10364.41,7,18.8,2.22,5.54,1,Monthly,Standard,Yes,Yes,6.0,0,863341
50825,38,17,1728.51,47337.9,4,9.88,3.32,1.83,2,OneYear,Basic,Yes,Yes,,0,712583
50506,20,8,1861.13,,0,12.01,8.18,0.91,1,OneYear,Basic,No,Yes,6.0,0,205312
50828,45,1,1546.73,-1150.22,5,14.33,7.3,0.55,1,Monthly,Basic,No,Yes,5.0,0,842416
51090,21,18,515.0,27154.59,6,16.2,,1.17,5,TwoYear,Standard,Yes,No,8.0,0,637288
50408,39,22,2812.55,70178.73,3,9.91,12.66,1.58,2,TwoYear,Basic,Yes,No,8.0,0,929871
50818,66,36,2690.74,83044.26,2,15.95,17.27,0.9,2,TwoYear,Basic,No,Yes,1.0,0,318811
50867,22,15,1986.12,6605.8,1,12.21,1.59,0.09,3,Monthly,Basic,Yes,Yes,1.0,0,527060
50538,51,39,1075.94,54614.8,4,11.85,4.11,1.71,3,Monthly,Premium,No,Yes,1.0,0,745222
50759,33,7,1304.2,-17094.18,1,13.1,2.03,4.33,2,TwoYear,Basic,No,No,7.0,0,430400
51088,23,18,1634.26,22909.33,3,15.85,0.94,7.82,5,Monthly,Premium,No,Yes,1.0,0,819655
50926,33,50,1705.66,105544.41,1,4.4,3.9,2.72,4,Monthly,Premium,No,No,3.0,0,987517
50039,61,4,2551.16,5133.04,3,16.37,5.69,0.31,3,Monthly,Premium,Yes,Yes,1.0,0,278884
50176,68,32,1823.42,78892.72,4,11.08,7.45,2.49,4,Monthly,Standard,Yes,Yes,3.0,0,689786
50246,34,28,1844.77,56753.15,3,18.37,16.51,1.87,2,TwoYear,Basic,No,Yes,8.0,0,387004
50811,66,30,811.13,40494.0,2,11.58,,3.84,2,OneYear,Standard,No,No,4.0,0,214481
51104,53,54,500.0,43688.79,4,17.72,6.92,0.02,3,TwoYear,Standard,No,No,9.0,0,923797
50998,62,10,2540.94,15308.85,4,9.6,2.16,4.89,1,Monthly,Standard,No,No,6.0,0,653119
50785,50,32,,94335.76,2,11.43,1.91,1.16,1,Monthly,Standard,No,Yes,10.0,0,485555
50059,24,8,2038.42,18625.85,6,17.38,2.08,0.82,2,OneYear,Premium,Yes,No,5.0,0,414716
50490,29,16,1885.05,27389.93,6,17.89,9.46,1.01,1,TwoYear,Standard,Yes,Yes,6.0,0,651385
50155,59,29,724.14,21189.65,1,10.44,8.42,2.44,3,Monthly,Standard,Yes,Yes,10.0,0,566427
50639,29,46,1443.56,70380.01,4,16.3,2.11,3.13,3,Monthly,Basic,No,No,5.0,0,944236
50663,59,42,1644.7,79459.67,2,12.83,23.4,2.79,3,TwoYear,Basic,Yes,Yes,8.0,0,267776
50854,49,58,1024.28,60247.67,1,17.69,5.65,2.66,3,Monthly,Premium,No,No,10.0,0,511337
50288,52,42,1789.36,85212.16,4,14.34,23.43,6.35,5,Monthly,Standard,No,No,1.0,1,891226
50626,52,34,2679.94,92484.46,2,14.71,0.56,5.98,2,OneYear,Premium,No,Yes,8.0,0,433758
51146,39,45,2037.3,106178.47,2,1.0,0.34,0.88,3,Monthly,Standard,No,No,8.0,0,498906
50686,26,59,1950.12,112196.76,4,14.71,20.38,0.42,4,Monthly,Premium,Yes,Yes,5.0,0,207304
51036,59,9,,10080.37,3,11.57,2.98,2.12,1,Monthly,Standard,No,No,7.0,0,885562
50905,27,35,1173.96,53721.93,2,13.41,12.28,1.82,3,Monthly,Standard,No,Yes,6.0,0,863898
50570,57,52,2757.9,149030.35,3,10.4,18.56,5.09,2,TwoYear,Basic,No,Yes,6.0,0,206390
51163,62,2,731.61,-17069.31,4,13.98,18.66,0.58,1,Monthly,Premium,Yes,Yes,1.0,1,182754
50735,23,13,2136.1,33582.69,0,8.1,11.35,0.51,5,Monthly,Standard,No,No,5.0,0,592427
50793,52,31,1613.96,51855.33,4,1.0,7.53,1.05,2,OneYear,Standard,No,No,10.0,0,693938
50018,39,10,1414.34,16886.28,3,8.85,4.68,11.05,5,TwoYear,Standard,No,No,3.0,0,167975
50128,50,52,1897.45,110831.55,6,16.32,11.33,1.2,1,Monthly,Standard,Yes,No,2.0,0,816399
50323,42,40,1639.71,63081.03,3,13.71,8.21,6.85,4,Monthly,Basic,No,Yes,8.0,0,476816
50256,33,46,1244.7,48874.46,4,10.44,0.16,5.74,5,Monthly,Basic,No,No,5.0,0,390682
50978,64,38,2587.91,84688.39,1,9.77,,9.64,3,OneYear,Premium,No,Yes,3.0,0,783066
51199,64,11,2283.17,11752.59,2,16.15,1.49,1.98,5,TwoYear,Standard,Yes,No,5.0,0,786169
50191,42,16,1106.52,-1680.15,4,11.9,19.28,1.55,1,Monthly,Standard,No,Yes,2.0,0,418950
50116,52,21,1688.54,33922.91,3,7.45,0.82,1.14,5,OneYear,Premium,No,Yes,5.0,0,172916
51193,24,56,1133.47,67304.51,9,13.44,13.0,5.09,2,Monthly,Basic,No,Yes,9.0,0,392432
50922,40,8,657.21,504.16,1,9.21,12.44,5.23,2,Monthly,Standard,Yes,Yes,4.0,0,504013
50607,41,15,1989.68,30521.27,4,13.09,7.09,4.89,1,TwoYear,Basic,No,Yes,5.0,0,971610
50181,62,59,2123.84,104692.94,7,2.62,0.72,8.0,1,Monthly,Basic,No,No,2.0,0,591018
50302,26,44,1488.54,171351.96,8,1.75,1.92,3.76,1,TwoYear,Standard,No,Yes,1.0,0,982707
50497,42,58,1587.32,87486.18,2,20.19,10.29,1.13,2,TwoYear,Basic,No,Yes,9.0,0,379402
50349,68,34,2818.93,83989.76,4,1.24,4.3,0.35,2,Monthly,Standard,No,Yes,3.0,0,316965
51055,47,6,500.0,-21305.02,2,16.03,10.02,0.56,2,Monthly,Basic,No,No,4.0,0,646947
51020,27,46,2921.58,142827.14,1,10.0,3.39,5.65,5,Monthly,Standard,Yes,No,1.0,0,720572
50745,54,59,1787.01,91665.69,4,8.73,0.06,2.57,4,OneYear,Premium,No,Yes,10.0,0,458672
51101,55,51,2389.07,99689.98,1,12.28,8.79,1.26,2,OneYear,Standard,No,No,1.0,0,650691
50991,24,15,2898.15,27902.06,1,10.9,0.3,9.54,4,Monthly,Standard,No,No,,0,854751
50518,66,59,2043.53,115842.9,4,7.95,3.95,2.25,3,Monthly,Basic,No,No,6.0,0,467985
50373,66,10,2649.61,14336.33,3,11.36,7.32,1.13,3,OneYear,Premium,No,Yes,7.0,0,565837
50046,26,51,2015.33,114032.78,3,10.87,,0.82,2,Monthly,Premium,No,No,2.0,0,862692
50477,30,25,1022.01,29014.12,3,8.19,2.32,4.47,1,TwoYear,Standard,No,No,10.0,0,463095
50158,49,26,620.28,31611.76,1,13.57,5.1,1.33,3,OneYear,Standard,No,No,8.0,0,230205
51066,48,54,1242.1,52932.01,2,22.95,0.97,0.27,5,Monthly,Basic,No,No,6.0,0,643819
50172,53,40,1302.09,54564.94,1,18.83,6.51,2.14,3,TwoYear,Basic,Yes,Yes,9.0,0,821351
50017,20,2,1571.18,-4038.74,1,15.49,,0.2,1,Monthly,Premium,Yes,Yes,3.0,0,814819
50512,39,31,1156.57,36070.29,1,15.08,2.47,1.34,4,TwoYear,Standard,No,Yes,9.0,0,966817
50049,21,26,1938.3,21700.41,4,6.73,11.3,0.24,3,TwoYear,Basic,Yes,Yes,2.0,0,257224
50192,56,40,2240.59,65197.21,6,10.76,2.9,6.25,1,TwoYear,Standard,Yes,Yes,5.0,0,302824
50547,21,18,1303.68,8666.95,4,16.08,12.72,12.8,2,OneYear,Basic,No,Yes,,1,571882
50516,22,35,3490.35,121866.49,2,15.0,22.66,0.79,2,Monthly,Basic,Yes,Yes,8.0,0,716429
51014,42,22,2137.77,60733.11,4,11.95,20.96,6.21,1,OneYear,Premium,No,Yes,,1,530578
51079,19,45,2075.29,90828.02,2,4.88,6.66,5.21,3,OneYear,Premium,No,No,,0,560117
50829,34,22,537.35,-1770.26,3,12.4,15.44,3.25,3,Monthly,Basic,No,Yes,1.0,1,498494
51097,64,59,1802.66,107326.57,2,12.33,2.81,0.61,2,Monthly,Standard,No,No,3.0,0,838185
50481,36,15,500.0,,3,8.37,3.19,2.81,4,TwoYear,Standard,No,No,4.0,0,892236
51148,25,40,703.56,21430.25,3,10.97,12.92,1.34,2,OneYear,Basic,No,Yes,1.0,0,348618
50284,40,47,2333.54,100496.42,0,24.02,6.88,4.2,1,TwoYear,Basic,No,No,1.0,0,338538
51049,23,59,1884.53,101561.4,3,24.3,2.93,2.29,5,Monthly,Basic,No,Yes,7.0,0,657430
50798,64,35,,43456.22,2,11.32,3.94,4.13,4,Monthly,Standard,No,No,6.0,0,851639
50974,66,45,1810.77,95412.83,2,18.18,53.48,2.94,2,TwoYear,Standard,No,Yes,4.0,0,286854
50226,66,32,2124.78,68101.44,2,17.11,2.09,0.62,3,Monthly,Standard,No,Yes,8.0,0,992819
50027,29,47,1897.54,100829.09,8,15.6,6.48,7.83,1,OneYear,Basic,No,Yes,8.0,0,208369
50283,67,1,2415.05,1866.65,1,20.72,1.3,5.92,2,TwoYear,Standard,No,Yes,8.0,0,620155
51169,56,41,2184.46,83356.73,1,16.63,17.01,20.29,5,TwoYear,Basic,Yes,Yes,9.0,0,859104
50438,31,25,2379.5,44166.1,2,15.21,1.83,10.46,2,Monthly,Basic,Yes,No,7.0,0,588218
51187,68,35,2685.94,119252.0,1,9.11,34.69,1.55,1,TwoYear,Standard,No,No,,0,848210
50365,45,27,1947.33,63697.16,3,8.22,4.17,0.7,1,Monthly,Standard,No,Yes,7.0,0,127634
50230,19,8,2219.72,17929.71,2,15.8,17.67,5.15,4,Monthly,Standard,Yes,No,4.0,0,506385
50038,68,47,1344.5,74281.47,3,8.72,2.1,0.79,2,OneYear,Premium,No,Yes,2.0,0,221118
50670,46,32,1431.27,27157.68,3,11.4,7.28,3.26,4,Monthly,Standard,No,No,5.0,0,142491
50750,35,43,500.0,27489.03,4,15.62,4.99,2.32,2,Monthly,Standard,No,No,10.0,0,895480
51200,46,10,500.0,26242.01,2,7.47,0.0,3.63,2,Monthly,Basic,No,No,4.0,0,970838
50375,61,17,,22863.17,2,14.43,1.46,2.29,4,OneYear,Standard,Yes,Yes,2.0,0,118211
50470,69,17,1919.21,42216.7,3,4.96,4.3,1.19,4,OneYear,Premium,No,Yes,7.0,0,508313
50883,51,44,1968.33,92908.8,0,7.18,0.03,2.96,4,Monthly,Standard,No,Yes,4.0,0,398389
51044,23,8,1770.82,1213.88,2,17.29,10.94,2.2,2,Monthly,Standard,Yes,Yes,5.0,1,819904
51179,42,39,2086.32,72634.4,1,22.26,13.25,0.65,1,TwoYear,Standard,Yes,No,5.0,0,351594
50688,44,29,1345.47,26914.61,3,12.01,2.22,5.0,3,TwoYear,Standard,No,No,4.0,0,750580
50033,59,15,1190.21,30836.4,3,21.92,2.69,6.22,5,Monthly,Standard,No,Yes,8.0,0,436802
50640,58,10,2344.27,29843.53,1,16.05,0.38,1.55,4,Monthly,Standard,No,Yes,1.0,0,541445
51058,26,26,853.99,20336.9,5,16.72,4.61,3.36,3,Monthly,Standard,No,No,7.0,0,619135
50195,44,1,2908.43,-2840.19,2,6.33,0.84,0.07,1,TwoYear,Standard,No,Yes,7.0,1,355965
51125,26,51,1126.96,56258.33,4,14.14,0.25,0.53,1,Monthly,Standard,No,Yes,7.0,0,536066
51133,66,2,2232.94,-2613.03,2,15.28,6.75,5.63,3,TwoYear,Basic,No,Yes,2.0,0,266942
50987,62,12,1641.62,38121.19,4,9.47,3.28,3.74,3,Monthly,Basic,No,No,10.0,0,848865
50504,39,51,1081.35,50586.03,3,13.22,8.8,1.8,3,Monthly,Standard,Yes,Yes,4.0,0,121823
50916,60,60,2114.76,133399.49,2,9.67,8.54,1.71,4,TwoYear,Basic,Yes,Yes,7.0,0,205909
51086,61,51,2393.99,128224.02,5,7.75,0.18,0.81,1,Monthly,Basic,No,Yes,,0,954200
50102,18,37,2187.15,74588.15,4,9.63,0.71,2.67,3,Monthly,Basic,No,No,3.0,1,174215
51107,20,7,1659.48,9164.79,4,17.16,13.64,7.18,2,TwoYear,Standard,No,Yes,3.0,1,172771
50801,27,19,2909.95,,2,3.87,1.45,2.21,1,Monthly,Basic,Yes,No,1.0,1,329603
50580,68,47,1500.57,78793.53,5,20.62,,4.51,4,Monthly,Premium,Yes,No,9.0,0,157593
50161,69,21,2090.18,48203.96,4,14.2,1.1,3.89,4,OneYear,Premium,No,Yes,6.0,0,605750
50681,24,34,2535.08,85440.66,4,15.86,2.24,1.46,3,Monthly,Basic,Yes,No,4.0,0,664990
50957,31,2,1345.76,22157.84,1,12.27,34.25,5.77,1,OneYear,Standard,Yes,No,5.0,0,695007
51150,58,15,677.72,12721.16,6,7.36,20.16,0.31,1,Monthly,Basic,No,No,,0,165116
50163,21,7,795.07,-2817.79,2,18.41,,1.51,2,TwoYear,Premium,Yes,No,4.0,0,766024
50822,58,17,997.33,32090.51,4,12.42,14.69,6.29,4,OneYear,Basic,Yes,Yes,9.0,0,380681
50706,53,38,1020.86,63761.94,2,18.8,4.18,3.79,2,OneYear,Standard,Yes,No,8.0,0,676221
51037,58,39,1647.37,78413.51,4,1.0,1.03,6.14,5,Monthly,Basic,No,No,2.0,0,934501
50878,19,22,2532.13,39559.81,6,2.1,2.34,2.91,3,Monthly,Basic,No,Yes,10.0,0,133843
50896,41,5,1934.6,23861.22,2,11.93,13.33,1.97,1,TwoYear,Standard,Yes,No,8.0,0,698510
50914,19,27,2627.72,73464.94,2,8.33,1.12,1.97,5,OneYear,Standard,Yes,No,5.0,0,761384
50839,27,36,1928.31,67230.15,4,17.82,1.95,7.02,5,TwoYear,Standard,Yes,Yes,3.0,0,292298
50153,32,33,2657.21,107817.46,5,16.66,6.84,0.82,2,Monthly,Premium,No,No,10.0,0,518100
51128,41,36,2622.7,100798.07,2,16.78,,3.04,5,OneYear,Basic,No,No,10.0,0,818818
51034,61,9,1883.31,9243.48,5,20.59,9.51,2.85,1,Monthly,Basic,Yes,Yes,9.0,0,931801
50510,68,29,1377.19,27182.33,2,14.6,7.78,6.15,5,Monthly,Premium,Yes,No,5.0,0,518144
50112,68,55,,108828.78,1,18.05,3.33,0.01,1,Monthly,Premium,No,Yes,2.0,0,280561
50227,34,50,1492.99,87427.97,2,6.72,0.05,0.35,3,TwoYear,Standard,No,Yes,10.0,0,548340
51023,62,15,2692.21,40381.78,3,9.95,23.89,2.56,2,Monthly,Basic,No,Yes,6.0,0,798398
50852,66,51,522.69,36018.2,1,18.67,15.25,1.89,2,OneYear,Standard,No,Yes,7.0,0,809608
50104,24,26,1134.76,9482.24,2,15.62,,0.58,1,OneYear,Premium,No,Yes,10.0,0,863461
50422,46,45,,128811.57,2,6.7,0.88,0.96,1,Monthly,Standard,No,No,5.0,0,640940
50420,65,17,2037.1,27992.47,1,22.22,3.6,2.95,5,OneYear,Basic,Yes,No,10.0,0,549790
50968,65,46,2422.94,123895.07,2,16.99,6.95,1.59,5,Monthly,Basic,No,Yes,7.0,0,732349
50625,42,13,2334.51,39262.99,4,13.8,9.86,0.67,5,Monthly,Standard,No,No,2.0,1,769987
50587,46,5,1660.33,427.3,5,12.59,1.3,3.67,1,OneYear,Basic,No,No,7.0,0,364834
51080,32,8,2789.1,,1,21.56,2.29,0.67,3,Monthly,Premium,No,No,3.0,0,991532
50920,68,29,1783.18,43021.28,2,20.32,13.1,0.16,4,OneYear,Standard,Yes,Yes,5.0,0,161586
50673,35,13,2037.66,13236.65,3,4.56,0.94,3.45,1,Monthly,Premium,No,No,1.0,0,621500
50120,56,9,1955.6,,2,5.56,22.83,4.46,3,Monthly,Basic,No,No,1.0,1,780280
50054,43,11,2941.79,49692.71,2,18.84,5.33,1.61,2,OneYear,Standard,No,Yes,7.0,0,907272
50152,32,24,2117.48,45551.36,7,13.99,27.15,2.35,2,TwoYear,Premium,No,No,8.0,1,797527
50404,41,55,1504.03,75550.92,2,7.73,6.57,1.04,3,Monthly,Premium,No,No,6.0,0,933223
50412,59,58,2818.37,187705.9,3,2.86,3.02,6.66,1,TwoYear,Basic,No,No,5.0,0,205518
50208,59,4,2053.17,,6,13.47,0.77,0.84,4,TwoYear,Standard,Yes,No,8.0,0,381335
51154,52,8,2211.41,38652.16,0,13.53,12.05,1.76,3,Monthly,Standard,No,Yes,7.0,0,222793
50659,40,20,1977.06,64448.77,3,17.85,3.86,8.75,3,TwoYear,Basic,No,Yes,9.0,0,406043
51116,19,37,1909.94,,1,5.35,4.02,0.13,2,OneYear,Standard,Yes,Yes,2.0,0,949971
50233,54,55,968.46,55363.17,0,8.97,0.9,1.92,5,Monthly,Standard,No,No,9.0,0,421366
50009,36,57,2392.96,123650.89,6,10.71,24.83,0.4,4,OneYear,Basic,No,Yes,8.0,0,962394
51015,34,39,1540.59,50575.3,0,11.13,18.53,6.55,4,Monthly,Standard,No,No,4.0,0,311219
50160,66,50,1798.54,78248.16,3,13.57,2.76,1.81,1,TwoYear,Basic,No,No,8.0,0,790434
50037,64,29,1993.6,70863.92,3,11.26,9.08,5.2,5,Monthly,Standard,No,Yes,7.0,0,151243
50453,66,44,1932.89,95205.53,1,14.66,2.97,0.63,2,OneYear,Basic,No,Yes,10.0,0,304967
50652,22,5,2255.27,-2580.0,3,14.0,6.67,2.6,1,OneYear,Standard,Yes,Yes,2.0,0,414981
50254,28,32,2005.29,57054.11,5,13.48,,2.81,1,OneYear,Premium,No,No,1.0,0,466737
50304,52,52,500.0,37288.35,3,15.08,0.35,2.86,5,Monthly,Standard,No,Yes,9.0,0,643719
50897,32,3,3169.94,15291.24,2,10.33,0.92,3.42,4,Monthly,Premium,Yes,Yes,5.0,0,224018
51068,19,23,1724.71,27922.53,3,17.14,15.62,5.68,2,Monthly,Standard,No,Yes,,0,665048
50881,56,3,2247.85,25557.11,3,17.53,13.22,4.3,4,TwoYear,Basic,No,Yes,5.0,0,114433
51152,31,35,1905.28,73569.18,3,13.15,0.84,3.36,1,Monthly,Basic,Yes,No,2.0,0,435727
50624,40,11,500.0,-7919.29,2,10.46,1.23,9.41,4,Monthly,Basic,No,No,4.0,0,516534
50346,50,36,2657.24,108979.76,3,19.42,0.12,0.95,4,OneYear,Standard,No,No,10.0,0,957932
51050,23,7,2883.3,36576.95,2,15.91,5.16,1.24,5,OneYear,Basic,Yes,No,4.0,0,144329
50263,37,21,1405.45,42545.48,2,10.68,0.48,0.09,4,Monthly,Standard,No,Yes,1.0,0,372467
50151,26,53,1552.12,62997.03,3,14.86,5.65,6.28,4,Monthly,Basic,No,Yes,7.0,0,122727
50473,52,54,1541.82,81260.59,4,16.46,22.92,5.0,3,Monthly,Basic,Yes,Yes,,0,387021
50641,36,43,2763.11,107261.33,5,6.22,23.23,0.05,1,OneYear,Basic,Yes,Yes,6.0,0,394512
50856,45,26,3433.91,,2,15.89,9.85,4.14,1,Monthly,Standard,No,Yes,7.0,0,805968
51149,28,21,859.12,33271.59,4,5.18,11.82,1.64,2,TwoYear,Basic,Yes,Yes,10.0,0,608665
50551,19,42,787.71,22375.93,3,10.86,1.65,0.87,3,TwoYear,Basic,No,Yes,4.0,0,897369
50929,57,3,1475.71,-16218.21,7,12.91,1.85,1.06,4,TwoYear,Basic,Yes,Yes,6.0,0,928932
50489,26,10,2047.44,-284.39,2,8.43,23.01,1.39,2,Monthly,Standard,No,Yes,10.0,0,689551
51100,31,10,1957.24,22632.34,2,10.78,10.42,7.61,1,TwoYear,Standard,No,Yes,7.0,0,304508
50147,43,25,3355.89,73524.48,0,14.35,,2.09,3,Monthly,Standard,Yes,Yes,6.0,0,238165
50403,63,34,2701.59,106431.55,2,17.36,18.83,4.33,4,Monthly,Basic,No,No,1.0,1,314724
50955,51,53,3331.24,179185.16,3,11.99,5.26,0.64,5,Monthly,Standard,Yes,Yes,7.0,0,998314
51144,18,12,1459.39,119.69,5,7.42,21.99,0.67,2,OneYear,Basic,Yes,No,1.0,0,948716
50660,33,58,1755.59,97356.82,3,3.72,16.42,0.74,2,Monthly,Basic,No,Yes,7.0,0,273044
50464,22,16,2044.05,46059.68,5,9.02,3.41,4.68,4,Monthly,Standard,No,Yes,1.0,0,559860
50187,37,49,1617.65,104961.5,3,23.44,0.54,1.87,5,Monthly,Premium,No,Yes,7.0,0,119984
50609,66,57,3065.51,189129.92,3,15.52,6.46,1.23,4,Monthly,Basic,No,Yes,1.0,0,162635
50144,20,51,,68203.3,4,12.29,20.7,2.5,5,Monthly,Standard,No,Yes,10.0,0,127364
50752,58,25,1672.97,33345.4,2,3.42,5.67,0.73,1,OneYear,Standard,No,Yes,1.0,0,306676
50982,45,22,1458.26,17134.64,1,13.72,3.51,4.53,3,OneYear,Standard,No,Yes,6.0,0,133439
50198,58,47,949.82,44690.64,3,14.7,0.67,2.95,3,Monthly,Basic,No,No,4.0,0,515734
50884,55,56,500.0,14346.31,2,2.34,5.47,8.21,1,Monthly,Standard,No,No,1.0,0,182922
50280,28,60,980.27,60937.3,3,8.12,3.49,0.79,5,Monthly,Premium,Yes,No,7.0,0,638285
50294,66,20,1778.34,33324.42,4,4.07,,2.79,3,TwoYear,Premium,No,No,5.0,0,340671
51108,50,12,937.5,20897.04,4,13.94,0.05,2.19,4,Monthly,Basic,No,No,5.0,0,948398
50401,20,35,2379.92,,1,3.97,10.14,1.04,2,Monthly,Premium,No,Yes,7.0,0,792763
50123,24,57,2778.19,482174.30999999994,10,7.42,2.75,1.68,3,Monthly,Premium,No,Yes,6.0,0,236715
50203,44,49,1852.63,111769.61,4,12.2,0.46,2.96,3,OneYear,Standard,No,No,2.0,0,238741
50836,54,47,759.61,29461.78,3,16.98,15.42,0.18,2,TwoYear,Basic,No,Yes,7.0,0,992323
50247,55,47,1539.8,63014.77,6,11.52,15.94,2.85,2,OneYear,Basic,No,No,10.0,0,356152
51159,31,42,2765.1,129369.2,4,20.15,17.42,9.21,1,OneYear,Standard,Yes,Yes,3.0,0,391626
50385,46,1,1821.34,-2170.31,2,7.96,5.7,2.83,4,OneYear,Standard,No,Yes,4.0,0,526669
50855,51,23,1656.3,52617.8,1,9.36,7.21,7.7,4,Monthly,Standard,No,No,3.0,0,276201
50220,29,34,1007.98,28669.78,0,9.58,8.54,4.79,2,TwoYear,Premium,Yes,Yes,2.0,0,397660
50642,29,34,2508.78,73526.75,0,15.63,3.01,2.69,1,Monthly,Basic,No,Yes,8.0,0,110944
50002,69,52,,90573.58,2,15.31,2.83,0.35,3,Monthly,Premium,No,Yes,9.0,0,460038
50113,34,51,1377.67,60319.16,2,9.0,,6.21,1,OneYear,Standard,No,Yes,7.0,0,770658
50699,39,5,532.98,4791.51,2,7.47,7.43,4.24,5,TwoYear,Standard,No,Yes,1.0,0,662466
50952,29,60,2034.53,95594.53,1,10.74,3.84,3.21,3,Monthly,Standard,No,No,7.0,0,354357
51098,18,3,661.58,-6187.93,2,20.31,,2.15,4,TwoYear,Standard,Yes,Yes,1.0,0,812680
50442,32,50,1345.51,77687.29,4,11.79,10.25,4.68,1,Monthly,Standard,No,No,6.0,0,453410
50664,56,35,2095.18,75331.21,2,17.3,1.25,3.42,5,Monthly,Basic,No,No,1.0,0,864658
51115,61,20,1298.35,40396.77,5,24.92,1.14,1.37,3,Monthly,Basic,Yes,Yes,10.0,0,878351
50318,55,50,1917.88,88482.52,3,14.35,1.19,4.72,3,TwoYear,Premium,No,No,2.0,0,114082
50649,36,56,951.54,43443.95,2,9.04,17.41,0.17,2,TwoYear,Basic,Yes,No,9.0,0,478945
50710,61,48,2348.01,118112.31,3,24.09,7.58,1.66,1,Monthly,Basic,No,No,9.0,0,446676
50973,25,11,1361.67,29165.15,5,1.0,24.01,4.83,5,TwoYear,Basic,Yes,No,2.0,0,999980
50628,47,7,2670.7,16700.22,4,7.72,5.69,13.69,2,Monthly,Basic,No,Yes,9.0,0,885995
50633,42,20,2060.7,47278.94,6,22.27,7.37,1.89,2,Monthly,Standard,No,No,3.0,0,764589
51191,23,40,2525.93,81386.07,2,9.25,13.97,9.02,5,TwoYear,Premium,No,Yes,1.0,1,554150
51126,28,32,2381.6,70297.82,4,15.85,0.89,0.6,3,Monthly,Basic,No,Yes,8.0,0,589570
50796,68,24,2142.08,65385.4,3,7.25,14.12,0.85,5,OneYear,Premium,No,Yes,,0,855152
50646,31,49,878.28,27683.07,3,7.49,0.22,0.63,4,OneYear,Basic,Yes,No,2.0,0,608257
51013,61,26,1522.34,54052.22,2,13.06,4.99,2.04,2,Monthly,Basic,Yes,No,6.0,1,738714
50557,41,34,1757.27,65051.0,1,12.97,2.1,5.37,4,Monthly,Basic,No,No,8.0,0,780345
50682,63,11,1195.23,-9060.0,3,15.92,10.45,4.53,2,Monthly,Standard,No,Yes,4.0,0,555564
50578,63,56,2259.45,131031.95,3,9.22,2.88,4.31,2,Monthly,Basic,No,No,10.0,0,774909
50525,43,35,2512.25,82959.33,2,16.05,0.2,10.63,2,TwoYear,Standard,No,No,7.0,0,988219
51060,68,41,2273.88,105353.9,5,6.88,33.56,4.23,1,Monthly,Standard,Yes,No,7.0,0,722870
50541,27,49,2778.06,130226.13,0,15.47,4.27,3.41,1,Monthly,Basic,No,Yes,1.0,0,319331
50749,37,13,835.61,31544.51,3,7.06,31.07,0.2,2,Monthly,Standard,Yes,Yes,4.0,1,119006
51129,55,58,1962.51,116066.68,1,11.72,1.72,4.03,5,Monthly,Standard,No,Yes,7.0,0,130949
50485,43,45,2048.34,84180.11,4,10.76,5.32,0.99,3,Monthly,Standard,Yes,No,9.0,0,710021
50096,42,41,,108371.33,3,13.22,1.81,0.96,4,Monthly,Basic,Yes,Yes,,0,978041
51021,20,58,1280.6,86703.25,1,28.89,1.28,5.98,5,Monthly,Premium,No,Yes,6.0,0,480261
50564,60,32,,56968.9,5,8.03,3.46,19.14,5,TwoYear,Basic,No,Yes,5.0,0,916152
50743,38,28,,52107.48,3,19.99,0.84,1.33,2,Monthly,Standard,Yes,Yes,8.0,0,118318
50864,29,13,1402.61,8933.47,3,16.23,23.21,4.16,1,TwoYear,Basic,Yes,No,3.0,0,395270
50892,51,20,1656.88,19386.82,5,12.05,1.32,1.63,2,Monthly,Basic,No,Yes,2.0,0,668473
51039,23,32,2345.29,82937.53,2,16.18,5.44,1.67,1,OneYear,Basic,No,Yes,3.0,0,885956
50207,68,51,1430.77,79481.8,5,9.75,15.48,0.96,2,Monthly,Standard,Yes,Yes,10.0,0,741413
50393,49,11,3067.96,28117.8,1,7.99,4.2,4.05,4,TwoYear,Standard,No,No,4.0,0,949678
50795,35,60,2169.65,127393.32,2,2.94,3.02,4.1,5,Monthly,Standard,Yes,Yes,7.0,0,634028
50871,65,11,1334.16,17701.77,1,14.18,7.47,3.21,1,OneYear,Basic,No,No,5.0,0,679255
50398,42,59,2134.66,116210.03,2,16.22,3.2,13.78,2,Monthly,Standard,No,No,5.0,0,176682
50767,55,23,2158.35,36810.54,5,8.46,1.53,1.51,2,OneYear,Standard,No,Yes,8.0,0,665600
51119,19,44,2184.1,109242.14,3,10.12,3.74,8.85,5,Monthly,Standard,No,Yes,7.0,0,877373
51029,51,40,1934.61,89927.22,4,17.61,9.36,16.68,3,TwoYear,Standard,No,Yes,4.0,0,309494
50643,26,57,500.0,40395.1,5,19.63,4.68,0.04,4,OneYear,Standard,No,No,6.0,0,395060
50613,35,59,1684.22,102359.16,3,11.69,4.9,3.2,3,Monthly,Basic,No,No,2.0,0,636452
50961,26,13,2390.36,33430.34,1,15.41,2.51,1.79,3,OneYear,Basic,Yes,Yes,1.0,0,983028
50726,56,29,500.0,8276.7,4,5.05,4.07,6.63,4,TwoYear,Standard,No,Yes,8.0,0,604793
50684,57,56,2429.39,116548.54,2,14.82,31.87,0.18,2,TwoYear,Premium,No,Yes,2.0,0,942373
50099,46,23,1623.12,55575.83,2,17.89,19.91,2.28,2,Monthly,Standard,Yes,Yes,7.0,0,832524
50805,22,41,1622.72,63823.7,7,19.06,11.45,3.44,3,Monthly,Premium,Yes,Yes,10.0,0,886220
50407,64,54,2303.89,109994.21,3,21.26,24.43,1.67,5,Monthly,Basic,Yes,Yes,5.0,0,516325
50503,22,9,566.02,15668.36,5,19.71,0.76,4.23,4,Monthly,Standard,Yes,Yes,9.0,0,353470
51072,21,45,1836.14,76693.98,2,17.16,5.67,3.68,5,Monthly,Basic,No,No,9.0,0,395921
51057,41,22,2492.07,50335.34,4,6.98,3.11,1.0,2,OneYear,Standard,No,Yes,7.0,0,499568
50930,21,29,1646.39,69677.46,2,6.82,28.0,0.17,1,Monthly,Standard,Yes,Yes,6.0,0,883264
50780,58,13,,-1390.9,4,19.49,3.28,3.19,1,Monthly,Standard,No,Yes,4.0,0,639083
50201,23,54,1851.1,,1,13.01,5.77,0.23,3,TwoYear,Standard,No,No,1.0,0,983527
50135,57,18,,66854.49,4,17.3,1.8,0.58,1,Monthly,Premium,No,No,6.0,0,767292
51052,21,20,1934.56,64659.38,6,17.68,9.86,3.79,4,Monthly,Premium,Yes,Yes,6.0,0,770088
50041,20,45,2183.05,91805.79,5,12.91,9.47,1.05,2,TwoYear,Premium,Yes,No,3.0,0,230218
51018,42,39,2055.59,84087.41,1,5.25,5.47,0.95,2,Monthly,Standard,Yes,No,1.0,0,490261
50231,45,1,1445.01,6457.1,2,8.92,15.67,16.28,4,Monthly,Standard,No,No,5.0,0,714363
50379,63,58,2028.39,126198.29,3,7.51,15.8,4.32,5,TwoYear,Standard,Yes,Yes,1.0,0,170047
50289,24,2,2404.17,19742.32,1,20.91,2.27,0.12,2,Monthly,Basic,No,No,3.0,0,975762
50419,60,43,2212.34,78882.39,4,2.63,11.64,1.27,3,TwoYear,Basic,No,Yes,3.0,0,735728
50392,38,21,1854.9,35445.8,1,13.97,6.06,1.49,2,TwoYear,Standard,No,Yes,1.0,0,899323
50593,58,14,2164.91,29771.78,3,14.99,2.65,0.72,5,OneYear,Premium,No,Yes,8.0,0,791343
51087,22,44,2246.96,128201.34,4,16.32,0.07,2.1,3,TwoYear,Standard,No,Yes,7.0,0,140816
50648,69,3,2267.22,-2790.51,3,10.23,1.21,3.18,3,Monthly,Premium,No,Yes,6.0,0,487626
50521,69,17,1501.27,32023.7,2,15.65,18.55,19.93,3,Monthly,Standard,No,No,1.0,1,659439
50065,34,12,2532.84,33317.77,5,8.87,,2.39,3,OneYear,Standard,No,No,10.0,0,360371
50015,57,4,,71602.56,6,7.73,10.4,3.53,5,Monthly,Standard,No,Yes,1.0,1,849039
51065,41,18,1279.81,-4038.49,2,16.02,2.24,6.47,3,Monthly,Basic,No,Yes,5.0,0,828961
50493,64,23,2048.52,39763.53,3,11.14,7.33,0.2,1,OneYear,Standard,Yes,Yes,7.0,0,771755
50380,23,46,1821.22,92890.59,3,8.81,,0.32,2,Monthly,Premium,No,Yes,1.0,0,446136
50188,47,45,3008.78,126388.03,0,3.18,7.79,1.61,4,Monthly,Basic,Yes,No,7.0,0,858874
50764,49,57,1585.18,106913.51,4,11.88,4.28,0.68,4,OneYear,Basic,No,Yes,5.0,0,727668
50217,66,10,1206.33,-13674.32,2,3.1,5.78,1.57,3,Monthly,Standard,Yes,Yes,5.0,0,224148
50792,63,40,1033.79,,1,16.89,1.61,4.2,2,Monthly,Standard,No,No,10.0,0,636309
51077,55,46,2037.17,82576.42,4,16.16,,0.01,1,Monthly,Basic,No,Yes,9.0,0,367451
50879,28,11,786.36,29027.08,3,11.81,16.31,1.63,1,OneYear,Premium,Yes,Yes,6.0,0,251504
50338,31,34,2415.71,80719.81,3,3.39,0.34,0.23,3,Monthly,Standard,Yes,No,2.0,0,867423
50720,67,13,1874.93,36717.94,3,16.03,4.37,1.48,5,TwoYear,Standard,No,Yes,2.0,0,989522
50296,18,37,3242.39,137130.34,4,14.26,6.74,0.34,3,TwoYear,Standard,No,Yes,6.0,0,701856
51017,37,38,1608.89,50134.54,2,8.47,1.13,6.52,3,Monthly,Basic,Yes,Yes,1.0,0,724447
50456,23,49,1046.32,88012.89,3,19.71,34.13,0.49,3,Monthly,Standard,Yes,No,4.0,0,882249
50816,39,20,971.62,32485.19,4,16.73,58.53,0.44,5,OneYear,Premium,No,No,4.0,1,821594
50270,49,10,1289.89,39529.29,3,22.62,0.67,3.36,4,Monthly,Standard,Yes,Yes,7.0,0,236412
50996,60,20,1847.86,70148.94,7,14.25,1.97,0.69,2,Monthly,Premium,No,Yes,8.0,0,128484
50202,25,28,2346.05,61175.94,3,4.22,9.49,1.02,4,Monthly,Standard,No,Yes,10.0,0,657390
50162,49,49,1259.39,68525.27,1,16.17,15.47,0.3,5,TwoYear,Basic,No,Yes,5.0,0,322364
50730,45,56,1331.41,64342.67,4,22.8,0.83,0.98,3,TwoYear,Basic,Yes,No,7.0,0,316100
50402,57,54,1151.3,56124.77,3,13.97,3.98,4.35,1,TwoYear,Basic,No,Yes,10.0,0,622678
50703,42,24,2420.06,59868.41,1,15.04,0.36,0.7,2,Monthly,Basic,No,Yes,4.0,0,221352
51130,52,53,957.81,56435.74,6,7.55,1.41,0.6,3,Monthly,Standard,No,No,9.0,0,475434
50566,29,35,1402.3,63422.18,2,9.75,15.3,1.11,1,OneYear,Premium,Yes,No,6.0,0,688108
51022,58,50,1507.43,85208.02,4,15.38,8.09,2.72,4,Monthly,Standard,Yes,Yes,2.0,0,940860
51026,53,55,841.91,63578.22,3,6.87,7.31,6.62,1,OneYear,Standard,Yes,No,8.0,0,109880
51105,30,15,,22568.16,2,12.75,4.49,1.87,5,OneYear,Standard,No,Yes,1.0,0,976005
50206,50,38,,68485.82,5,7.38,0.67,2.39,4,OneYear,Basic,Yes,Yes,3.0,0,516928
50035,33,8,1143.07,18937.45,3,13.93,0.09,0.84,1,OneYear,Standard,Yes,No,8.0,0,396948
50776,67,18,2245.62,36914.05,5,15.57,16.28,4.74,1,Monthly,Standard,No,No,4.0,0,583007
50509,33,23,1723.32,42473.27,6,25.55,1.85,3.27,1,Monthly,Standard,No,No,3.0,0,636251
50440,68,35,2718.69,108085.83,1,9.58,8.05,2.66,1,OneYear,Basic,No,Yes,6.0,0,764163
50092,35,51,727.04,35119.34,2,2.95,0.05,5.91,5,Monthly,Standard,Yes,Yes,6.0,0,408365
50898,47,59,1631.01,87879.25,1,16.43,2.31,6.83,1,OneYear,Basic,Yes,No,3.0,0,888848
50565,54,32,2716.63,80544.45,1,7.37,3.58,3.56,5,OneYear,Basic,No,Yes,10.0,0,240978
50777,45,36,1840.85,68107.67,3,18.39,2.17,0.93,3,Monthly,Premium,No,No,3.0,0,706741
50242,23,37,1589.9,67752.16,2,15.11,1.93,7.7,5,OneYear,Standard,No,No,5.0,0,560809
50014,53,33,2709.12,75775.33,3,9.78,5.2,6.78,5,TwoYear,Premium,No,No,4.0,0,125394
50316,25,32,2359.65,,1,18.75,6.64,3.41,4,Monthly,Premium,No,No,6.0,0,966102
50601,42,48,1822.91,116420.13,0,12.96,16.94,4.03,1,OneYear,Basic,Yes,Yes,5.0,0,967471
50388,48,36,2306.53,83838.05,4,6.6,19.41,0.24,2,Monthly,Basic,No,No,8.0,0,228013
50167,56,49,2011.88,,1,12.22,5.56,0.98,1,TwoYear,Basic,Yes,Yes,3.0,0,700983
50841,34,35,2900.97,93413.91,1,12.17,6.76,3.59,2,OneYear,Basic,Yes,No,4.0,0,994433
50021,61,10,1708.36,22847.24,1,2.41,0.81,3.63,5,Monthly,Standard,Yes,No,7.0,1,896451
50647,48,58,2306.53,,6,26.12,14.37,0.64,5,TwoYear,Standard,No,No,1.0,0,731891
51155,38,36,2634.37,95458.77,5,12.46,0.78,3.02,2,TwoYear,Standard,Yes,No,3.0,0,161263
50832,22,59,1960.29,328709.16000000003,4,7.04,7.9,0.36,2,OneYear,Premium,Yes,Yes,4.0,0,162745
50563,68,18,2526.87,41283.48,3,12.57,5.15,2.13,2,OneYear,Standard,No,Yes,8.0,0,404783
51190,23,1,2470.41,12322.01,1,12.46,7.83,2.36,4,OneYear,Standard,No,Yes,5.0,0,270985
50687,67,28,2314.01,66266.49,2,10.31,21.62,10.26,1,TwoYear,Basic,No,Yes,9.0,0,445011
50958,43,24,1932.36,69790.46,3,5.37,13.77,2.54,1,Monthly,Standard,No,Yes,9.0,0,546582
50190,45,30,1323.38,27493.48,3,7.44,2.64,9.5,4,OneYear,Premium,No,Yes,8.0,0,532426
50976,69,33,1076.99,38571.8,1,7.99,2.84,0.74,3,OneYear,Standard,Yes,No,2.0,0,772791
50700,69,11,1318.45,3558.26,6,12.71,9.33,5.19,5,OneYear,Basic,No,Yes,6.0,0,919742
50511,54,18,2419.22,29557.99,4,13.05,1.1,5.27,1,OneYear,Basic,No,Yes,3.0,0,468610
51083,43,53,891.31,71153.48,2,7.49,2.38,1.67,5,Monthly,Premium,Yes,Yes,1.0,0,210283
50475,69,6,1665.52,-753.54,4,8.71,8.69,0.47,3,Monthly,Basic,No,Yes,1.0,1,763660
50857,48,34,2004.3,61056.5,5,4.71,14.31,3.29,3,Monthly,Standard,No,Yes,4.0,0,477940
50748,36,41,1342.97,,1,13.6,7.9,0.09,3,TwoYear,Standard,Yes,No,7.0,0,139102
50253,39,14,,5246.96,4,10.87,18.78,4.32,5,OneYear,Standard,No,Yes,5.0,0,167414
50022,47,33,1075.53,28659.94,3,4.64,7.12,4.24,4,Monthly,Standard,No,No,4.0,0,908902
50460,50,55,1587.04,93752.96,4,14.72,11.81,3.25,2,TwoYear,Basic,Yes,Yes,1.0,0,205218
51185,57,28,1807.8,57181.91,1,6.71,7.93,7.38,2,Monthly,Basic,No,No,6.0,0,600518
50277,35,19,1710.04,26816.63,5,8.66,3.03,1.42,2,TwoYear,Standard,Yes,Yes,6.0,0,433151
50956,66,53,896.74,48453.22,3,12.7,4.1,0.95,3,Monthly,Basic,No,Yes,3.0,0,646385
50386,66,51,755.64,44436.39,4,10.04,6.08,0.38,3,Monthly,Premium,Yes,No,4.0,0,919884
50806,50,32,949.88,29368.82,4,15.93,5.27,1.67,1,TwoYear,Basic,No,Yes,9.0,0,844903
50344,20,21,1152.07,27920.47,4,12.15,5.07,0.26,2,TwoYear,Basic,No,Yes,10.0,0,491845
50770,45,32,2609.97,98958.13,4,7.82,4.08,1.82,5,Monthly,Basic,Yes,No,1.0,0,236898
50131,41,11,1601.24,25480.87,4,6.04,9.78,0.71,1,OneYear,Standard,No,Yes,9.0,0,446202
50872,64,52,2411.22,111150.54,6,12.83,6.66,5.44,1,OneYear,Premium,No,No,9.0,0,711972
51124,34,49,929.67,35791.63,3,9.22,0.43,10.11,2,Monthly,Standard,No,No,7.0,0,214439
50088,57,31,2588.28,91420.5,1,19.7,9.59,1.16,3,Monthly,Standard,No,Yes,7.0,0,437370
50331,52,43,2276.19,84144.85,1,7.66,16.63,3.02,1,OneYear,Premium,No,Yes,6.0,0,953521
50467,23,8,1430.56,22623.3,4,15.09,0.18,3.2,5,TwoYear,Standard,No,Yes,4.0,0,559976
50122,45,52,1143.94,61713.21,3,19.1,0.74,7.89,3,Monthly,Basic,No,Yes,6.0,0,556226
51045,54,50,3212.54,170662.72,5,9.34,1.09,3.0,1,TwoYear,Premium,No,No,4.0,0,847608
51096,29,41,2209.2,98694.54,2,20.21,9.07,3.9,1,Monthly,Basic,No,Yes,9.0,0,663611
51131,47,34,1795.55,77598.78,4,9.18,2.2,9.58,5,OneYear,Standard,No,No,8.0,0,256925
50861,51,4,1486.46,-17879.69,5,14.2,4.79,6.75,1,Monthly,Standard,Yes,No,3.0,0,309689
51127,32,41,2774.73,145366.41,2,22.97,26.93,2.5,1,OneYear,Standard,No,No,7.0,0,926969
