SampleID,CellRadius,CellTexture,CellPerimeter,CellArea,Smoothness,Compactness,Concavity,Symmetry,NucleiCount,CellDensity,DNAContent,TissueType,SampleAge,Diagnosis,LabReference
70543,14.854871899475857,11.337197600883027,59.33635429903,370.6051515006567,0.09792581419973237,0.23281564196492022,0.10944667203036462,0.13940790357974997,5.531568560189129,1.8122814665480356,1.6292274015427588,Mixed,76,Benign,953693
70260,19.359777149354276,26.679392400931835,107.34813234225244,658.5871241671015,0.11981827350954975,0.3915080182877829,0.23350428606204215,0.20737744295881017,5.654140900168709,2.927512668111234,2.6509724287563996,Connective,57,Malignant,301773
70044,9.232709270847426,21.8409611270541,104.91640867845072,557.3854177472617,0.08761937337517924,0.05165198403656647,0.13677928122289884,0.2164423266449259,3.551816090241101,1.5340192713028808,1.8208241294195162,Epithelial,43,Benign,977668
71011,14.982411448857414,19.105715840281942,106.67579572320822,824.0757426479236,0.14473607833794486,0.27251201775367656,0.054548372846587895,0.16853330735389827,8.49060594734624,2.619901452928321,2.9315872412177377,Epithelial,1,Malignant,180988
70755,14.029214214305918,,58.64009225455982,682.6517219903774,0.0920066245856811,0.25865737402521827,-0.029722664881195907,0.16557653276658435,2.610341650816326,2.398892968973621,,Epithelial,16,Benign,505723
70311,12.775499440511675,21.060045148098173,75.63778080938619,772.3180971432329,0.10943658776698317,0.049432215153939016,0.12638059348555947,0.16544126313326507,3.660267669956232,1.6506561007918743,1.5532549860731182,Connective,82,Benign,759011
70756,15.41199423129266,24.45060567998928,124.90759630656974,1556.3879402709006,0.10581880238152068,0.32998078260844005,0.27356395733284306,0.27015746984665046,5.419644750107889,3.1183596189716623,3.647642614055585,Connective,45,Malignant,719727
70468,12.958625641587453,8.643579697059106,81.36951756589502,964.1090447163008,0.10801139611471398,0.08335996439357934,0.1409843158332065,0.1460364090448731,6.221974772588113,1.4386067401696965,1.8094193405759622,Mixed,103,Benign,421518
70211,15.696855446741395,29.19676459229071,104.2888584060241,1204.6233820589077,0.12515379678838404,0.30305058624170367,0.38189751537451244,0.26370612980045915,5.091302677932252,2.5983552770908824,1.8364706041046064,Connective,99,Malignant,523496
70156,14.65491307523224,14.760542546539952,63.102903128801636,1017.0456958637608,0.10020871555178054,0.14359988809417382,0.1316013397653736,0.16170792550285998,0.42942966377979364,0.9359215416607362,1.3953664052133365,Connective,99,Benign,919041
71109,22.848973550329703,21.784550056910625,123.02928283733989,1001.986703943582,0.08015114444886917,0.14105942113509673,0.2922033670700517,0.1872609267943807,4.2910693795019705,3.000309818729682,1.8803601633431681,Mixed,49,Malignant,796399
70712,13.146495813129919,20.03225594970893,73.3328370021346,480.8126790718359,0.07720344581014056,0.1534353414587026,0.1372267743876748,0.21216286044607788,6.093041607674944,2.4750469616726183,1.685950211663428,Epithelial,62,Benign,172810
70410,14.969320819811886,16.29479249399952,146.44310959805432,1004.110431035284,0.10983159609714745,0.33334006020671636,0.22858614118162182,0.2946872615995909,5.919291433390983,1.9563778356613937,1.9869455845476274,Connective,90,Malignant,126143
70495,9.92911296772847,14.834819886890292,84.11561734628586,1233.8748584575717,0.09428899026596016,0.13330897290823734,0.2006724299931218,0.15344772062745393,4.204467380743166,1.5097050995763877,2.059245033213596,Epithelial,84,Benign,750571
70701,13.301403927381132,,70.74382686184344,726.491036109421,0.07248062712808398,0.10940717149200488,0.12382640855724061,0.20315332711412576,2.561236855609999,1.8974731126806006,1.933398570491362,Epithelial,61,Benign,701593
70524,11.786707273250295,20.36812110526787,73.34885490172178,299.98731566642266,0.11911583036113907,0.18015759345295307,0.11533403219305544,0.15654574307033253,6.975930681422177,2.441285994614788,1.546226409901655,Epithelial,27,Benign,640971
70810,16.644007894782497,27.812279837765928,108.01409063589557,1211.9212498374588,0.08142098484899798,0.16391863502130574,0.11934922218311961,0.23146397733709378,10.688581793255942,3.485601246644875,2.7067711178400167,Epithelial,82,Malignant,778726
70553,12.344117984540745,21.226762548048875,100.71007817393804,711.495248996573,0.11502637468276423,0.27312849970914205,0.07651664604991464,0.17645237021825946,8.627855883291753,3.8530156018916637,2.6814465871024997,Epithelial,102,Malignant,465338
70754,16.56223917444872,26.837833017132017,106.0733584246563,1303.0103094293047,0.12322787771409302,0.2714702252056052,0.46517506648761037,0.2218299114588047,6.261753856718721,2.865606482428716,1.8402001609050642,Connective,42,Malignant,405394
70424,16.66802373922465,25.71616143106988,150.4538332179983,770.9344712312069,0.108800501652036,0.23042686155346814,0.34540947888316087,0.24700657171538448,7.127243359400922,4.5694029353339705,2.515880350191915,Connective,103,Malignant,522616
70381,12.562011688239338,13.362732405676649,111.82697633061976,840.1184732728507,,0.34255558923110585,0.256735110458903,0.18445240637424787,11.879257482494427,1.4923413761417572,2.345014820277127,Mixed,65,Malignant,711012
70962,17.425370317117224,22.09431970221914,90.09931081497285,1217.0807399454598,0.10216697817930925,0.24539208135341348,0.419118467688524,0.22371136175295836,5.931228318689192,2.37134489429048,2.734367940607345,Epithelial,30,Malignant,824463
71151,12.92221341923951,,54.78657375880264,841.7603672447696,0.0827947436827935,0.12841366020070794,0.28995430560869306,0.25855643685487323,4.935926976814899,2.197582888768279,1.1619873124954578,Epithelial,105,Benign,613784
70353,9.048553324970582,25.15170936863724,101.88533522437834,526.5457771278618,0.05026343956796082,0.14728632243264156,0.12664747580240804,0.16914954733821216,2.113355562157407,0.950745040502009,1.7852530798020707,Epithelial,21,Benign,560569
70299,24.136940710505726,20.07221989639929,86.78400612745888,747.7867441638283,0.08046612588542887,0.19367143197374126,0.0732615180551814,0.26550358720776135,4.9703643782037465,1.8276798255777733,2.2545021370137963,Epithelial,51,Malignant,897856
71032,19.919633151703547,29.348062748198487,115.22190440639159,860.5011941743554,0.1356159956207679,0.08973037249399106,0.34019564731652385,0.2515424223245413,5.536975303448097,3.4154345304985743,2.1949852325774124,Epithelial,91,Malignant,288923
70425,12.83890540701687,25.178467786563708,71.0475621782643,850.7417708605409,0.07054276097563655,0.1685184713078093,0.1924732175973712,0.18609959618832,4.171408989893025,1.273110822685009,1.1465074169354368,Epithelial,105,Benign,274988
70989,13.65147435042965,22.550885103064626,119.75522329189786,1015.8316134854645,0.11667490242144271,0.18956952978936534,0.5126398415963536,0.23840520117753902,8.644630957295611,3.0328887936921287,2.067847085775905,Connective,74,Malignant,718346
70332,12.203757080183323,16.735946737964852,79.08155937197034,725.2458891067416,0.09092650111886802,0.13214479882472924,0.13083587710412928,0.23742070726548783,3.748274673482853,1.879488840519707,1.2574859559804727,Epithelial,40,Benign,303487
70045,15.203972617585272,29.69032285781877,115.38411936007383,195.27944195608978,0.12056012707079804,0.1988850082560213,0.3619178560087891,0.2394220854192089,12.591431585072261,3.6582434235514656,1.7461967244568404,Epithelial,32,Malignant,383978
70535,10.702910808609467,8.882654768093575,82.12298198224549,383.3142109020887,0.12496865118738142,0.08472219051943507,0.16508252449350141,0.1724180539704744,3.7489070786078176,1.9032848400722848,2.2560323726466502,Epithelial,47,Benign,314490
70108,16.51501893554382,24.690975056689588,110.32589976583083,713.2584781025064,0.062403438121894986,0.06347342149806474,0.34495052350466043,0.170451755377038,6.886139366582388,2.171365227426322,1.7498736028576227,Epithelial,112,Malignant,804035
70372,14.685470381757712,22.487889131580335,65.76040588220167,813.5409807551849,0.09999155704318183,0.23993049429832425,0.40278692356011336,0.26618753325309197,12.829332511674401,3.0354571749368007,3.501045332427543,Mixed,118,Malignant,312780
70606,21.113311430562867,18.523003027549077,113.11163475727905,814.5364941059698,0.13655478269067978,0.4057150245728052,0.28201418865014216,0.19140520121705926,9.50709246486127,2.9408574517146726,2.7189106954056323,Connective,82,Malignant,654139
70903,14.936092135888098,26.608129181335556,134.45822140736473,520.1105591671268,0.0794642875395231,0.19765247683660145,0.2812833907855133,0.23703465631749848,6.611058082804487,2.9687457808645576,2.1145205542194243,Epithelial,86,Malignant,748312
70079,18.196960698412617,22.676464470964522,78.21196831626543,1142.2591213256537,0.08749207729704789,0.13279309681292575,0.17442366463895423,0.17633110928013643,7.596958486018911,2.860127161954639,2.2470066334634833,Epithelial,98,Malignant,576404
71140,10.09204982585108,21.47609846443794,112.15503142720428,1048.3922949300943,0.13319671913688036,0.3077628412303908,0.010653317647238234,0.1789454391414978,8.454380769555312,2.1936891434317496,1.6715596735771037,Epithelial,68,Malignant,736102
70618,7.039459959977511,14.746272402888657,75.04745498088589,551.64504369418,0.10538863911789001,0.2532305694463418,0.30384133745640635,0.13889464711560162,1.8473648082283236,2.7173591122480936,1.514691981959407,Epithelial,10,Benign,165837
70077,13.065921155966665,18.407815062656734,78.62156561876468,328.3172962575926,0.08725915974067938,0.15117054093282592,0.0585698244593407,0.13229695956621476,4.564329245683378,1.9086778970559855,1.286992725988728,Connective,10,Benign,728775
70773,19.95746523856568,29.64165613595933,121.87735626295874,886.7929182907839,0.12466623925846675,0.24420162107653123,0.36881595374980136,0.1904725448772168,11.500674538782812,3.7857883523422706,2.338337438132014,Mixed,11,Malignant,120840
70045,15.203972617585272,29.69032285781877,115.38411936007383,195.27944195608978,0.12056012707079804,0.1988850082560213,0.3619178560087891,0.2394220854192089,12.591431585072261,3.6582434235514656,1.7461967244568404,Epithelial,32,Malignant,392914
70644,16.65774208068988,28.754066390872836,140.43048295307878,1082.5206445905242,0.09636118493157783,0.3151144718064508,0.16896532114732576,0.11073949848058327,6.034673409543482,1.5624240759315875,1.7006358991679578,Epithelial,100,Malignant,878733
70970,14.207858567926504,16.28614560907062,92.3687478690734,,0.1088816234896195,0.2829705390281949,0.3933528379116304,0.15179220016825906,9.251983378067598,3.0772202609688937,2.236534362024481,Mixed,92,Malignant,290595
70114,17.55805370888961,25.960406258789938,97.31014362678602,974.5099565444627,0.11815397159789408,0.25308957185004494,0.2676366024980688,0.21686180202253283,8.205220626226359,2.132336327408942,1.8059847328457412,Mixed,77,Malignant,187020
70436,12.83147035566654,27.138574264936207,64.59476617657583,662.0877105860014,0.0771534951978365,0.10826711796932112,0.1920967741275197,0.1858204470584323,4.675173761372798,1.7301272927662519,1.3817036222748778,Epithelial,101,Benign,617876
70266,14.385183070228576,15.395963520461635,153.99950081992202,1207.276676521684,0.10209816602895659,0.15338226569039362,0.31868593257870903,0.20385093357210748,6.338734658076174,3.648715665660439,2.679244866414337,Epithelial,105,Malignant,706473
70574,13.441110790366384,29.33939330035915,118.19216494801663,,0.08818641558061226,0.38675217629666675,0.4769113958950727,0.16767005493888315,8.049132504621351,2.676491357852917,2.4324790210574765,Mixed,53,Malignant,110831
71081,14.135282924575568,23.205613958838356,129.57637275319271,898.2477130254503,0.12478368954771601,0.17073953592767444,0.3212974751659349,0.16500486778435014,6.577286673799141,2.884000520180473,2.8207273545603115,Epithelial,107,Malignant,662024
71085,10.702351710463658,13.002159027635813,92.08476549340507,606.2345987530899,0.09883627846396097,0.1345495863945999,0.03286540518732329,0.20753098905367268,2.430482597865676,1.6087265924314933,1.5078331058865557,Epithelial,67,Benign,453954
71070,15.032536551473695,,75.77528926617603,491.40003769104743,0.0790990785559479,0.1581978135139204,0.010264774704354634,0.17441035252598472,5.1777322869245985,1.6326682145435836,1.1528015192801533,Epithelial,62,Benign,365611
70479,15.527988875659645,19.62290621574706,81.51841591752341,758.5798988597663,0.06070629946061483,0.0968229033579107,0.19754067656093194,0.18875586980029327,5.90587090788299,2.0440444998337726,2.113577587521663,Epithelial,72,Benign,560452
70241,11.405711135392492,16.600079659144075,72.07678977725327,532.8528094282061,0.10191152149894153,0.1964910260218356,0.24007545600625238,0.13610216955739787,7.10398703170913,2.0636072420075573,1.2409275194981482,Mixed,48,Benign,763414
70193,12.942801042686776,17.742419223837693,94.23723742512267,475.240247796124,0.08617872747022981,0.17395811039774375,0.0555909044221996,0.1499725130882315,5.34355194977685,1.739256934733508,1.4326155486190255,Connective,29,Benign,820138
70421,9.454243312653169,16.257192339784297,65.98768689425687,535.6184676689068,0.0918643284607885,0.1396379170355215,0.06076932191491567,0.22715554730670773,7.884469522503318,1.327820204727301,1.0178187313181088,Epithelial,21,Benign,183955
70790,14.25116069156682,23.778401709311105,123.42169980439613,1231.6797691526901,0.12006599892480009,0.3357893036683191,0.29062773848091816,0.22940572382592953,8.796356909159892,1.6904583955461723,2.327059166470649,Epithelial,67,Malignant,335476
70887,17.370593189712093,33.18742163531482,156.9746470810085,573.0451411323418,0.09870270076942893,0.1996272896997941,0.20639384012001724,0.17700641917097068,7.32746667787948,3.789501124097447,2.237599113359807,Connective,88,Malignant,503661
70298,14.63849896766817,28.634593561805083,127.02515924087271,1064.1544672714094,0.12491430862208874,0.2985935529823287,0.3977138021508955,0.20032265482798015,5.211703173135124,2.7092515035280766,1.6166846793656937,Epithelial,54,Malignant,222156
70865,18.167414267804347,22.396035731299605,114.73334305927077,1147.6669410501866,0.09446316488213806,0.19066708519221562,0.4731781620981553,0.23699031990280217,7.767531792439369,2.9396436990368637,2.444935276673884,Epithelial,47,Malignant,774687
70592,9.151617326337716,16.52179352899163,81.5038473056774,684.0000772336138,0.08792004304080689,0.1448916352073629,0.08308187931523944,0.12450026213848236,5.579593359633533,1.4508947618788754,1.686317823092208,Epithelial,19,Benign,774493
70082,11.153921044085884,19.265971318498185,57.408667324097365,775.2140090369378,0.11300281560249248,0.1971682823938836,0.14292076132033424,0.1692529194091154,2.9241121561299224,2.044237075515907,1.074844374661567,Mixed,107,Benign,857344
71166,18.28605182582045,20.9355899254493,136.69655480312215,838.8676010742101,0.1327362403297484,0.23137405912606154,0.35522535634111735,0.1507768490655589,6.597451057636006,2.743938229594201,1.754281390338555,Mixed,47,Malignant,553966
70746,16.152116164748485,25.773580798038626,67.62617586295683,1440.759623847343,0.08393256477041784,0.2989832692434028,0.20172715820974266,0.19144327838712558,10.1625931799665,3.3058973492897734,2.2982955227759585,Connective,17,Malignant,218323
70050,15.176391334320057,11.730545306025817,69.47374336803821,1015.6359793699021,0.07395463770915489,0.1472019076539659,0.12573219154295723,0.15631695452850664,6.178953000215053,2.9687059015385153,1.5322931001408584,Epithelial,84,Benign,914660
70351,11.101877096480624,14.61130730585236,88.8921835225143,692.995059706431,0.11294405586270963,0.19649517347281006,0.16184021187282693,0.18815753176072803,4.838906504121234,2.795734469941235,1.2534137683015205,Connective,81,Benign,680997
70679,14.54578405426178,21.03275809930699,98.16051879721275,640.2590234549277,0.07986649945554788,0.0880349827761068,0.05726665641242293,0.1246951946579278,1.9636645803168777,2.7267715059959263,1.0578264011015523,Epithelial,103,Benign,614302
70411,13.336746425798186,20.180619497027497,51.06977847705737,434.6500101202302,0.0887335705293058,0.13170244607640508,0.15957743599346375,0.20587928670082944,3.3905136580464834,1.5391145372045891,1.3791454552994467,Connective,20,Benign,982273
70904,19.64214817445157,25.386006614756507,96.5156207203997,1343.909350000627,0.10277486116140332,0.18001505760352743,0.277779116385153,0.23406144074054416,6.870080379516812,1.7781295554861563,2.150716703814564,Mixed,94,Malignant,484309
70324,12.056957455144522,18.83152256863309,76.47851972841774,571.9285681810043,0.0925482293259042,0.12467736911964966,0.13927115665120407,0.16628553972213192,5.86849381365856,2.0061550970167668,1.6985099211146588,Connective,69,Benign,509322
70932,17.65832566647817,19.569001880160872,82.02048324217394,1275.4528487847447,0.07664598110626936,0.1954784840031076,0.09164797888590709,0.208363335585814,9.477172226194691,3.9502863679367595,2.309857159398737,Connective,16,Malignant,414401
70988,18.886264611884798,23.829998603925077,130.08124254462248,1072.507366764709,0.12780466644067592,0.15591487697698772,0.3634665668693953,0.21213727010621738,1.3549940360761337,4.402747397170569,1.606350057420543,Epithelial,73,Malignant,171936
70363,13.21268174668188,20.56907668683518,94.70394429082525,475.0992352331834,0.09262562419359739,0.19584335264657415,0.017421394818993102,0.2237696399297734,5.270431462503395,1.7039477217250523,1.797739258523403,Connective,119,Benign,498787
70345,24.389910483439785,24.974423572939855,102.0137924925922,1074.0798014190295,0.11476826816517788,0.2346754336672626,0.21261489528030764,0.27221352957900313,7.540828989611955,3.242003397645035,2.1605275720937183,Epithelial,25,Malignant,311720
70071,11.743337966080572,19.00762643169689,89.89478448165875,450.2594559693589,0.06767005267719284,0.022398671072590567,0.13822731551444675,0.20017995018898047,3.7156852785624883,2.717790218928042,1.471372377722496,Epithelial,92,Benign,133509
70910,17.075620308595262,18.734712355509224,120.93102642862611,810.1335612148157,,0.16519406494042033,0.24114305013932547,0.19890663919197343,9.051308903209053,2.6329626419472243,1.9965965471238802,Epithelial,27,Malignant,704361
70024,13.416854262502772,15.493819044791323,44.110877777041054,558.2458409515278,0.11068870446334192,0.06978870952449547,0.3244450809816787,0.2100124714588255,5.115097350467314,1.3734937183320874,1.513254148094809,Epithelial,23,Benign,777468
70102,10.017138562218266,22.784357661133477,62.16466911161024,571.9777248375943,0.100232473154305,0.17491828448424032,0.2664438205315377,0.13794171612844996,4.415068187041688,2.198884460652386,1.6213646366478438,Epithelial,34,Benign,863864
70707,14.991173796732824,30.666272896313664,79.08017037180568,,0.04681376574855815,0.2868713312356746,0.22154224411241888,0.26879413554270304,6.9040355632853245,4.268956383705898,2.0633378817521573,Epithelial,30,Malignant,937794
70059,15.5338931531467,32.05957013518054,123.81039212761831,1187.6769459394313,0.11296148871848051,0.13454425162380892,0.2661173313157311,0.21529659906214538,8.082604347828632,2.9249272972199436,1.9877533893115917,Mixed,90,Malignant,532207
70645,10.945525277870052,19.98250077159417,109.68929608252195,291.60279336972695,,0.17881434455553935,0.03756709754633605,0.16170077272083727,1.2937410181079216,1.2877066534272574,1.47401419255953,Connective,118,Benign,534262
71122,12.428877303727411,10.678522112903545,81.83841198241788,321.1761417978352,0.042462776901257854,0.1289890608946512,0.0165602654438436,0.1769728581140079,2.3337870643666836,0.8156304647477621,1.825869985262098,Connective,6,Benign,151911
71106,10.159208006487034,19.19834123173539,80.86026904969522,335.7369967821522,0.07156062689733539,0.06466398336849298,-0.00342744114399683,0.1696223366405628,3.4116079644635504,1.3241828398425737,1.3060201117382135,Epithelial,103,Benign,184227
70362,12.226174326611272,16.92405898085683,98.78743593725,647.4499517940413,0.05462131247633534,0.09119703328228088,0.07968571242174616,0.164293537359466,4.533609411434321,1.6753261497532645,1.76082791345087,Epithelial,87,Benign,769436
71165,18.05283647109965,11.438132036842644,128.17870709707367,447.2755017900396,0.12180351006063915,0.21173922797046563,0.24552617473779445,0.13332348942114863,9.17907603001963,3.4176564969697454,2.2861588460026314,Mixed,14,Malignant,322485
70219,19.596525996610996,26.936476837209675,104.13053785492914,520.7884046645302,0.08269304589922041,0.1798625099814389,0.3737524537806767,0.21002507327345674,11.50788712258617,2.9863028835165397,2.221603819817352,Epithelial,6,Malignant,358375
70297,11.694326580549022,25.984811001696794,91.55033730696061,498.8711806309824,0.07854023047237361,0.08910770087738804,0.06187124892065939,0.14408225888523715,4.6902957475226765,1.9531714196852157,1.21540013284698,Epithelial,29,Benign,290960
70965,10.321392471417958,15.452505756327575,67.09239123349676,678.2440067442711,0.08121618504586306,0.13922632177684033,0.12583266484139013,0.11968553367501697,2.8481002801044286,1.2383373062916916,1.2234018293520157,Connective,16,Benign,531321
70482,10.419764706199762,17.633896865024646,76.41602267814318,445.07180170125633,0.10777025621329056,0.11895523238819561,0.1553663358150409,0.20951203739230917,3.3959036816294184,2.2794653442847275,1.591513705909664,Epithelial,52,Benign,686001
70232,12.510742631081484,24.02491885995855,70.38972509753599,500.97235031764535,0.08047157301351586,0.11848355786237291,0.11019908304516873,0.12103269231813896,0.8741402061867958,1.2797675805614592,1.7037315488242748,Connective,48,Benign,851799
70765,18.546628133176824,21.362027607527946,134.18427303627314,3028.050802278597,0.10113245139170148,0.35426712679881406,0.4378705004242783,0.2359701799908504,4.260989555148206,1.7117775586131356,2.7840480042807885,Epithelial,93,Malignant,359492
70948,14.96896111162221,39.258426136129074,143.29285334990695,,0.1109299549234067,0.1475945085694911,0.2235176551543632,0.19040610307472652,11.267634769508554,2.08272722276303,1.9481964402686418,Connective,36,Malignant,719258
70902,13.141060781783276,22.06591915988561,71.15914107724336,788.4466258568514,0.0919931138294698,0.18639779501652273,0.15952885901458394,0.11223313946689392,3.5100498970936167,2.258649248304656,1.518375224146309,Connective,22,Benign,128376
70052,20.360857351027015,22.00221876695163,147.36384978878155,978.5041734632682,0.11109479119657771,0.09877609695200691,0.33985941087526755,0.2140883599896523,3.2852118175237965,3.609519541437087,1.6894157492709596,Mixed,90,Malignant,901195
70582,7.733264846104408,18.805322603302713,95.56191655263459,542.4559965670394,0.0651031207354289,0.16787919966354029,0.18268471108380854,0.16186265787449752,4.3903056840646215,2.267386721955324,1.2164977750655879,Epithelial,113,Benign,809149
71027,17.181095790870987,22.415648182168812,132.91051074833948,154.25083412464048,0.07804254965378331,0.30185875774757426,0.28581628734866077,0.18298414052104547,7.507331243473841,4.066609625025028,1.845296618339522,Mixed,107,Malignant,774639
70554,12.375563661197985,27.49956887505138,118.0668953520423,1039.5106218582775,0.10136143146456274,0.2572902092397851,0.36065041898371203,0.21607238855262048,10.18778989136122,2.9202631435012023,1.970398787845231,Connective,109,Malignant,321008
70486,14.589076990851094,15.834348698838442,102.97463699223556,996.332588965952,0.07806662270133105,0.15144936752092647,0.24723794385197456,0.1898533543873787,2.8877827303809034,1.956926665716769,1.2598265859441504,Epithelial,82,Benign,142447
71167,16.916832152962332,22.563290470926205,121.93395257003327,1455.2160625423558,0.11853085929208568,0.27010038862411545,0.3906265062330102,0.17560722182670468,10.562621273751386,3.5344679103708936,1.4663046431526536,Epithelial,115,Malignant,247021
70110,17.857881128501006,21.972688142350336,133.9616877487218,990.9473014175875,0.13309444631609943,0.3192131645401792,0.45196670952518875,0.19159320125828302,8.920184866427695,3.3156501279761748,2.4951035475190153,Mixed,16,Malignant,432662
70619,20.067893973787825,18.09659441947315,127.49164618634488,1160.262927947984,0.13582490197740973,0.19640502818033156,0.3022584932513853,0.17521558653024055,7.339667506222825,3.3829003053512285,2.731943667347513,Epithelial,71,Malignant,591766
70124,10.505981789897413,18.02028207341565,130.37296175936396,931.3871004902347,0.10686061030174791,0.21027391194765777,0.3081261416150271,0.2261759808371265,4.449162168086317,2.70837734558782,2.544736329726421,Epithelial,51,Malignant,320470
70055,21.488316847029655,23.50659779411066,103.44771564270194,1276.905327060589,0.09023083216862375,0.3470469644893139,0.15005585032592916,0.19249097698452605,11.844424884717782,2.2414976017967896,1.6898263760992331,Epithelial,65,Malignant,686066
70918,16.453494616691206,28.517603667482746,94.35042064210256,983.6211688421392,0.11500001664579153,0.1109439493776697,0.4340507467151122,0.24103772314947353,4.350109788380726,1.318697632009711,1.8485465772657905,Epithelial,15,Malignant,794595
70711,14.760516563508117,23.510699695697895,109.72286400624003,481.6575903086851,0.07646261501524768,0.12865368020942558,0.12090845710044962,0.1627086781206576,2.5093140829936815,1.8490538874706182,,Mixed,57,Benign,353444
70129,14.921754927520148,28.183175428025617,132.13992489832526,1113.416883589411,0.09887036469604382,0.226859348282408,0.25520926338451977,0.19758698170685493,13.376826721240125,1.4906866989165644,1.3295566585725365,Connective,16,Malignant,497932
70057,11.505116015967984,14.213555736873142,114.42896030928635,1074.6176373891299,0.0789121081918977,0.18732016010236835,0.25928947652892653,0.21694112104537983,9.450558124130975,2.464772639225232,3.0128433672269037,Epithelial,53,Malignant,150328
70087,21.033877228589944,26.568209083591942,106.06104544834669,1441.2348632409946,0.152422245489516,0.38717821141388425,0.2417528774667804,0.21722018535556348,5.72409418141707,2.8149898451464153,2.2934610057555957,Epithelial,13,Malignant,443607
70716,14.268564601279357,27.646487871638204,134.47810239986455,935.5188577574468,0.12861324020753506,0.18199311804929277,0.14860522481087737,0.18208033517846928,2.7210705794664136,1.8088750840534917,2.9250560910664785,Epithelial,68,Malignant,596224
70927,22.771178035012458,27.914786623924073,124.87032070405758,1214.9737635130746,0.08979745886185729,0.16532476206926833,0.6251857332594012,0.2627079072788953,5.565774551395395,3.649640595041578,1.7252744603932224,Epithelial,91,Malignant,269916
70276,12.345838793141338,19.821945842350186,75.29653830544153,455.2206533519736,0.09390613783594177,0.14974530974718608,0.10199945921145508,0.15470636459388548,1.9860006051222676,2.1531783811976437,0.8584746229780462,Epithelial,36,Benign,175093
71183,12.509130173328291,16.056230621250055,70.94021211176185,452.11581756758363,0.09535915709962033,0.15455082842375012,0.11529060139943748,0.17427442019180267,2.031753805216906,2.3457378744058897,1.0662600293260973,Connective,18,Benign,131191
70448,16.939017283484798,34.59997853353017,101.43695077604882,1209.574828613283,0.16523467814757298,0.3066404569996087,0.43471230860486204,0.2545284130017687,3.4797066989498155,1.455063062858846,2.6022274649335313,Connective,2,Malignant,246612
70171,15.21043274017192,29.312783131037634,81.36542929342332,865.877999626884,0.061540223468444614,0.37045182823547973,0.45830456793937635,0.27364892799072965,6.29541030610886,2.6109678388107733,2.101839101383266,Epithelial,61,Malignant,643456
70882,12.277500108846043,17.560608771758602,57.115731075526256,532.477925316594,0.08151515687186682,0.1657364485808152,0.22168335656179056,0.1666457215299268,4.9374446091903765,2.376840549679998,1.5971130455401352,Epithelial,16,Benign,958708
70911,14.693876917334451,26.222049229709015,89.18113499349566,830.6706088963737,0.13336675395251335,0.1513784225672211,0.40873969791553083,0.1977274881563863,9.627092092214706,3.1915253123765748,2.843808392433663,Connective,39,Malignant,565457
71134,11.801269500871017,20.11279415175331,87.54195941788366,693.6059768463681,0.06692597635434797,0.16112472287156793,0.09875408270624546,0.14321695271414625,3.9739289006175396,1.0627114722822575,1.3798841670059432,Epithelial,96,Benign,611971
70322,18.970443015453743,25.39421841913553,128.9075447280346,755.3421150278859,,0.15344405133456435,0.4417309212222958,0.30439600853243376,5.384376175297456,2.491705910697959,2.316698937106098,Epithelial,8,Malignant,339910
70561,14.026358903260913,16.93458551634384,107.90462957682472,1193.3517119403632,0.1309364300589628,0.23287446692931477,0.19370116933491366,0.10931078493478658,7.329797227786255,3.515645482297503,2.31108263619481,Epithelial,82,Malignant,943837
70433,8.447153903109529,14.47281989128425,109.95920753426972,500.5609408461661,0.08404312349699353,0.09431775111710293,0.1777929599768336,0.20620648672780573,0.5736860360705989,1.6065568494308964,1.200562195472275,Connective,116,Benign,776324
70429,17.06539576445263,18.752978864426982,81.95401423275713,1400.8391265687299,0.08486330019419396,0.23362722316326912,0.1327568071825779,0.2162636602154583,9.36597191077315,3.253085608060185,2.3482577865203433,Connective,92,Malignant,693901
70637,10.205990879312905,20.91281282692156,95.42915466955067,816.3463562038071,0.1023116832676363,0.19855744485467683,0.1435356647465829,0.15419462498295122,2.7003676451764704,2.6071489290949073,1.5524272382645814,Mixed,13,Benign,679220
70981,13.686442124389794,10.037092564199247,83.28147105177156,603.1609407389118,0.08029010045123576,0.2314927110268706,0.07436635661806046,0.18700332406446635,4.586243827299058,2.0509339684179464,1.29645485370664,Epithelial,3,Benign,666694
70893,13.896768265286967,10.959447634550479,62.861070957691055,723.7229980306183,0.07747025044105373,0.08813779469452349,0.22232451059305422,0.18703611087012623,7.389148202647925,1.62250479976991,0.8635448012130528,Epithelial,51,Benign,335559
70650,17.642752411108738,20.007572965274417,151.33212327110945,1124.2881559354191,0.10496961305269772,0.34583958243288976,0.23881786103379565,0.23039898962833585,6.283242487525391,2.7585601948418015,2.7602415007664742,Epithelial,85,Malignant,685208
71132,15.29134047943793,13.133554152215973,84.79331151829815,561.7807534664237,0.06401770107429228,0.2095791238772254,0.1673126399285835,0.24277288994164756,2.212065270032388,2.3647161589065533,1.0253902267295534,Epithelial,9,Benign,311677
71024,14.899358403631792,23.955454428628762,149.00858592918186,632.037569976991,0.08781461455757919,0.2417792595161087,0.3568077519677475,0.12595588638988292,8.689158641836295,3.309189346762646,1.4780957372716306,Epithelial,13,Malignant,803614
70414,10.69363168589064,17.52516463401881,100.1303412648987,712.2790014221166,0.07392071470011459,0.1753658180829391,0.26124348781873746,0.19214577547641823,4.535309969976837,2.7076050280187696,1.5569929323824478,Epithelial,60,Benign,235233
70739,21.84626967509787,18.690882234265228,100.50463083509052,665.2133482029383,0.12646379005010028,0.18361060507189914,0.23877646246933007,0.19630958940374316,8.291297258926999,2.083117722160563,1.834087458215403,Mixed,115,Malignant,260716
70462,14.172945779217537,12.513605335317033,74.3321766682266,592.5248328897312,0.07566039097684563,0.18671169977825505,0.19364447441657548,0.16569195156988553,3.804915795344284,2.3987013056992748,1.232006030404074,Connective,78,Benign,396687
70434,9.54831525667469,16.593635078585308,65.2659011978277,544.3045019252755,0.059980868547091185,0.1677303191376948,0.17796705353459813,0.1735853865622011,4.5524904979819665,1.265011522688054,1.0508722204104803,Epithelial,90,Benign,279828
70876,15.960609256245785,20.171265176532888,86.4964447099859,1479.630325805053,0.16421902919803566,0.17493002568397387,0.2058277968856806,0.1806013060529312,5.865462333220405,2.6440994437505356,2.1926075922710613,Connective,51,Malignant,255659
70781,13.195621926603488,13.29465464735252,88.91789190451942,548.9757407519213,0.07398807422862065,0.28147361277096616,0.04456603195530217,0.15505618519354725,5.366744316819469,2.5861699381872603,1.5608345605142306,Mixed,62,Benign,865218
70378,10.592212309006719,18.034356919543047,83.64434528197027,520.3973267479817,0.08317569441309139,0.23811113736900894,0.02818406604917778,0.22111921315196104,2.859647174795203,1.624228541775794,0.8871387282237192,Connective,53,Benign,286020
70287,12.266497319899832,22.921091750540537,103.26942013814728,1305.4105923331044,0.13230524682024963,0.3427611168803361,0.46493264576443166,0.2506152608953627,9.514312402104306,3.3034860978918754,2.3946770423018005,Connective,62,Malignant,546240
70895,16.561847266636722,20.8761292580784,89.66206574146813,968.6301022011503,0.10671270470026936,0.5015953857800568,0.23396301618113016,0.23498402072896224,6.15463982790231,2.7476235875114856,1.9860589930953974,Mixed,28,Malignant,553208
70877,12.437756082939254,14.718350681642551,83.12573468779432,324.51945998623916,0.05657344640621506,0.18322986006448344,0.10290194811801547,0.18052998775309176,4.505074046452095,1.7327119660549755,1.6596145150930188,Connective,40,Benign,695823
70234,18.32962283700386,18.581318730754802,109.7135702251964,914.3528552784813,0.09183659465086139,0.19074044224810396,0.09704444872727007,0.18590024524347853,6.855634507527568,2.303455527921211,2.523283814392143,Connective,7,Malignant,874381
70763,9.833261877395973,16.627634723648978,78.77433961787632,493.4710309057063,0.09245192563698719,0.1996188937189712,0.12411081294867086,0.13790117426434753,4.544476599607164,1.4477955425528264,1.5932162770002685,Epithelial,59,Benign,805186
70813,22.754023567051068,24.73716321682505,132.6183033806649,404.7722759822209,0.0620176855285758,0.14477991838731957,0.16739253504479662,0.18275024206023507,6.7791808079993086,2.183814052366077,1.8217476989226018,Epithelial,109,Malignant,398525
71042,18.15618499805155,32.829385467475944,126.02668432179487,1275.849985024508,0.09753271437975762,0.15685159433149182,0.25471362674127984,0.20875108164704517,6.6968507683755245,3.3774853451150673,3.0045414570481728,Epithelial,66,Malignant,638533
70725,11.33146543041723,14.85066088041502,75.57458971828764,420.88547985825494,0.08628564964786249,0.11259594602546874,0.3216298552705529,0.1905039583455026,5.946649538836888,1.4137913738334449,1.1405490116958767,Connective,90,Benign,551470
70901,8.86114587715152,9.021270548310925,85.6775322337628,746.5588318221869,0.09056013327884735,0.07170791841756889,0.15604371289693098,0.1673478477728554,5.529204887544231,2.3496141726951745,1.7019281172597849,Epithelial,57,Benign,104617
70846,14.13241024324845,24.20453812340549,129.34158073992327,1015.3654620705299,0.10390939043221434,0.12274085563006235,0.3585691916323137,0.17252023084319829,10.90847890681229,3.0825264488403543,2.1220488205315484,Mixed,45,Malignant,573315
70993,21.77447195031914,25.498680703713163,143.14476273535527,759.275511957443,0.0773050023311731,0.2763054528143559,0.28639329946109005,0.27785832880977723,12.2070489310609,2.9685618459460286,3.0037163435946725,Epithelial,97,Malignant,301550
71012,15.808529534094157,17.080092373145973,127.06962020603073,434.44650211477745,0.12903371408433587,0.12966197665828713,0.27117548005557296,0.17180503075797754,5.749634047015261,3.5449636700687366,2.094479845958511,Epithelial,115,Malignant,272688
70717,13.925962054907007,12.89595176692223,92.68776776703506,672.7614681290734,0.06154042569505571,0.1328735258871218,-0.11094609183237039,0.16883284698738382,4.0232237718247195,1.9466864222846156,1.488129048346861,Mixed,77,Benign,966996
70267,9.749820122992087,21.03942951807237,103.83508638159304,639.7196392215704,0.11064010890833093,0.10534940535024348,0.05002800632017833,0.1952557646812561,1.3691718898618173,2.110402090009789,0.9614161731939311,Epithelial,58,Benign,237405
70200,9.031062027831657,18.827823097961478,79.3174721692957,770.4415238663219,0.10938981341814893,0.21683830358977904,0.04387304168837937,0.14358905859900217,5.213591831447419,1.5087664175803184,1.3982339125963723,Epithelial,30,Benign,898991
70175,10.324652217265628,18.876609118901424,86.65096925954086,693.4849608415899,0.052487982123881866,0.09541128316248804,0.1486614465783335,0.1332085918473054,3.910500253274513,2.0247359187975515,1.7238382289385656,Connective,9,Benign,701251
70359,12.581524347007475,20.854044311078766,85.86824053481273,864.878692504837,0.1040714022640956,0.1451265346282894,0.1616008197007945,0.2459333698644264,2.261087389620787,3.6135077165988685,,Epithelial,84,Malignant,967389
70148,14.671524481035027,33.845378638869775,137.23244303017418,774.6899824139997,0.15347479525817131,0.1238627345945002,0.21360448372023128,0.18692647025321962,11.548365580568783,2.599644706498191,2.1650280038446894,Mixed,8,Malignant,556324
71093,20.451030570163446,21.92541521368304,122.4897115518257,679.2670971582533,0.14558229871059586,0.28450187494034174,0.3040599243969604,0.22669688124998427,9.571001990118678,3.2193233920986,2.0290436894534993,Mixed,108,Malignant,843739
70947,13.156112068300802,16.18224825286778,75.18880417048163,473.98263683780635,0.0866669440220769,0.03291898341378423,0.13196127931598448,0.20150952218110943,1.5452369880922254,1.1315093597620807,,Epithelial,71,Benign,817832
70443,13.67361584180773,29.67452388002994,120.07413438983626,750.7748965225483,0.16025377125222834,0.23045144669829323,0.3207216071500207,0.17611812723325548,6.123462689979559,1.991061714239153,1.9400182895946085,Epithelial,96,Malignant,894744
70708,10.812091423344969,16.272600722550102,102.47700986205561,661.4071211069353,0.08262093511892471,0.08363815101280779,0.12220096491764845,0.15364138788471765,2.4845543131222247,1.3565339957175246,1.0362423090642066,Epithelial,115,Benign,326784
70399,18.522238125027496,26.215240472228487,87.18211737482457,645.6793993204411,,0.23075279925089512,0.4133097822227134,0.19526316828552093,12.47284349190295,1.831821004191338,2.333316026810863,Mixed,37,Malignant,164105
70719,16.206099106939302,25.354757073502725,146.59659437447237,1496.3577204061949,0.10475230522230097,0.24968433951085647,0.3786568839373372,0.2164052461104241,12.04852445973464,2.2767396235499358,2.261073282111829,Connective,31,Malignant,830112
70515,14.589853814862424,21.029775253199585,94.49332218935095,1071.2364614835597,0.10027975536351566,0.26072951860216487,0.18679089886758699,0.19789587906284312,9.93200772524569,1.9697228055903038,2.8016874299005576,Epithelial,60,Malignant,760485
71186,17.62172371791068,22.936354014534537,113.12250890053281,986.9045280819795,0.1501024555549759,0.08895336705966457,0.40149771009258706,0.34506535634509117,7.1139875416489415,2.54708709660892,3.138532864931011,Epithelial,26,Malignant,700759
70328,9.637942824398793,27.68820550653823,57.689601249113856,317.7421481293586,,0.0290582675596484,0.07290058393988737,0.14409905714694124,5.56961795076953,1.577901348428615,1.7508351459568428,Connective,116,Benign,599729
70874,12.747496854043865,19.547495956575904,80.69792698900562,1012.9800450562004,0.0999258707809888,0.077708600421236,0.14902597953387212,0.1563649489746923,3.9337963357477634,1.526850343721659,1.4953097101632484,Epithelial,34,Benign,860556
70771,10.784392163247281,14.944628779376613,113.1277502001376,806.9886473729645,0.10140294351701301,0.17730089518759592,0.10259261507944901,0.2357983250918183,5.929982710821771,1.8060127923959712,1.6131449515875862,Connective,30,Benign,949244
70169,17.624153409994133,27.90986867636957,136.44393431876975,872.9723633671032,0.12654321837553992,0.2840268349329068,0.16387234163393713,0.1457091518477711,5.162691369565657,4.04752335096777,2.39798411128235,Epithelial,28,Malignant,366970
70210,18.1192234508257,26.583525231736704,143.47508150614559,952.1524539938628,0.11009958704060209,0.20077244105385303,0.45263336365939716,0.24245222022791035,8.219441878802998,3.053564527688489,2.1836510771665867,Epithelial,80,Malignant,213903
71092,15.89385716796297,31.660477435765497,115.89746471319404,1382.8445704409155,0.10906273070687951,0.33630665774092433,0.318555751704319,0.22226965237504376,7.2398237637254805,2.994781789040329,2.115105443721331,Connective,103,Malignant,147308
70136,9.9000019141035,22.552307522354795,114.34899553824572,990.5598586268862,0.07937041253570815,0.21581219373457652,0.047370538251527136,0.13635553070319734,7.785057645938943,2.64617381989967,2.101438584468249,Connective,44,Malignant,901142
70185,13.642784007265215,23.32667012495252,105.39988453610573,557.2802365632002,0.04102449480671884,0.1503810266094045,0.15458595639528783,0.17522604027077215,3.461567440976186,1.9378992045405166,1.3973630491062108,Epithelial,27,Benign,561370
70721,20.556105472854124,24.538467804793026,158.19478521321997,1183.841171727737,0.09127118362832347,0.29477312089754987,0.28450202161913407,0.2097483281979974,5.5793899242460885,2.982179594536556,2.1434392208818216,Epithelial,30,Malignant,399483
70465,16.944359449132943,22.274305383828633,134.42843729632412,1079.7722476487393,0.10612378352870921,0.29486542297022056,0.10299752028860756,0.1607412731828526,8.07959389771385,3.485012029374265,2.6681624077771935,Epithelial,58,Malignant,225535
70693,15.079442989587443,17.74765201343293,118.89814410524751,933.821174454271,0.12036256801407166,0.34408032422284945,0.09773475551730075,0.2397710330645092,6.2696563809137915,2.7355789764874596,1.6149456007194867,Epithelial,98,Malignant,803355
70159,14.92640583420655,34.45266608152023,108.61019858854662,1103.8938147295448,0.1131760673003725,0.21887742466288995,0.21548591515127768,0.17589420361457392,8.460521106627857,2.9655266731517305,2.2594975116882923,Epithelial,111,Malignant,932865
70141,14.817502787986955,31.73593786518434,154.8772587846519,1436.9306310696081,0.08580069024061321,0.2951183871497608,0.439299699713058,0.1833757768836351,7.303504516216079,3.603980110516242,2.3763065849381806,Mixed,118,Malignant,681626
70428,14.77582763907996,22.010592082667824,116.87466606347706,963.2334895480848,0.09806271007897249,0.20254707977507924,0.2132786594003942,0.24777347419186838,7.967839045083371,3.2003897533100454,2.3474407175288423,Connective,79,Malignant,712011
70992,16.393249268004148,25.891959915771064,117.42654565491254,1026.8078386415557,0.1204642331557362,0.2891300994815705,0.33839867722162675,0.22316626203372883,6.1225807554919225,2.89648930401693,2.1508530768340295,Epithelial,79,Malignant,736825
70529,17.46067857826975,20.980630738340064,117.75791551749813,1671.05986154915,0.09860293161569952,0.271150339647408,0.38161693882226566,0.1368038455534642,10.600874051683096,3.029326270839331,2.719658347570091,Epithelial,99,Malignant,330752
71147,18.173770519369143,29.028134640889707,100.8774277562779,,0.1453443681873232,-0.03964553177257975,0.053383460487146595,0.25109256023880017,12.637203950332196,3.4981212568287066,2.096942427652801,Epithelial,75,Malignant,791289
70248,18.66169122954841,24.320890863910325,116.46116384299125,873.9908182745783,0.14570585536186728,0.16215117921776914,0.21095896074147022,0.23717012742800841,13.608800932491295,2.8402642960766453,1.656197097850944,Connective,30,Malignant,566252
70382,17.27319017832504,21.93328973013274,119.35159072685924,803.9686407773155,0.10049820082768865,0.39571108016409956,0.3230950177788001,0.2281762223728567,6.041051736595955,3.5300365769094237,1.9176665627544893,Mixed,118,Malignant,180173
70866,23.197186959393495,13.010276890912369,108.14586892773472,1307.682980951891,0.16281298227407004,0.2942027858864083,0.2844432701091346,0.19957426655779498,6.96596123617608,3.1895181519299998,2.7469717008191887,Epithelial,109,Malignant,504809
71095,23.036204751022257,16.894630111536625,107.6963476741253,1419.9563622564342,0.1094993200789119,0.25993955181510353,0.3299460983880088,0.22323051573033648,9.95726748725805,1.9569058372317762,1.3603286986348084,Epithelial,117,Malignant,491093
71010,12.503296725987067,20.892954720661287,79.90927222041373,603.9420038504603,0.09768762547234727,0.2545006448851878,0.17505178696643925,0.1747567455718801,4.311187020397616,2.480522798829962,1.7826316411107181,Epithelial,23,Benign,596870
71143,18.461830545598705,20.984930678381392,119.65721223929151,1176.7888226200769,0.10755962802753866,0.4239510058467195,0.4939759921903558,0.24774674918427858,11.047330329016791,3.3270615367712124,2.6526423859337296,Mixed,61,Malignant,473911
70364,14.972646573297652,8.25730772240005,141.18273283926555,1212.039620398128,0.11411941322669825,0.31250595204845383,0.20760659503256826,0.2660631255599778,5.910005778896093,2.054382353987813,1.8262003032730512,Mixed,111,Malignant,320436
70209,16.423399532896287,33.888051441438634,110.77862660229611,1106.234476431101,0.1334607214395046,0.22731274664752835,0.45612727237562006,0.23300540414604512,10.547962134654117,2.631702405744752,2.047257000099826,Mixed,109,Malignant,406880
70983,12.90380035511017,22.300885755056612,53.5185695371144,242.20390184317068,0.07772981960444056,0.12060135095275444,0.11831435822963715,0.1268853863056637,2.5283818264106275,2.513783179577466,2.081123021094647,Epithelial,108,Benign,116251
70807,13.90977122870826,23.09973673670482,100.48284470609282,790.9640763610937,0.0909225138248944,0.1372817812776199,0.14637020782083454,0.2010046187830508,3.235455296656171,1.8344104322987655,1.9524407246316464,Epithelial,80,Benign,920165
70164,11.277722102919844,18.008872618760105,95.90432961330976,636.3796014104224,0.09902740850918025,0.11686274332013633,0.11219613402007357,0.1617927936946693,1.6409967279875488,1.247697522922313,1.5883658640926999,Mixed,116,Benign,794743
70423,14.89451142561432,14.854255038495765,99.30247507284747,599.2357750754614,0.1023201972654911,0.23474147945827809,0.2624221125511104,0.2532779271085299,7.1961681051393285,2.9224036397464177,1.8117331393573235,Epithelial,28,Malignant,907957
70964,10.13232728912058,23.44582111577251,99.48764871304454,865.799534524472,0.06832461163731127,0.221222568624631,0.1758766932976718,0.24178710524193103,3.9910684336377322,2.45089638332271,1.425378190365674,Epithelial,73,Benign,478956
70157,10.098665972274263,18.362831544652444,67.04201050406449,395.57341569180386,0.08238019047448414,0.10752231392071984,0.1331373213055823,0.1292030044062741,2.614661018977753,2.353387312630133,1.2597088495365087,Connective,1,Benign,883374
70329,17.669536332557577,24.408405085711966,89.17920850300158,1174.9393106639773,0.11226459808703743,0.1942704076782122,0.25743429969732057,0.2521494127059573,9.237851621169126,2.9287505283901174,1.943752185045851,Connective,12,Malignant,533534
71197,12.813632368160187,24.245979646102995,83.52740857916405,974.9283354278439,0.129701760040074,0.22820138290128264,0.33018149432016664,0.23038735362984863,5.237043604350934,3.059920442007679,2.651779607525927,Connective,11,Malignant,750334
70221,18.173078666139027,20.17372165876693,127.58350182101405,544.9327600596519,0.11887154111637495,0.07125539835461733,0.3690620266077529,0.2291199754978775,5.938054934065013,3.215488597188082,2.196054722362202,Epithelial,36,Malignant,140113
70197,9.975112603722797,18.786127948951016,90.54088509906934,328.0757434568653,0.09690225426606745,0.19914869289474968,0.11660569851966188,0.18557050941922038,2.6348923654465595,1.4906429026751378,1.598092225485703,Connective,118,Benign,906773
71001,7.365919410829328,22.546511165070108,49.23800216008778,373.15624092794303,0.05687818309119952,0.10362692007354718,0.16822756706532271,0.17698894255234762,2.766552831640968,1.8210463670623913,1.384689397611512,Mixed,80,Benign,603477
70533,11.518770446470286,18.4608521578514,103.62423048961458,869.4416825113952,0.05830153027783826,0.058534234509142746,0.16321102706903912,0.15780143164806398,6.669417360602517,0.7663798596704987,,Epithelial,93,Benign,533810
70295,9.497853811267781,21.06773263716458,80.05941921386881,443.50537522040815,0.07970882094014412,0.026380730944524745,0.10935148743161277,0.16400968094430607,3.2387431570534324,2.048646591066609,1.0717924688664147,Epithelial,77,Benign,916418
70199,18.514062441895653,22.860515186723237,93.31512492776582,1320.0270038491685,0.13604485297553987,0.3506082795454934,0.2700469192141236,0.16127406351722906,7.789561627983663,3.1858091826807566,2.04921927763254,Epithelial,12,Malignant,386437
70368,13.716222763622106,22.095423332308822,127.55222425184901,957.508503140539,0.11416476449247769,0.3324897132551552,0.12373650663473185,0.3359558658018749,9.340903006588388,2.9685086266197462,1.7858364730975078,Connective,51,Malignant,395324
70942,18.61741993564793,23.66247282739289,112.0019777068324,469.0738917018811,0.10173171948004303,0.30003907575514005,0.4347151424952801,0.2824349293437797,8.155858799890044,2.7812380490440884,1.9196494078481394,Epithelial,69,Malignant,917323
70558,17.33978008609417,28.855505117227253,134.3846117522395,1053.6155743657525,0.07610876741829953,0.15771838570172042,-0.030912284999041882,0.2585458341678591,5.805681661692745,2.0161470872651868,1.0767189901106353,Epithelial,116,Malignant,520631
70653,15.349121451937275,31.073790537086257,91.56991183660764,1113.7012718530707,0.11596500183165252,0.3110851785680928,0.167937126451582,0.27936592096737745,4.609569847012581,1.6791123114601043,2.481945370906066,Epithelial,113,Malignant,672559
70668,9.24257543000436,20.35291613095903,102.05648454518807,275.6687314711325,0.10640550949769105,0.057073882873002094,0.2303714537929531,0.14058641312094194,3.905496173565092,1.417806151072258,1.4962571848165056,Epithelial,104,Benign,868921
70291,15.037843720627837,13.160075994627036,103.96858790294613,546.7450452966895,0.06863124554447657,0.08898369333022128,0.25045065879326867,0.22632344107878388,3.559301387035004,2.415126490899603,1.6771031735631383,Connective,56,Benign,279518
70631,11.030889438462797,17.638990562290196,59.170669781975235,737.2567541195605,0.0958755378846946,0.10088782670068906,0.07783079458032005,0.13306720822202692,2.660150824709962,2.7028335873036493,1.0980577648018972,Connective,64,Benign,832794
70990,17.5866638200211,22.95239726506774,95.08104018433535,1352.9415744690132,0.10289279430576986,0.36736149903522275,0.35671933243535364,0.20695811244064333,8.933706625742833,2.8827854295320616,2.3229823871560136,Connective,70,Malignant,250019
70977,16.3723032099417,23.160761957324578,73.57640234839067,1002.5124596809858,0.1203590521044697,0.3049239819859644,0.3264273171753345,0.19679285700919247,10.357341019393147,3.395515933991369,2.801462186965353,Mixed,42,Malignant,606253
70539,11.510367521754073,12.713839172883059,109.70112850166029,783.1413669995243,0.09439926872644494,0.18229186658433305,0.23208456634614572,0.1479667999974286,2.4511764470434136,1.0669442100629736,1.2633822146705929,Mixed,37,Benign,481430
70528,15.475163630382125,19.55093779208738,73.6050977769761,47.24009576540798,0.07705974641447007,0.14727546550494464,0.10911814424075808,0.164396635877642,4.176712101081861,2.5813079123353893,1.2102832228028904,Epithelial,16,Benign,743032
70097,10.040128424460928,17.641098066354996,65.7238329006242,582.6685038403813,0.08472342194235866,0.21385531624951104,0.12343316668166827,0.17214822986801667,5.514780241118564,1.4316945332462412,1.5622996710937176,Mixed,19,Benign,798350
70466,16.492154017334098,14.598095357798943,74.2447361738558,604.2602503559776,0.08642326482775892,0.18930332177534495,0.05241005316373095,0.180403127087027,4.70338509383178,2.106353164809651,2.0953245354712164,Connective,97,Benign,936171
70848,18.52373194550368,25.538204391854652,110.28089027953644,1288.9025576239815,0.100663673600489,0.28049574012659034,0.3067743703887761,0.23165708522300812,10.955681126648848,2.890296211064286,2.6261133131808903,Mixed,105,Malignant,804656
70179,10.136524175335557,24.12905067419124,91.11134567754661,609.4993363155735,0.07980073890282456,0.16033016586840104,0.1978913873488041,0.14779291968515115,3.4424794919927812,1.8235313065920713,,Epithelial,2,Benign,459921
70032,11.86233325004863,31.52182033771816,128.44069891310883,809.7269497198333,0.07150851452617779,0.3620432074046511,0.3699898092028424,0.16733325048900954,4.6079396236169075,3.1784278427733668,2.6804248240459354,Connective,92,Malignant,707376
70837,14.85414118246238,24.733745939136877,86.47772565713791,1247.2509482394419,0.10694619384763003,0.09873559372080468,0.2090315235149862,0.22847926843581942,11.816617411982461,1.210324304610655,2.288811813321516,Epithelial,71,Malignant,317814
70885,9.984554041223216,17.55107017337465,74.60751835031873,684.4270422558718,0.07486574449157198,0.19715327457888596,0.13204212614907157,0.25761471213261833,1.6108502590337537,2.318744108023616,1.306069607167436,Epithelial,6,Benign,217871
70917,15.801517748402143,15.276155227872554,58.19302173880591,723.0020678338425,0.09770410993367257,0.07335842531979839,0.05482131413560912,0.13804749852050188,5.839420620126559,1.9892777959094816,1.4049430760573793,Epithelial,119,Benign,544000
70571,9.48943320192382,12.69112807070476,77.17845686682422,514.6865387309722,0.08874007327707191,0.12546617944266727,0.07989771985369774,0.13487962149488916,4.496234087947957,1.8086433818831071,1.9348076915050423,Mixed,79,Benign,547080
70245,9.50035054193441,22.24817185120655,88.88800579380866,423.10329773595095,0.09152529205507182,0.14482563451481667,0.1531175516742376,0.1709173264404073,4.304729995908488,2.3585980821708983,1.254536490911894,Epithelial,97,Benign,208251
70334,11.935378035599028,17.956498677704506,71.32669750068621,751.6239303005124,0.06104847723077163,0.10127753066666584,0.1795246707503414,0.2080620937138932,3.3809496374500627,2.0774857645500684,2.0041049861604723,Mixed,54,Benign,547106
71198,15.607200148950607,31.530206742540226,116.62697766693529,689.5893920412217,0.10143525964656758,0.19825393418959886,0.15767678135643065,0.23431566036866142,9.57094595097804,1.3104782637261059,2.1511852067075745,Mixed,107,Malignant,405269
70753,14.004401617174054,8.13145504477209,67.02485535483737,364.0615999409928,0.05070305797792662,0.08723401712289447,0.0862603436019093,0.14226928604424563,3.514153081709636,2.173695179296544,1.3547249338685219,Epithelial,6,Benign,962573
70089,12.296226043676267,27.964435071731323,106.42650406237388,840.2844804257111,0.055965972684366025,0.1987506256431391,0.34211746604439114,0.2128981251924375,5.856900111041083,3.4453230383709426,2.1675810989396145,Mixed,39,Malignant,773387
71002,13.404728374431176,20.032187546998088,99.38060585679692,900.8956028546738,0.14663575385819302,0.11950820334901509,0.4254723133931481,0.12742950910218315,4.188364858771806,3.530755319295901,2.747541207262489,Connective,98,Malignant,938122
70383,11.314375679044753,8.119764918146846,95.05536066668003,741.9592536215824,0.09525822513596756,0.17218916390250133,0.037526322967808806,0.1700681381109655,2.8987252548147127,2.4311718983701147,0.969218975310367,Mixed,106,Benign,149147
70366,17.72100806009763,21.27132466717073,123.30950303012499,1981.6200173422917,0.09142664759271799,0.0785271148778589,0.30709640474011635,0.22011533108520331,6.427548976987963,2.3766004448703018,2.536274237742494,Epithelial,59,Malignant,814794
71136,10.60362479549398,17.720328227374004,65.21284255286791,484.71080889888805,0.07582378487872475,0.06071873475750448,0.1601275076316988,0.18956684244829008,4.464282624348094,1.3873598751924459,1.687732954449185,Connective,82,Benign,144200
71059,18.168257420373468,7.370208544653662,95.40322454917016,1500.1378260075078,0.09182006378517313,0.38686791057474923,0.25375505857995756,0.22654283265234415,10.465281353591159,3.4181253202078845,2.4203053158467323,Connective,81,Malignant,209202
70599,10.942730130088487,18.19372024413025,95.29014900873028,438.36699569117053,0.07752590987330522,0.10025898140853207,0.1712581322265788,0.16554231470127673,3.093380636879452,2.3154399988393863,1.5376923708442558,Epithelial,111,Benign,592056
70579,17.803237671147638,25.612229283960637,161.4200799212361,1222.1408428995594,0.14882073300497106,0.17907722489879335,0.24916627983182912,0.21598238390548688,6.5748900189574755,2.771250629011427,2.1854366005412342,Mixed,99,Malignant,662592
70824,16.286101818535837,16.53271386168571,63.9041715556411,353.6757471453624,0.08669969283486569,0.11657133131669298,0.32700293761327726,0.1589307004545989,1.2117072939916498,2.529037697520531,1.1785749360115416,Connective,106,Benign,872197
70591,16.285771755202163,21.332000252789232,98.31142532964705,984.8240950121265,0.0950990862538117,0.2462374442799166,0.34056520266828283,0.2729796520186078,7.5779195045512,3.1780042734314935,1.4438142797657632,Connective,74,Malignant,752747
70530,11.389996999871311,21.378463089525553,92.95357038703719,726.1795806719567,0.07233656832999195,0.1310932609141418,0.19489994704421762,0.1447611877512736,3.53512897712962,1.9266980767446125,1.6683323246202892,Epithelial,100,Benign,394729
71047,8.940071507054778,8.820929481342159,100.43097435391216,653.3690044954205,0.08231090415515636,0.08523601442717196,-0.01929251234655767,0.14292684916515486,3.580714754944076,1.6516379935032417,1.3740456854781038,Connective,104,Benign,880470
70550,19.422795852595197,,154.2617176936301,951.9813481069472,0.08761957139618612,0.3191820950321964,0.2345339245715916,0.20379184348532967,6.45723517282207,4.348398739673895,2.509697005375203,Epithelial,99,Malignant,700328
70674,18.30379747450387,27.228747982494564,127.8255803882115,1341.5863681627557,0.10335361761382854,0.16191187505569496,0.41196914757196607,0.17483344218253974,12.137146087469578,3.7723242728837385,2.2398514879345512,Connective,19,Malignant,802228
70921,14.991926268495462,14.299539146477262,85.56363185952931,604.3878191727075,0.08153699324190862,0.17463226283595237,0.04324969853199322,0.2520702711481592,4.459252148146687,1.3271420373852942,1.1247803134796879,Connective,97,Benign,402469
70536,14.102222127041482,14.471068461370518,148.1788060686313,1141.3499646489477,0.10947901118071907,0.07733191190121941,0.30722775727584795,0.19782396239525996,6.353243235489016,2.251250826381993,,Connective,23,Malignant,408858
70011,16.579418206989015,9.003215502494658,102.47550808727101,687.6658782300761,0.08497951347540957,0.23277277021106865,0.022295590903330054,0.2193841936425032,6.750504313481761,1.969964956057399,2.1691854055693796,Epithelial,84,Malignant,628618
71089,10.14296545626309,19.785022907607622,91.97950581084532,1325.8700914140993,0.10950280515369654,0.29139856474400555,0.25719889926733935,0.271445628075751,6.55273865399919,2.128060420472313,2.2472728520196035,Epithelial,48,Malignant,299690
70940,15.196137131667607,21.17398639189628,107.83088986326379,950.7457323843084,0.08200152157488458,0.18274699967473484,-0.00027889859266939064,0.22055570073986322,5.161509147934448,3.2799613074910976,2.617285086506711,Connective,101,Malignant,293697
70244,15.92294561563301,18.081594161545205,122.68557669971902,1079.8647125264263,0.07778520729056018,0.14908270858748757,0.2843945808048699,0.20600210392502316,2.2333194656580764,2.9676882349774516,1.7704723681669903,Epithelial,61,Malignant,427360
70060,12.417448451635764,18.74040999688504,91.09317810793908,543.965035776499,0.08170166000676408,0.1821201740655347,-0.05464635583923378,0.15820740848621961,2.526492218569409,2.123224488618907,1.060962102545832,Connective,34,Benign,770750
71076,12.561186415338305,,81.30439553055754,626.2482122004677,0.10810694537919795,0.10046639096741321,0.14059007924763137,0.15353759667919645,4.092391662375533,0.9271496985399353,1.1201491906479826,Epithelial,90,Benign,373075
70064,8.455634322272587,19.94087405800198,81.24050005457856,740.6956675291991,0.08565353215134808,0.17117490999013496,0.1982263209892956,0.19009431289010434,4.670019442076008,1.6445630925615227,1.0661691815944325,Connective,56,Benign,136820
71188,14.114300833190246,19.130938947144507,119.93618636361705,1191.4153357920147,0.08961057863904552,0.29842618334714915,0.3399732684078578,0.23370792323632925,7.0983803562705345,3.693152390102507,3.0269846268851768,Connective,77,Malignant,368102
70278,13.759692489874485,21.756181379318285,60.73040606918383,645.2637715347191,0.07910852743706116,0.1051432350324483,0.2601439116089008,0.1902970978516875,3.181680741109639,0.9025100491383389,1.3223056385650547,Mixed,99,Benign,329185
70724,15.768750717107016,28.8948246041008,126.2130503915755,388.5682609823338,0.1015257987294166,0.40151906081080596,0.39325861122389394,0.18976143636084808,11.371644093982443,2.7259529745852977,2.6417120496687647,Epithelial,94,Malignant,515808
70603,9.75880241180454,17.78443673963022,75.12657778039663,519.4497906033175,0.06704720732651645,0.1866563299352709,0.05075889928080195,0.13889938058600512,2.814399275907707,1.4128719474686162,1.1294130979827492,Epithelial,64,Benign,614652
70680,15.71281941338862,14.256858426363888,132.8002025365286,1293.851132917285,0.11563525356574982,0.26564021484082534,0.33201594234207293,0.22420190685820374,11.370556417642495,3.5459056111398968,2.2556126180241303,Epithelial,31,Malignant,189896
71170,16.848203979726144,19.474915793868405,113.28783902143758,855.2662895047788,0.12243050596108421,0.25305504119243893,0.264541990592295,0.2493439329245881,7.916888149862842,2.75684785123847,2.1073177468798754,Connective,8,Malignant,911645
70307,16.872444375761535,26.013074319214052,146.9685291071568,969.7528272127621,0.12026074718127257,0.425686461470946,0.20099884706053425,0.20005377265738902,6.552375683797157,2.4889814664141587,1.7715443160333877,Connective,110,Malignant,506057
70290,18.236458505676843,27.271683780676177,154.48793488960058,864.157811846438,0.0795295416695586,0.3073588508430448,0.32152700815254437,0.1894208761032935,10.030476869172158,1.9708054190306576,2.3267086222596696,Epithelial,47,Malignant,242483
70815,9.115165622091581,12.610252564055846,74.59584729684536,334.64312903843955,0.050673570050743154,0.1790192140579588,0.10484462768995943,0.19222700977604656,5.424489037918658,1.468974522200851,1.8450093445620017,Epithelial,108,Benign,690855
70598,20.624399841952282,27.433491582388953,112.14691603821592,1100.3181856330125,0.09152622440245314,0.21045578374228907,0.005363780942560306,0.19770998046130475,6.256236155889286,3.275922772294256,1.9099622602139434,Epithelial,4,Malignant,657494
70600,20.51190084368583,18.055225783386767,105.4720447879697,,0.04915458736637683,0.29716401652282787,0.1359911725933029,0.21406249328765614,11.777971767753598,2.829390987640759,2.066849445282704,Connective,116,Malignant,995150
70271,11.462350623673121,12.910239849471106,75.69511721313502,1002.7895354474596,0.05832817871847552,0.18552718871927507,0.06559750831815729,0.18476969191737025,3.544503588445044,1.9507842642931823,1.173525568939168,Connective,93,Benign,492894
71004,19.977353983117606,27.363137321123943,96.56693760443476,791.5082649701707,0.12128721206187366,0.18020853533649245,0.25648226311610334,0.2611337680662372,7.624899318975428,2.550501311240543,2.7057399230613672,Mixed,72,Malignant,628363
70552,15.217454133626347,21.345235580531785,110.8987686262171,,0.08471664132641261,0.14671799656723294,0.15139776318338682,0.20111225879679714,2.0241710875522867,1.277451023083887,1.370025570078595,Epithelial,29,Benign,141384
70309,13.579515970536747,25.37478827661232,77.19449556687918,550.6158301305898,0.1026618859133209,0.220388231522969,0.014801607528279546,0.17703118290015213,3.8658407644591724,1.8527811983690445,1.0295709845583492,Epithelial,12,Benign,613555
70293,16.21387979753292,19.41830535815571,90.36387938195013,818.576876911778,0.0648858098399046,0.19807138783483066,0.12261996561840371,0.14985068635592144,3.953213745540943,1.024320389551711,1.7130323238140122,Connective,16,Benign,517649
70527,10.816271428390376,16.67980544333055,111.31618978812716,608.7454673726991,0.08886151425095053,0.15352353411112604,0.08689847587804417,0.19307205192018367,4.7724617383456405,1.6169041806756828,2.129569771367773,Epithelial,51,Benign,697739
70324,12.056957455144522,18.83152256863309,76.47851972841774,571.9285681810043,0.0925482293259042,0.12467736911964966,0.13927115665120407,0.16628553972213192,5.86849381365856,2.0061550970167668,1.6985099211146588,Connective,69,Benign,868581
70084,15.724552409057749,20.86370323474101,78.72433491442965,959.21286924143,0.09822477401631392,0.13566251567563273,0.09636701767530999,0.11711551333471354,6.067352140004547,1.4008695355671317,,Epithelial,110,Benign,631600
70130,20.04387120134029,28.61572597016257,118.0243668799028,1090.321905403915,0.10356526834287674,0.14726919260797505,0.07812650089669151,0.24411425757607058,9.071592756903149,2.7920954440638077,2.464851576585622,Mixed,74,Malignant,546613
71111,13.824000003298178,13.940054265522829,51.35793473148115,385.60490983996374,0.09125969166808405,0.08336915798536895,0.15422816795835492,0.23860392867481553,3.2609922420419872,2.4234559641215885,1.7907108099527473,Epithelial,84,Benign,417271
70487,9.284705799136992,6.003498082336737,45.590876227302175,486.9127596342485,0.06172581251638744,0.16615496942986355,0.10014431158409573,0.18550086602378857,3.8404630038553043,2.217618273513923,1.4839156753537903,Mixed,84,Benign,200944
71102,16.115726980605615,23.186180629988563,140.3369448113425,1785.7121743306197,0.04298472164815412,0.22489997141927004,0.3851468445818796,0.21898454666226613,9.040597935037013,3.456187545678117,2.430857168853079,Epithelial,6,Malignant,328751
70943,9.196434685021702,15.721420738973293,79.78520835926341,440.31748799831144,0.09255190795445042,0.20760077700996235,0.1393490832689042,0.23178628465597834,3.3312163017502687,1.4495785072318683,1.2451589957368514,Connective,51,Benign,964654
70261,11.75317388903138,23.23408649588894,72.55583700365452,898.8576377636639,0.09670416717009182,0.13636757071892455,0.08446315950827751,0.17589406253087783,4.486425437233821,1.7972308228933223,1.850512870181166,Connective,111,Benign,488487
70768,12.528676298531954,28.69074535986161,54.27072173820501,677.578217090876,0.07751128828953566,0.12587942046331022,0.1740513110400098,0.19735399839232237,3.6854414175717802,2.861241705343544,1.628653364523758,Epithelial,21,Benign,288133
70951,13.587888241931518,20.07005722412496,95.5141887834674,1291.533484227876,0.07382558211222098,0.05490588897071136,0.21419220871368302,0.22973929275887542,10.038723330749193,3.243432312942909,2.5517731173778366,Epithelial,70,Malignant,780713
70907,7.122532023429434,11.120070259304766,61.799448946281274,784.4615191683135,0.055885183973651685,0.22115162451685486,0.23551214215461796,0.1563553534834047,5.228706721105027,2.1861140507077947,1.8427986848747226,Epithelial,91,Benign,757712
71099,12.377555585779463,15.18368013041884,70.44807347675665,924.7164369172366,0.08326104727257631,0.14600021407117147,0.07053220667465673,0.18146597635760367,4.905839518542416,1.0351654868903073,1.3901490565451164,Mixed,85,Benign,967192
70139,8.368348618266985,14.621845897502286,52.69402927892247,813.0673476979423,0.04980540713635171,0.15408016242185207,0.24540203141068195,0.1496658417275819,-0.3161930501302255,2.063233782307342,1.4438644828084,Connective,104,Benign,397463
70954,18.91463409453248,21.46431221470601,103.09153594247915,661.6045276891961,0.08355158344977727,0.35754316409840037,0.10102917575716941,0.24744394578310328,7.70140529340733,2.067341906472331,3.411307603216521,Connective,4,Malignant,871454
70142,20.161782577860667,12.4452666407428,105.89079232307581,207.5207052822231,0.09720545689687432,0.41441960857400134,0.2894052848497448,0.2375399386231649,11.293887176414685,2.2563553880406046,,Connective,60,Malignant,654478
70666,18.703388819369454,29.288160577429664,132.30313100240525,1288.6158846206401,0.13822081867358618,0.25553888982261813,0.31328841984241423,0.23410003879235472,7.595103021724944,2.6096876176633823,2.3954859176953676,Epithelial,31,Malignant,697573
70845,10.261776185971444,20.929900454734447,77.98811931432265,989.842039550945,0.07870412495953558,0.09514565229369783,0.19652913212705603,0.1605235698545186,4.139052052452339,1.8023579804586456,1.660865677554955,Epithelial,91,Benign,559010
70395,13.120435414882152,12.110308376370298,84.92649485872323,792.1258374986778,0.0728293170630691,0.12754393454800336,0.025323808787500995,0.20901950613107728,2.384630533905789,0.9589474526635974,2.0381573665246826,Connective,102,Benign,765656
70140,10.969761365049214,23.273414575467907,118.47602329754676,344.99000817903845,0.11483663427470599,0.12327413564051785,0.32103285727267206,0.24332898112579857,5.877195741998558,2.200670882168538,1.9137217030444527,Mixed,23,Malignant,719738
70742,18.879525559839717,18.6894164624516,140.68874105554767,1405.5757238473768,0.08418837560079744,0.2988244917803214,0.32693442059997796,0.17039444433023074,4.315120187453552,3.3948995512164766,1.8542102108155407,Connective,58,Malignant,628053
70866,23.197186959393495,13.010276890912369,108.14586892773472,1307.682980951891,0.16281298227407004,0.2942027858864083,0.2844432701091346,0.19957426655779498,6.96596123617608,3.1895181519299998,2.7469717008191887,Epithelial,109,Malignant,724597
70225,7.1236016299486415,13.556831491831755,83.46045977501652,788.3421057512439,0.07503362471336615,0.12100116693976654,-0.014958380859622998,0.12212426060100423,2.747839020361005,1.8540291253973946,1.5952828903635217,Epithelial,30,Benign,948182
70614,17.041351821779628,,112.55353235734509,1769.0441641974367,0.12512744581573962,0.30960024589144197,0.3578222265080699,0.1664994394552928,4.171623992967992,3.135131374147367,2.782288243527683,Mixed,3,Malignant,652931
70275,10.911701183559547,15.79331661054781,96.58571863764939,646.3439210563552,0.06598153415960979,0.17696935030196176,0.11625298624859326,0.2361435682736345,4.529323472179179,1.7966329271188144,1.284976677057095,Epithelial,63,Benign,639999
70356,13.000123727800862,14.244234899137558,111.28115933138224,780.183783781372,0.09698961535287677,0.1999399661492306,0.06126531754554073,0.13593802144439426,6.187299788219898,1.4137413399176202,1.3615587744688338,Mixed,80,Benign,521673
70888,21.099638650882582,32.69959924318453,87.29181216363742,463.7459191138819,0.1483267206462826,0.3787979601338864,0.2303643476263647,0.22568170327674134,6.375877835051002,2.0594625704663816,1.5929703380458156,Connective,30,Malignant,151421
70594,9.69481607477312,13.064878714270087,61.85281704413132,669.7676595364004,0.106154040200221,0.09131201767455097,0.1437864321698861,0.13926129624383699,3.1787206188904307,1.8583122700056305,1.5633951088276632,Connective,14,Benign,134699
70677,14.901451955554906,22.790141276842757,81.48117961801796,1410.6290977562564,0.13763703380855286,0.24835468498216942,0.12022689998228568,0.16332904828385397,8.681930352511348,2.1855909154192403,2.275071507158933,Epithelial,79,Malignant,458458
70590,13.110624913445113,25.79671592653879,117.8261024820962,1099.7838975175143,0.14162408899429146,0.21101465514269635,0.39778025242372705,0.23065143589629497,6.227150308414262,2.5129462129688624,2.2154004938606198,Epithelial,54,Malignant,941314
70890,8.891239168866642,14.341507726004137,65.99369395789854,866.1897049307141,0.055007989584904896,0.15058477533813291,0.09640842956233447,0.19684510064433705,3.2289716287133174,1.605267037301149,1.2016672736018519,Connective,32,Benign,584364
70744,12.11963628301434,22.22098615748238,54.416726136505915,913.3161469418685,0.10589309111771487,0.22328885685661576,0.113634133061213,0.17334454451453235,1.9029965571440197,1.5385299867528521,1.338465721425982,Connective,8,Benign,317042
71041,11.255782691829607,18.0527626259827,88.65789975781593,658.7115958663818,0.09728870165944417,0.1050496598847056,0.07931454824029842,0.17165730531727727,5.397665898287691,1.7739355383970712,1.6070020326155785,Mixed,28,Benign,480225
70507,13.907997631603285,25.25119747240979,74.15479036550667,593.2970386874869,0.08815277993199654,0.17718470458546304,0.1714172365155809,0.20681480528770277,4.140488315822438,2.6843306197895966,0.9623825175651362,Epithelial,97,Benign,129954
70597,14.499977847228621,16.77481083203812,80.03219423189813,766.335990656006,0.0860717188521579,0.13258806645656268,0.18714027579398265,0.17015664246026815,5.372407337315355,2.617430583308211,1.8460363922638234,Epithelial,22,Benign,917866
70310,19.181512080245323,19.911791416810885,67.18435691349525,1255.5463467050297,0.10546102696011919,0.36203168021109605,0.3392205664344637,0.16512596699998092,8.31195565848161,3.467343778665243,2.6612575751672627,Connective,85,Malignant,165115
70667,10.300144433548635,25.470627888531197,90.53414641327367,886.7655634806978,0.08715022012130418,0.17175901346982952,0.2009947315489958,0.17650346215140822,1.9509881257446091,0.9325462616743171,1.2643932026381042,Epithelial,96,Benign,987719
71075,20.14894950197109,21.236018974406047,126.64753891905504,1021.3500137068029,0.15045946192228282,0.06804459417395353,0.38655909898769913,0.2102627814034936,3.9896526444809233,2.0602300734292265,1.328158579958579,Mixed,106,Malignant,604645
71173,12.111394561226597,33.344656966693094,124.32891601679611,1060.8664751159142,0.1350109169324173,0.3458303346026945,0.3778832884983952,0.15086210318916676,9.482677783070244,3.255085130241078,1.3063173557394532,Epithelial,40,Malignant,163253
70937,8.90281215841653,14.167665148971606,70.39051654796057,897.9961830123733,0.07735928230238508,0.11241303985981553,0.1679109002740433,0.17442657757722307,3.3441131751704205,2.3862124599837604,1.6128690813743831,Epithelial,18,Benign,801693
70868,16.377907290783455,29.140597613703726,75.71935684058181,1266.6240927755543,0.13393794444108315,0.1232937308790702,0.2729206208286376,0.2432717570118293,11.434118929252325,2.1363202220848643,1.5914303163628687,Connective,113,Malignant,671781
70412,11.782708708214725,21.328487250920553,89.17680573503995,512.2235761124281,0.051843438809696774,0.1731142146577556,0.20848663743668921,0.21767501729724914,1.7162835216843342,1.6828448345515032,1.3278879940075705,Epithelial,110,Benign,520107
70040,15.119757555064886,25.241734700839213,69.90778243414566,1373.581028755851,0.11309894831264741,0.30272844946734667,0.41511154999134,0.22478914964135768,9.886496059829984,3.4513377156464675,2.19564028381298,Epithelial,71,Malignant,910111
70031,17.145919347678635,16.263058993794278,80.6084682214304,420.39803254887875,0.10473903730231696,0.19241874798271033,0.06423011705188794,0.1474740374863085,3.4538519201725917,1.6359746636385306,1.6266983400069053,Mixed,50,Benign,431670
70243,14.284986188686302,20.897700467369745,85.8834601333185,,0.0957685146462646,0.18705598867918624,0.08257513786853564,0.13980889210957986,1.2428604206210991,2.029239930238842,1.3822078015247905,Mixed,106,Benign,719594
70463,11.965014003576169,13.725383952605648,75.52804131101234,710.7982470224748,0.09951448181117488,0.1280430513391964,0.18098055179766553,0.18476685365143886,5.421141358470768,2.059367217938242,1.7323264210816465,Mixed,115,Benign,101908
70137,17.427187965275746,24.795084461404475,96.2710789670198,895.5016172088822,0.12537797139563564,0.1719998294124202,0.0722924154935018,0.20694161796642094,9.398568136413957,1.8223332850190819,1.4323268876266302,Epithelial,20,Malignant,355460
71009,19.165573293859072,26.100095506224694,89.62616046313654,784.6241904571035,0.12368594428538876,0.16407259773515848,0.09083278896250413,0.23243232260643962,9.851597622146281,2.4025544352226085,2.8042337003231173,Connective,18,Malignant,582311
70959,13.417332486581238,13.504744141062513,89.70929846069046,416.62546035391944,0.10611812364328296,0.2113146893141751,0.1365537883107675,0.12671030813712633,7.806338665984054,2.1098780620331796,1.6211425577095475,Epithelial,118,Benign,533352
70004,9.233732363332448,24.64863492312738,83.16222616938786,429.1230069281481,,0.1739987385562227,0.22069925072394428,0.1476156888938489,5.084438134387662,1.8386881638097354,1.35647208003159,Mixed,103,Benign,199979
70714,18.59410918845552,26.76737664025857,87.58881915865982,575.420070150856,0.10834596115486043,0.29962231086113944,0.16354307773176585,0.19920827279170888,4.546717914013499,1.090845988756608,1.7002429531717898,Epithelial,117,Malignant,874942
71110,14.056500562423029,17.081249489095015,79.45435064510744,400.43153942634433,0.10648376447808888,0.010440321065927915,0.03752499353328917,0.16675695973809393,0.9985102522518581,1.2677036647787183,2.026316808081851,Mixed,100,Benign,710575
71053,16.364976416814933,29.62628790281463,129.78818977232925,958.0517885882082,0.1023652845198977,0.45824054687886956,0.4693815121830947,0.20707599857343326,9.286892244409563,2.8034200186511353,1.718601521408151,Connective,112,Malignant,776141
70416,17.57953200118329,23.38716250646615,114.29219843652349,1119.7711991421734,0.0584880767766625,0.33041512252012506,0.23784042147832082,0.22107356592520963,1.9297923073473982,1.4513480305975013,2.0500046062184865,Connective,63,Malignant,213350
70847,14.94263406514881,31.23293568740305,118.55556277169971,294.8108317514849,0.12895362223026693,0.31720675266193493,0.3293486291161121,0.22825252231834764,10.11388590364055,1.5171036404418223,1.6817893699911408,Connective,24,Malignant,350232
70766,14.30639147933521,11.095046026809209,69.56421313299371,513.1958159288707,0.11550050554950284,0.13874579729529454,0.2242384916219313,0.16290756109164095,4.985356634026499,2.0739947446627904,1.6485017237262454,Epithelial,52,Benign,752490
70944,13.175825591158738,8.090788647936005,73.73737889727452,410.3064155058148,0.05614390739325634,0.21752603358429173,0.15348787514771012,0.1756258928090879,3.3756096046755246,2.0690191819624584,1.441349557220252,Mixed,85,Benign,414156
70315,12.16501221452382,13.737393928382932,81.6739957535227,650.6848941805235,0.04852689679538969,0.09688060358280094,0.07406593498755254,0.18437080613988863,3.079732762131939,1.4427639968070258,1.3319149901483458,Epithelial,105,Benign,504003
70498,17.15089397355309,29.273285150216854,119.66359047589717,663.5200408948548,0.07425673359409982,0.20492756030243017,0.29798823599495744,0.22937643524808848,5.196020618163044,3.5473533982016554,2.923344647925384,Mixed,38,Malignant,277607
70320,13.70315177276968,25.14872671674739,118.37026804666858,821.4058951494922,0.09869322902016109,0.24551025861039666,0.32537670711477923,0.18198740400956936,4.691239118414372,2.101112691974345,2.501541890210107,Epithelial,13,Malignant,723488
71189,13.880544320544352,20.5607821423524,84.45851408746275,,0.08307568317836664,0.21582100879703642,0.261608668498412,0.14680029963674887,4.618714508722233,1.8968861481411763,1.045170425459959,Connective,38,Benign,603191
70377,15.822629955970271,33.925230714033894,90.22707745771848,1204.6723164443158,0.13944265885887547,0.23186602125595723,0.2879821274647297,0.21101762728300125,7.14576196952011,1.291019968269233,2.3932183339328152,Epithelial,45,Malignant,175137
70006,16.022012582928127,31.264015843538793,134.34545950123373,1072.9393122883246,0.12118363898265844,0.2936870443588026,0.3221577004790882,0.24272871666182597,11.840862868048422,2.774202838751672,2.4769878978956568,Epithelial,35,Malignant,216298
70101,12.754959357206914,21.1409958992107,77.49743132892858,396.3024319739697,0.09829117208308968,0.08663553561622245,0.04545777687782948,0.18589317504845515,3.862924664005151,2.1034246242770296,2.0123309471447532,Epithelial,118,Benign,441172
71046,9.880211224015744,9.019890665569449,105.16242615900693,641.3418741959083,0.1295533253550986,0.3069721607648401,0.3971173338470814,0.1976372791105455,10.979377813894995,2.6861066113799232,2.6578023438871647,Epithelial,51,Malignant,922843
70788,18.80112194243139,18.843111441329263,105.87790300500468,1070.4501006896598,0.09568956035549886,0.17809959222306543,0.10563252611475447,0.20428319070970488,4.990536684510952,2.987376312087519,1.6181515689763675,Connective,13,Malignant,823406
70630,13.24464768531836,8.270751930900438,92.94314260849612,77.01463497353515,0.07860254252568616,0.13999653909313964,0.035643379008669554,0.20983579782524647,4.950501911872837,1.6148622138087823,1.2627998999041143,Epithelial,51,Benign,404619
70835,10.16490678590579,18.279063984896226,66.94068465311173,778.1506476422624,0.08714337822804297,0.13363821531546885,0.12498926779633701,0.16905934137871922,5.262214779200066,1.5518847197559857,1.7186653292384404,Mixed,98,Benign,349398
70050,15.176391334320057,11.730545306025817,69.47374336803821,1015.6359793699021,0.07395463770915489,0.1472019076539659,0.12573219154295723,0.15631695452850664,6.178953000215053,2.9687059015385153,1.5322931001408584,Epithelial,84,Benign,759863
70585,8.979231832818094,20.279742274061427,86.55098833347253,599.2816283393616,0.07724272167939725,0.11770890222850412,0.1577196554298122,0.15857612438493096,2.3703247387766644,1.841483034315918,1.559571903502274,Epithelial,50,Benign,700989
70333,13.88911167812555,29.69570473989048,94.92935599283047,471.23340180713853,0.09498395375263888,0.0958874381023302,0.2626248747024903,0.14946621531756504,5.844505489584634,3.35817401650901,1.2423998119654005,Mixed,19,Benign,981260
70228,5.206578583110337,13.517402924012297,68.56937708918525,864.2635471752203,0.10387123371654929,0.08830010986268451,0.1315935911891684,0.1882245068005042,4.700624112263788,1.6004234722344752,1.6412632285098472,Epithelial,11,Benign,583736
70430,11.51347861044679,20.827931315118025,80.84629179910706,641.3041982754553,0.09704092573832383,0.1608088506362055,0.029079526721550994,0.15796128692086003,3.2791199561331537,2.812249659641209,1.1948782646916218,Epithelial,85,Benign,897192
70544,20.267546378187877,18.693963021032523,106.70595226546065,589.352604003234,0.11535706229345327,0.31152837589346416,0.4640606510571774,0.24869665404778762,10.204603729486662,2.432564611815551,,Epithelial,19,Malignant,834093
70661,13.222914615932066,19.870501997682208,73.66892172365456,629.6114367448536,0.090590124706677,0.09396706479651064,-0.019048298705730174,0.15749419487864744,3.6527783956433577,1.8788883016733056,1.554213346783731,Epithelial,46,Benign,854713
70406,9.66754911194574,12.085709661719314,104.13070824573342,639.9092740610873,0.07670963980346343,0.16377134706770388,0.14045560664869722,0.1565506017486883,3.8862053605099494,1.1015865955485395,1.6710591166569568,Epithelial,29,Benign,913188
70067,13.286844907999109,15.430280228462355,69.29788522839442,813.5059223952671,0.09947628930428815,0.08059708837077775,0.2656382962461379,0.17537401370728972,5.552047513717049,1.4230113523064414,1.0888987607999083,Mixed,98,Benign,705680
70068,14.737497311182569,14.309776910478286,57.400807562849096,,0.0797163171828301,0.22256342987437175,0.11818562786804235,0.13116729482305078,5.350972896270145,1.329647738859611,1.824338242235985,Connective,50,Benign,149046
70343,18.34918851793897,16.61826483731119,151.68404071712547,1021.5412319715274,0.11457004281826853,0.3195305685369976,0.5317801772216734,0.20995401740781333,5.155350912248437,3.121535847349953,2.1581098245690753,Connective,42,Malignant,411904
70212,12.292879560608323,29.11619622306813,99.8513845049442,1135.8215394717056,0.10014688823605519,0.18416001185871933,0.31628767775188654,0.2838826887155366,7.580209850830579,3.621761960390975,2.0509432850839646,Epithelial,50,Malignant,220920
70013,9.54790996764272,15.879966910561517,99.6812662416084,691.1538453369766,0.06486965993199134,0.08312750951595799,0.07611442369866989,0.15457777666098405,4.569313452028249,2.077835251428756,1.7572339164529653,Epithelial,53,Benign,312145
70694,10.364888832785374,27.688047329813973,136.06000054597482,1133.4988949429662,0.07832246096495404,0.20214556738585268,0.4280430866317267,0.20842961264499002,9.14325524903313,2.649464329811149,2.1110615549776504,Epithelial,69,Malignant,326588
70669,9.778227423836048,12.836671147340937,74.54159315736615,459.8769445322544,0.09016889579684995,0.05312844611121266,0.18645204835381382,0.1715843660748279,4.658257452901702,1.4030592274008395,1.3825076728638663,Epithelial,84,Benign,941912
70300,15.44917955582761,21.84436129592532,122.28217088485337,979.5900712002135,0.1050687339911925,0.33126999179949246,0.348567677624177,0.1394310976546119,4.670162706436573,1.8857154687946724,2.394592276376015,Epithelial,107,Malignant,657116
70621,15.164555023162546,24.431093354096642,118.6021093493083,1316.1943196815173,0.10396450411204439,0.31616989335135426,0.14167428688559697,0.22780929451594004,4.404423967157133,2.6988218456861253,2.618054062868958,Connective,23,Malignant,691182
70782,10.79415063286748,18.065160246094045,66.20559592343665,,0.0589085766273017,0.15169069493021,0.09542300721532151,0.14970716341762302,6.051144361391694,1.4828757677986557,1.3314306509383311,Mixed,15,Benign,970684
71094,19.509906148318667,30.255880684175914,106.82116221517457,1229.250610467394,0.10174407222439383,0.2559463399183908,-0.06325290399752032,0.19625963883599773,8.595493797377472,2.5847933432368775,1.7115191397963703,Mixed,72,Malignant,532613
70452,18.37212959388687,37.739899815061975,120.56716332890726,1394.7804855878799,,0.3730878970350118,0.3085349921072377,0.1810914852645686,5.844591460239901,3.3614095219109794,2.104842752489874,Epithelial,114,Malignant,509129
70863,14.779381213395679,20.829107605448726,156.81059803943225,1373.301985890728,0.12243082878394655,0.2934067995248183,0.4418700449157822,0.17157850265634494,10.542816980262764,1.9105077042480947,2.8603953074556427,Connective,116,Malignant,100251
71157,9.770287175109406,9.693243098201041,78.23602321012802,688.6466777437637,0.08827184011690872,0.055059368906638186,0.24969752263057937,0.14732671991113916,6.069702329781869,1.8853143727052737,1.2067657000094942,Mixed,14,Benign,292027
70821,11.728595590825778,18.75768689385984,78.14460215732326,136.12195849012988,0.08687863807364954,0.15867105127692194,0.13449033066483618,0.1605517652065187,3.939502684603261,2.6150984000880255,2.0906945132397494,Mixed,20,Benign,955171
70595,16.47273909224756,19.47833837937068,129.7764656690073,1471.5538844147022,0.10356959907888262,0.1836826207769404,0.4306469102223975,0.20053024609392303,9.333841598250109,3.6354376206840744,1.8999854557854312,Epithelial,52,Malignant,541776
70480,9.564827792362589,19.005837521875353,42.82042821308115,921.38401011715,0.09564186612310047,0.1438727570238365,0.06751589698020755,0.19476414625985408,5.738263235498087,1.8432449087029688,1.8748311842238212,Epithelial,13,Benign,494806
71139,14.83799799458731,13.90945250477773,84.39576636382333,522.421979575642,0.08732149794061415,0.11133259543794836,0.038745447302124564,0.16304340783748966,5.4357436603336025,1.9371064091088281,1.2795762367638255,Connective,86,Benign,547229
70651,14.445635104984401,18.5436556548282,94.9230054593823,1052.6511335129226,0.12408338757647265,0.2243672838753235,0.145104144936603,0.2728118205328656,9.1236616299362,3.0065885870057034,1.902977729272583,Connective,19,Malignant,107089
70941,10.601457309763688,24.654986429832416,105.18858330228268,939.4063293326132,0.14682258114162944,0.1333535123050511,0.33898200997899625,0.2330401380005136,7.489813668027855,3.071618338606352,1.987228110620519,Mixed,75,Malignant,207835
70274,16.85540133734786,24.08847534568461,130.09798333099766,1247.4917304932442,0.1198452209497816,0.30100310775254097,0.26537735780808214,0.1471949887341742,8.985083762418679,2.594997335274746,2.706099455107032,Connective,10,Malignant,801944
70969,21.000404495224913,22.440808607553862,145.250614046051,779.213013794022,0.11751981775786186,0.1575029814545562,0.2805212320578119,0.1723194667952573,9.540707280818017,2.7736805929966324,2.025380821967683,Mixed,29,Malignant,776097
70238,12.642867279912618,24.416569462916787,88.9389702055875,,0.05358206866142314,0.16675753543661687,0.14206278920303866,0.19595396273479948,4.184986596442882,1.527257732073245,1.6885347538884599,Connective,54,Benign,322405
70440,11.449382526701926,14.772594821112358,89.29494677243636,768.2208730453541,0.08704147356756685,0.12356391115575094,0.14501624772852864,0.1781874234569977,3.0108094322131143,1.9806994856329625,1.2253917714469198,Epithelial,95,Benign,381264
70003,12.950060514818789,15.617870276672694,61.2452962556103,562.447495477109,0.045946334520678006,0.15636734862293442,0.15024565858289493,0.16797713010971752,5.751142111061184,1.779098876124185,2.0172886342300376,Epithelial,75,Benign,172191
70007,10.544446594281304,15.533000773800593,63.323325512983374,708.0374470747684,0.09381336276442274,0.13335813373540514,0.1770569297006197,0.1190572412660893,4.827368300097784,1.419547109990087,1.5127873213266818,Epithelial,68,Benign,389140
70312,13.224827437150383,19.090753008780986,74.2648708853652,537.7352090844906,0.10095715843735946,0.07390565806457733,0.03595762048816473,0.18016324471698827,2.385087469385456,1.9595097590325883,1.245302745624536,Mixed,11,Benign,230182
71048,19.57271780871699,,79.03172157284371,821.6575643180523,0.08280194053515859,0.22339952707630434,0.1621209524548936,0.20843195229208986,7.684027365958821,1.609788892459552,1.9864126887954674,Epithelial,91,Malignant,829471
70586,8.978371790129044,7.615352468129873,86.01810745224493,938.8288675931336,0.04011969912731169,0.19694045943755462,0.20447315317156367,0.19233336419699423,5.424978126081376,1.5877426277443734,1.2290854869792265,Epithelial,12,Benign,899978
70534,16.18200563141941,27.978453428059343,112.31237863639875,733.1437893781401,0.10929355616754402,0.2100677414114376,0.10685011909459723,0.1821791939918638,3.567022719550594,2.4031594513344863,1.9168828352374174,Epithelial,103,Malignant,711193
70632,15.137883543287117,22.909996911036895,124.06509002571542,513.4995164691943,0.09888272166623813,0.18163868320835583,0.3088808487249674,0.19970900439428188,10.767900948589157,1.903948964857199,2.294333537763229,Mixed,92,Malignant,970130
70216,8.08512979454457,22.02643498278059,83.15369330003439,329.8999055845203,,0.051630325558690404,0.1376158272253852,0.16173654603905574,5.122925548074166,2.010313803027024,1.8463967716166962,Connective,27,Benign,302890
70454,14.563663956857974,21.78550264896713,141.44334292442252,1349.370507378818,0.11611088369947545,0.17106209580034554,0.1218696067397347,0.18429138711558943,6.939370713469787,2.4701547092402647,2.130532581907596,Mixed,18,Malignant,614120
70028,9.35536036007168,21.978909428444858,96.04870153116458,513.3800235296204,0.08003232142407851,0.15056943442758228,0.27319077912155415,0.15764514208025895,1.475582000491967,1.5900719044428164,1.733100888755184,Connective,24,Benign,558494
71177,14.170964614717,12.305333334131726,99.10497581195656,458.0548103026772,0.08442074982767774,0.1637692559229837,0.1016953075261007,0.16633443926693606,4.284866349158721,1.3955513643945796,1.370477202808949,Epithelial,38,Benign,772424
70804,13.213757673585706,23.574681992621887,110.42402984371309,1132.3234385331052,0.09022615298653965,0.46637701593182307,0.41117805349844105,0.15284488181884626,6.3203318450178125,3.261320038544806,2.000212757261646,Epithelial,63,Malignant,218611
70391,11.538996215192892,14.903405982829435,130.67935302433892,1147.0235191413362,,0.4164228139108792,0.41427063700842126,0.1824306971145867,5.953292812096591,2.8631777246412593,1.472994092534106,Mixed,40,Malignant,734947
71121,16.895109026017558,26.39222941454693,119.08828743002827,1208.6665122531663,0.1187274500601376,0.21818007648369495,0.10803987992137382,0.23781778945570214,2.8068898897059906,3.076296263322167,2.923727421368688,Mixed,109,Malignant,453033
70491,15.606277516150422,13.65417526080305,112.82624566826695,737.6004172914542,0.10023812507640276,0.25094778171574766,0.4642481824413003,0.1504669834592585,8.79982923034458,3.143830008749399,2.2384220396957457,Connective,93,Malignant,880283
71040,10.383104301815184,18.500166350188078,82.00683594297658,713.8331317944965,0.0832500119427145,0.1958415104597288,0.10900623348565124,0.17302072216579722,3.3556103128625425,1.6765405819129688,1.3147593981007617,Mixed,57,Benign,542361
70760,12.612014199666447,19.780835445567515,80.45219598173021,585.6379319268658,0.05623036267378305,0.14499212920321433,0.10435799392187634,0.15025982446933592,4.835729116811175,1.421506837905955,1.33441762007282,Epithelial,20,Benign,106572
70555,16.064847559690648,14.836536987417732,60.728057601022954,897.9600204908727,0.09939839714483448,0.07368918611899332,0.12694840964220427,0.16741602276483009,4.197910361387729,2.0475902204243095,2.0523939083152056,Epithelial,84,Benign,793731
70355,12.08635919313787,23.671473141960625,93.0567375461196,501.22074026541907,0.11940871021607848,0.14971436309348718,0.32297023490559545,0.1635337436458933,3.9132825959251085,1.3161945699100346,1.375925302902974,Epithelial,76,Benign,842894
71069,9.447557009328609,,143.36805092073166,1187.1364686250986,0.11461897031971104,0.2916537636244258,0.3115424684795399,0.21219582394058847,11.148147492107626,2.427675645263815,2.5013447289577995,Mixed,65,Malignant,721635
70975,18.608769567613816,25.37286974465898,108.46642868182026,740.3607800302585,0.11684399263659884,0.25813803183840717,0.2899325405282077,0.1896831469418774,8.428682976119072,3.00850620406984,1.7136140968497588,Connective,24,Malignant,180741
70257,14.08121237295238,13.935869611144613,73.85866140453773,337.79473729659986,0.05857127163468316,0.08478730832772832,-0.0085286779358743,0.15272649711970976,1.8318786295356642,2.1491087754018747,1.4134397672446573,Connective,24,Benign,526456
70292,19.06664900142787,29.400337985240498,171.66991223788546,589.5905821912871,0.08226311137900641,0.13335679973223752,0.16127077044745342,0.1811959193688445,10.317929243003142,2.323375898746081,1.7294629597576074,Mixed,84,Malignant,320338
70026,8.54210277174081,14.84901066975223,74.09680520190219,902.9426351010393,0.10441471209001373,0.24842261436583746,-0.04796119309459479,0.1532645643423969,7.552328543895983,1.5538961045159776,1.7241441374528907,Connective,74,Benign,755917
70337,17.34122118478274,27.617118187227014,116.06424394207079,,0.10684085004859653,0.1766331509168495,0.26262495017862497,0.14507129220200804,11.160885913757832,2.6002035353313486,2.279152188381391,Connective,107,Malignant,828571
71078,15.393858413439212,33.698740256808144,119.40735097676007,1438.1353841518448,0.1106650780313391,0.16755721441462126,0.27318882867991595,0.18692058929811609,5.897345364993152,1.6897865209201794,2.4258142862294347,Connective,107,Malignant,538786
70048,15.692094190808088,17.329351034294714,96.2072969742039,1764.9503612105038,0.0811681165136084,0.10426254215326064,0.059907642833255836,0.14081752686959648,7.007047914016573,1.6652695456002493,2.0371226920551027,Epithelial,87,Benign,490311
70319,17.527382301147284,27.612448183033933,89.86705498741904,968.1092546716271,0.15398041508906074,0.12764839604570238,0.491984806291725,0.22145994437157343,10.624031987425443,2.9075213439057266,1.4297172419488628,Connective,20,Malignant,387209
70107,10.908439765854371,33.227909365215964,158.7699797219198,1378.0476322785496,0.08508120243985585,0.2728923592243432,0.3995098234036858,0.23280589298587845,11.748785073481944,2.6253490200842955,2.158215557300903,Epithelial,98,Malignant,200585
70827,12.42491249124162,22.49573630247456,88.36255731550756,974.3676950974617,0.07382408369462926,0.18663361253867358,0.1398460588773328,0.18359154698785768,5.703873893898982,1.9356669010726473,1.5144897581806145,Epithelial,52,Benign,638028
70056,12.55270894945388,13.898391612091974,87.26331161520262,507.7957626015243,0.05659077322929262,0.1521610132217518,0.03821078180984573,0.12298400190718489,2.7639533261118965,1.0213726636943057,2.0485986384088215,Mixed,58,Benign,465263
70542,11.369552585921845,23.162149188598463,49.68773623121079,438.4616984059704,0.09763947240969334,0.21532018401222697,0.12758234711424873,0.1787946666799908,6.855451405850194,1.6646232542221508,,Epithelial,2,Benign,290562
70214,18.239202907612533,30.353349767793574,115.61072989990701,752.3078657550145,0.088292981705001,0.14336235405223316,0.2806573684087261,0.26646047154159047,9.942847369967346,3.7997184863632993,2.0698343077478674,Connective,89,Malignant,782237
70121,14.656158925375316,6.248614601283487,88.06377960565709,640.4758363330437,0.0940618139412444,0.13907916044516033,0.058589639380066616,0.20828892168597823,2.54284910811635,2.3143203050365404,1.7209241385169731,Mixed,27,Benign,908582
70584,12.783559985772076,15.454382849190015,94.03803243829763,650.828395007969,0.0931718031588318,0.2218592409015504,0.0657314862739481,0.15191924939028809,2.6745746384879894,1.7615124756894927,1.5040812219962563,Connective,84,Benign,530225
70439,17.14705291209613,37.811513882280835,112.68607034168664,1555.2257309916652,0.1133310013493703,0.1799569742066673,0.301146521028564,0.25043844743444627,7.814594967784786,4.021069232723193,2.931350235379592,Connective,35,Malignant,736715
70562,15.929401459988915,21.47389572352499,117.18681152681818,1207.8778140285913,0.11416954846639106,0.285903976144851,0.3036958175371328,0.2224325094419982,6.393756612851816,1.9933813816547379,,Connective,53,Malignant,409840
70073,25.064591602142166,26.839025165960848,144.02509313909226,1554.6690265836976,0.09887356640281868,0.14005691046280933,0.446938343359407,0.1501860149521178,11.68289689328616,2.26459118550721,1.9992272067634516,Epithelial,3,Malignant,914897
70715,11.799290234814153,31.175506805308817,85.61661836677747,510.66545547895237,0.10498922592722393,0.26149620901362003,0.03750100022183996,0.14870104177898807,-0.15313497345861737,1.5689702646108465,1.5878918646606501,Mixed,53,Benign,593519
70772,14.575765812067843,17.29915106485198,99.59092192764089,605.7856192324591,0.08207768005302789,0.1579927869914253,0.014397504281315004,0.18938420781806278,2.321257248540329,2.1325056812163234,1.5444156412756196,Epithelial,103,Benign,693923
70523,11.175134717179981,10.801103255325781,50.28134569169329,626.2990431809181,0.08931185897564617,0.1649496134688736,0.16815647682678941,0.22091334441419397,2.4390078420036696,1.7465294859793181,1.5365389921256614,Epithelial,85,Benign,405015
71084,15.802367945702454,16.751285078508133,58.977052296012225,654.4529548372678,0.06428251908087274,0.1564501044415924,0.15172041631837335,0.16129686649054223,6.604729005762947,1.2674565579106254,1.8987236021967058,Mixed,114,Benign,542535
70925,9.67776795274386,17.740893804322532,81.73747923514347,645.5114423202353,0.11368343197497068,0.1233034841261896,0.16289637927150769,0.10687812987168557,3.592668680844219,2.4539046646790275,,Epithelial,45,Benign,547312
70960,12.218561974810841,17.513907986656395,81.36794554057141,942.257468912583,0.08501576055233118,0.186371083775868,0.029486320348986808,0.17865996849637883,4.898546920382643,1.8586459339821257,1.3731462904851703,Epithelial,102,Benign,713608
70573,14.345074251420549,9.613254309602226,70.68899380096165,239.59698300815106,0.1001795201397932,0.1414928094028315,0.20647795467986343,0.1570085205578489,3.1476916386877623,2.6627810930550484,1.4599230999298907,Epithelial,107,Benign,321506
70583,15.899535956281516,19.029472469072815,221.39685433403005,1897.963260240924,0.05050464293924095,0.26982403939115285,0.428201404266446,0.15018471270205097,9.4547032489401,3.961045254331607,2.2335762878642536,Mixed,67,Malignant,357634
70459,18.938100254013023,25.346417927216006,108.00296512443744,971.0038903803594,0.10255221680004822,0.195373346895591,0.3149856460120841,0.2054951979708348,9.42983942400267,1.588114452422883,2.1567225289115655,Connective,106,Malignant,664923
71137,17.18769913408881,22.321808240222758,96.72413296832957,1017.6206273435566,0.1112762876685837,0.30816705045304865,0.3004368902670862,0.20681032940409347,4.775530783347508,3.7863614834849364,1.7443988509060984,Epithelial,44,Malignant,934384
70326,7.092912490408487,17.944091262790305,67.47263592706238,702.8017392447729,0.09833978610880081,0.143615214011935,0.18258365839020296,0.23255560905192743,2.218074207136419,1.412942385240722,1.268416960884314,Connective,64,Benign,711208
71003,11.520780308386286,21.207947604553745,60.03786107207001,648.4124491269871,0.0832703580549628,0.16794062226386947,0.1052208560956367,0.16349280515616615,4.721415457413304,2.5055355311727614,1.832918542630361,Epithelial,67,Benign,643357
70980,13.196998144293966,10.373683237269287,48.98554168867474,250.74038088212086,0.08930161152514772,0.2034920118612002,0.18697383549194044,0.17294118793860253,4.505523067902059,1.4962012428478229,1.4347683850609938,Mixed,18,Benign,909880
70317,16.678390947614883,35.25014622752586,114.90389627345425,700.2620537503841,0.09692398925958536,0.07580123128363644,0.32282063458905275,0.22528202710213321,3.915839263199178,2.012967139008362,2.0615226103316147,Connective,50,Malignant,991286
71067,11.20803235753049,25.511571226749936,236.9095228271335,2438.9781083429043,0.08970300827833172,0.24459884798292023,0.639249249425282,0.2131724590561123,3.792890762039881,2.677077371684003,1.8522284112075464,Epithelial,67,Malignant,693216
70858,12.68011883088281,13.157165274162077,88.83536254888575,425.7557739200112,0.07881888145496271,0.21623011893154775,0.07562277515601773,0.18995496931827136,4.657124922395818,1.7140151642453059,1.242940014080211,Epithelial,67,Benign,866229
70702,18.157158207274723,24.51328989660946,114.67365575307954,1154.6893731300668,0.11945776399102147,0.30035458827220185,0.17036816429946253,0.2273461065663697,8.217866484394841,2.2220701437890162,2.284551309883505,Connective,103,Malignant,233413
70709,13.592828252758494,20.020258280896776,88.43358589637398,1.0953399554029488,0.10310546172038544,0.09338622681433123,0.06822184832862918,0.19455611157305452,5.055291770089754,1.1588940484855164,1.5490817728853365,Mixed,52,Benign,962795
71043,9.262906288863702,16.094651493258542,88.24144261153646,561.4467085480144,0.08535360020729524,0.15810616453151727,0.26192492345085616,0.17479508528519633,2.9858991499455687,2.5900820938489435,1.444332478960186,Epithelial,65,Benign,717243
70537,9.996779391785282,21.40193459033131,93.15031213812648,662.6577768577042,0.08132367118602692,0.05068702224939333,0.021927606407558496,0.16027899767464487,3.2618605545517054,2.280931415325545,1.5227931626642557,Connective,15,Benign,989746
70567,15.893334887911996,31.5807639973988,132.23929512172973,1156.6037106530648,0.08665145231454978,0.26692844362632967,0.3692138812991792,0.17772752185273455,5.563501736114907,2.6638280100633493,2.2580975831900294,Epithelial,11,Malignant,562196
70061,10.295001400650495,20.343703345004823,79.40086829624204,349.5868031538199,0.08952971198223351,0.1218961986613437,0.228902865791594,0.17239687858889147,3.135480607399373,2.16716873413286,1.6284704844049056,Connective,90,Benign,698240
70747,9.06044308926856,13.138518349602494,68.43818895439586,936.1687242115797,0.0687529619945641,0.1056145486342504,0.19767972466153919,0.17266031950175467,3.207903981598056,1.8932983708634712,1.5322844894657277,Connective,67,Benign,597233
70093,16.06508891739528,12.321906471125027,105.67102633676203,277.2523875949023,0.10766769843811091,0.1464441188133831,0.11943975630616545,0.19083932535013737,5.861097965910513,2.3712023127913047,1.2208079739075868,Mixed,63,Benign,304203
70889,15.995538318293768,21.142501078885676,115.58537967809653,1135.9615299516054,0.10836365053944572,0.1957699173012328,0.4765054202169028,0.19120719641988332,7.412541294889843,2.7426037655531736,2.497132501455711,Epithelial,101,Malignant,343217
70426,11.324621406137453,21.37152644290639,63.38220770665234,937.7727811094874,0.07022356315288888,0.15951467391689478,0.22069632914623483,0.14049740622977072,5.220828473069304,2.1582735763672316,1.0091974262546217,Epithelial,12,Benign,808374
70352,13.497793044772731,18.8391348784264,101.28377107869026,873.9192690473028,0.05494851491269416,0.1332909930123028,0.17487157042510584,0.14395474942182004,5.376339715679533,1.4563387873712719,1.2411433435495554,Epithelial,90,Benign,537576
70967,10.35980272567782,19.412356365429392,90.67936200075897,816.7923476998533,0.07113609553483617,0.13939259666274614,0.0932702794942016,0.18692273298144202,3.0808044453082566,2.5156563064506847,1.7289407524952183,Connective,4,Benign,872469
70281,21.25096770192453,18.49124374132855,81.87238945717948,867.1485293345563,0.1035893707717855,0.3232635707210095,0.18018281391531357,0.22408639052944943,10.496487773600853,1.8887345856887574,2.2999986010293036,Epithelial,85,Malignant,345922
70678,15.283438815911925,12.065997873141288,117.16824946705803,625.9120587876004,0.04808296109924944,0.1794698228475455,0.5079673209740975,0.19837979357844915,4.662255384455616,1.1420958950015778,1.9898828833072355,Epithelial,55,Malignant,154338
70431,8.702199761341753,9.20813545848866,106.54005985100937,846.5520527297158,0.03698266513708436,0.10970999292723581,0.12563671174335175,0.18634455027319094,6.24579425314772,2.143831311897508,1.8747817842550438,Connective,80,Benign,387081
70360,18.365617598068226,9.915330549912408,39.11046724850787,728.1825199669632,0.08820380883285948,0.15243903023072491,0.05956917901725234,0.14957246578035904,1.2012496013090157,1.8162700506436233,1.361320865081458,Mixed,54,Benign,740737
70761,10.792082546797388,15.25998640445489,97.43011556406816,522.7649623866006,0.0819044642940624,0.1379141588106545,0.0680161120939406,0.16390122484757333,2.386587628590995,2.265479569407441,1.7613544585771472,Epithelial,104,Benign,710338
70568,9.496281135686361,21.794155516591783,68.376251994091,437.41927282277805,0.11030293558109679,0.1566888915467351,0.20855613409069734,0.18305564224793205,4.677820362272325,1.4589942732899748,1.933388533989147,Epithelial,76,Benign,723106
70862,13.962370207585431,16.764032388626397,66.60587047805507,465.7500637545197,0.06474911692814837,0.18062097075536387,0.009856824521464573,0.1778171961809146,3.861264922730406,2.0777057629246394,1.7027242952536759,Epithelial,115,Benign,404838
70546,12.100943610484247,11.507397879640541,81.2792610309986,472.0136619156388,0.08479841491372414,0.12991272136916426,0.16586500365718332,0.19190911239917538,2.8910538454591825,0.7690663030221652,1.8265478859732303,Mixed,87,Benign,758170
70514,15.406109597753202,27.930688676797857,127.80339272246101,587.6188843475984,0.11872334568377785,0.20824424733117264,0.33797526648274856,0.2167309192527677,10.117548942863639,2.315991037225981,1.9822074736615283,Connective,85,Malignant,917387
70775,18.452675959734762,27.817724100883424,120.31865172636525,1552.3587044553938,0.07611986481648916,0.20500161114939505,0.12865685136150645,0.17204863657692188,8.602507910814486,2.7454228256232414,2.2196664367126626,Connective,25,Malignant,905853
70183,13.785741512298301,15.014255244007018,68.18648195410856,1091.9614697343054,0.09135970073053049,0.10070934670303393,0.07213251251377084,0.1718617479411619,5.155159867530029,1.8542199948637366,1.1059637942833396,Connective,25,Benign,939973
70997,17.17509243434934,23.77147366065539,151.41743620246947,1548.3062661550168,0.12974427571591768,0.09017034789512592,0.21672279561629207,0.29129894644549315,10.615821539240688,2.5337344864602414,2.5150247065993696,Connective,42,Malignant,687278
70850,13.884931119202179,18.23748502400147,65.68106526066603,840.1962334076135,0.07521552141615742,0.07163367897455386,0.11188378440568805,0.14194565004833995,3.8419303832842644,2.2022330453431374,1.5463580335355074,Connective,111,Benign,588754
70111,9.540237733535491,16.71971503974558,80.15954402523022,726.7089212164497,0.07585547153003595,0.14716295196644288,-0.0161404764425621,0.17284384879028214,2.8835879351888978,1.6118044976142496,1.2634753100417715,Connective,104,Benign,874962
70371,11.07868824510614,14.41761027256345,79.15977992249493,402.05278719492486,0.08528429741903272,0.23087848456984822,0.03118042798740492,0.21006668534893716,3.914594932977908,1.3907048833754918,0.9558657526444893,Epithelial,42,Benign,774967
70240,16.80424681236329,30.745779536363663,117.87360890035463,1580.70980159289,0.08114110262379665,0.3769495470225126,0.2779984120265789,0.22034716341932944,9.536300114188114,2.2721439196867537,2.076389136662202,Epithelial,86,Malignant,770277
70733,14.784132044443746,20.038973700395477,101.10949559801882,386.7885060918461,0.09362554965896873,0.18319333095519935,0.014120058207009435,0.17104787401264337,4.440349200841845,1.2322872297123377,1.6552127637538525,Epithelial,109,Benign,918990
71164,10.037426722357623,10.100135109409369,85.56245314004313,496.58968367016826,0.05484854559168825,0.13627456548537537,0.15643755081303684,0.18392910756447875,4.995437077481846,1.5379449521865138,1.7425476823286554,Connective,41,Benign,588739
70615,12.54583938157478,22.782327344335012,77.38788924304635,737.9693698356781,0.062362382119617164,0.16883949797566963,0.08215110628368191,0.16887365126228027,3.0072173584544624,2.327225537339463,1.7043540400058856,Mixed,85,Benign,279383
70205,18.717573373701036,18.75518632726216,103.46796446514058,686.1052994692791,0.1465593537855857,0.23698581139974942,0.08517431055507446,0.209855819275462,10.010527579174113,2.8317033131064067,2.2275751193898907,Epithelial,11,Malignant,425711
70856,12.592903677039775,25.014435341180086,103.47476141943454,1071.3471719246118,0.09196743123856357,0.31061071439029436,0.22150648364311468,0.25234780905698956,0.6315843288994554,3.2002487231742456,2.08150219632881,Epithelial,21,Malignant,617707
70262,11.242029988943383,8.736887978439947,105.71246536123336,241.2841752608761,0.06733757292518795,0.2344311649573387,0.062398681038307494,0.14276729937576899,4.195659337983253,2.5287992392356227,1.6896661316110806,Epithelial,113,Benign,222588
71051,18.887544148655287,23.205989286686215,83.92213991104914,997.5353420748177,0.1176380991556655,0.29029976381100897,0.3514583605120329,0.2561926047805439,9.316457447907538,2.108321896180329,1.5913384620056488,Mixed,36,Malignant,804024
70672,15.572649634956395,21.421781106376855,103.67970834526457,954.5439364369407,0.14760169011300495,0.3190309707467819,0.2455876590391431,0.16368017453223102,6.747352798767261,2.0729419105303446,1.8407174541605695,Epithelial,8,Malignant,460389
70340,8.822525904891398,13.518047542784025,72.51573314411122,424.4115877157861,0.06667306986173635,0.20401178666748276,0.12829040132199626,0.20748784799711362,2.7889202158957715,1.5656576441728598,2.0009853848936086,Epithelial,50,Benign,301729
70740,21.652233352893372,28.699496703173253,97.49279277830405,,0.047512936793091196,0.10310664766278511,0.15904379586136247,0.23094578280143513,7.91152801472363,2.9299811161895915,2.160030707758359,Epithelial,5,Malignant,386211
70833,20.320686533310912,17.229500287226877,114.89448805781909,1062.7263856652128,0.10983653640827845,0.15163444068741994,0.43870827698547166,0.17851505798718936,6.569447104314262,3.0220415660090922,2.9377407737670778,Connective,107,Malignant,613292
70494,8.002871497527602,7.232284743169055,63.47774364534564,450.95768363423537,0.0955869395694164,0.23015446234138806,0.11651483902878695,0.14256614025586334,5.928075784786433,2.3892234426876606,1.7485885863410584,Connective,88,Benign,745794
70184,17.26890552079498,26.45046759176938,115.17176277016365,,0.06331090158903109,0.31588961580198033,0.14039571134878226,0.19565444436847482,6.719552536234178,2.610264881324886,1.511669118141556,Connective,76,Malignant,562793
70138,12.216339920231116,20.642730517752582,73.15395225739839,605.9531443202152,0.0738100839091447,0.15899057561253147,0.08711229979361115,0.20123179414829923,4.4662460860208455,1.1366218997277833,1.3735402157925094,Mixed,56,Benign,955543
71180,13.635159227698257,12.120352612705606,97.61282247588983,607.9345423101781,0.08763302278860437,0.14949174788231082,0.05154536472309931,0.18705425635248074,5.637814009371248,1.3323998170380906,0.9426867145704843,Epithelial,24,Benign,968349
70731,15.901084955297586,31.37842723903591,105.73872111531965,1165.1412342585286,0.10554062700979318,0.13443929676685143,0.32847666665719233,0.21466443182529088,7.045549418394584,2.633826738251459,2.241488612464479,Mixed,20,Malignant,124087
70655,12.620053309629194,21.568248574027514,111.29563126327028,58.46055507222581,0.0932087125909065,0.10497424385772851,0.11423710541315513,0.18454105250672853,5.771439248281297,1.3989165725190702,,Epithelial,116,Benign,352253
70081,11.819966878525245,22.911233925206396,119.19831067966982,1399.3883478737034,0.11045700214397053,0.3564565846817175,0.5416676484505926,0.1359158698190191,4.6009511318208345,2.1947065500080223,2.4895539903550286,Connective,52,Malignant,943633
70520,15.746537224079997,15.274102960724326,81.48289167516529,793.8129063563006,0.08466326508501361,0.1456389946153102,0.09440822142377513,0.15006706414897003,4.541658037354648,1.803058033504222,1.9023917624526858,Epithelial,97,Benign,805846
70819,12.974900907262175,,80.33769461596592,857.7462460480342,0.050464586364506736,0.1920924191376389,0.14517987862266135,0.18213812105129007,3.0548591896758657,1.94272974634069,1.4670008673471986,Connective,96,Benign,759227
70814,14.248880278303329,,85.2285611644261,729.4309554100315,0.1115433602952722,0.21381612237111527,0.06531511376675533,0.17359953151514398,2.808039588414588,2.0567162057496646,1.339754442784929,Epithelial,2,Benign,637295
70030,10.917932164187793,17.42078705935163,83.61500380095869,626.5226430752743,0.06678122731019899,0.1313131008294379,0.22941125566413417,0.16522276552964127,5.265189844462929,1.284458840594576,1.495537851152709,Epithelial,80,Benign,515714
70472,12.162372154377174,24.9058424870877,102.03399345311232,994.5949893307437,0.10593600956312325,0.3016542550659378,0.11311093550977293,0.2338308798644281,6.076928503819786,2.6665458075800625,2.7530707715383147,Connective,4,Malignant,433684
70166,12.987812377535608,25.5990804654951,126.26396806934625,1095.975743533665,0.07325954239984274,0.2940406395187423,0.24112391128329735,0.22231470349908972,8.80837164075837,3.232409769470697,2.6881004872790566,Epithelial,34,Malignant,510657
70249,16.29854589666788,22.63545374285669,66.47945427736632,560.9040899430805,0.09308394563242697,0.16048287077794582,0.21009677470494315,0.1854684290235629,2.1229344548124365,2.617750148611749,1.1098358014028957,Epithelial,112,Benign,196187
70308,12.772764201396878,17.908249657892974,79.54621007411869,704.8452879695584,0.08349587404252848,0.20155934918664012,0.10414460280892048,0.20958651876354104,3.777180576789344,1.9559688127703145,1.6670769049525103,Epithelial,103,Benign,761361
70789,15.940438926625992,29.13899869480053,94.2073211435044,723.4978838636368,0.07932177157724948,0.19232832889523035,0.4131043463732898,0.2182907501252086,7.241050120159013,1.9279228058132638,2.3048590728260168,Connective,16,Malignant,402392
70483,11.26723403641478,18.27606402512949,72.47795864962289,454.85896800570276,0.07290073054887722,0.19121183368171324,0.09921718411677616,0.14842105904600034,3.0122970220968432,1.4860164709373518,1.4275337698639259,Mixed,75,Benign,916919
70347,14.501769657464706,13.388947050832066,152.22514747961057,1386.6532935583991,,0.2584955493709861,0.3895212192784307,0.16999677029652,10.16594780868839,3.0526501060931017,2.3562797650471334,Mixed,109,Malignant,543629
70335,15.703349843537712,28.050614687188432,96.08273384207351,701.7263595287134,0.069645591625879,0.28709378986481726,0.23119342854047203,0.21098142347003043,3.865619162292962,3.259733384860758,2.878524104711692,Connective,1,Malignant,677516
70286,15.569233575598973,24.5276473046696,120.1506630625797,924.911520456276,0.09478849796419347,0.3038794779819631,0.3037525752707779,0.24614285568142405,8.072368802448198,3.200333508258773,2.50762888797274,Epithelial,12,Malignant,476926
70985,18.617166998139876,26.8604281427897,109.31419778893323,1110.3816043039828,0.07981551494730739,0.2619851695266653,0.17759914545999353,0.16837361682331273,9.42459593911241,2.8153742858849475,3.2018986018019593,Mixed,20,Malignant,872469
70098,16.294692715759027,14.259268353942188,98.94383930102485,1159.4154108882735,,0.2315629947342513,0.42665809595269766,0.2885896400659709,6.614789199440139,2.2653059360862287,2.5557766948791687,Connective,93,Malignant,738404
70971,10.920467863877043,17.522259177078375,66.8949666211606,413.2285369296019,0.07858365855154523,0.16526844986341507,0.23547895163152935,0.1739586844218874,2.276081408945764,2.2269622110143406,1.2136211472902194,Epithelial,11,Benign,953702
71056,19.335999669252498,25.02906535865493,123.50266493427443,1001.1830715286968,0.11124623129607264,0.3977406746081822,0.5480050273513499,0.19740377712327156,5.2588958901474685,3.7593580914991316,,Epithelial,66,Malignant,666640
70946,18.286994175326438,28.465985063119415,105.00773352757045,1010.0510382842795,0.1050625012282834,0.22073222910675472,0.3537940554124947,0.11738218650537528,9.02952930931995,3.525080148780261,2.5838132539556318,Connective,93,Malignant,689158
70623,13.1862599674059,17.344895205411113,63.69108973588472,645.0058777972079,0.10960257040096509,0.16575561920160847,0.046476128970443245,0.2521904640626455,3.841525539302584,1.976778390828568,1.539348660362756,Mixed,103,Benign,943715
70705,9.563812310489785,24.987912555312377,74.947006924392,419.19063166003076,0.06896919282066157,0.040334124721200945,0.19360590783129208,0.19325545487359014,7.358778347585044,2.415511025345279,1.5112450291324544,Epithelial,78,Benign,323537
70635,10.35891421072418,29.01732830150587,84.3042534180972,1008.8073181136666,0.13733283446670796,0.31047475247657397,0.23361344999401176,0.18665442294299311,7.014719062377164,3.478455959434978,2.4448484440825924,Connective,96,Malignant,516872
70830,13.572040704489346,17.56676787487126,57.59853895947911,749.6782779655423,0.07326580731024923,0.16597143425929892,0.04097472227648146,0.19800720006344896,6.421847141135391,1.9237942413852782,1.8241398480213704,Mixed,22,Benign,629127
70839,15.3700615710493,26.379714484914658,138.91952924967407,968.9181908897934,0.14030386495921238,0.2670199670456512,0.29660260170012176,0.24223603772443134,8.632120628077313,2.6940868015434143,1.843178163810291,Epithelial,108,Malignant,153576
70713,11.621511921051061,18.89817800699172,98.07676609421677,481.2639011906143,0.06401095386558996,0.15531494588974104,0.18351492285624382,0.17476594019359454,4.254681657849542,2.0975413463116697,1.1737343188767486,Connective,79,Benign,724619
70066,19.738681861995936,24.441079185234287,129.59038701972403,1026.3636385443815,0.09606569178719987,0.24607627165346813,0.3965553900930277,0.21053580518882686,6.467654993163787,3.451619410179605,2.237492012850016,Epithelial,32,Malignant,260162
70658,14.99189144611232,29.439937460389277,138.19192578750994,1078.4285323064566,0.12552104370083347,0.08939512810915332,0.3644518730735337,0.19986665034053022,6.244516262773485,3.5517204913036484,2.879298253437426,Mixed,35,Malignant,611724
70769,12.589382074319282,16.249421241556902,92.10891584503463,270.76236458765595,0.0804434809097145,0.08730419269900673,0.21987037646748914,0.22900972647112,3.6217915763331145,1.0329549150245327,1.8537311610401945,Connective,53,Benign,357894
70589,13.516566737711496,20.21778442390654,81.25549097923263,640.5314756387133,0.06629536965351246,0.10235709230336187,0.1655886797983071,0.15320222487460275,3.7415489258409442,2.295466424552473,1.6451658895946448,Mixed,80,Benign,719359
71103,16.668377483704745,22.526857285040855,74.31502280978154,880.6916157027347,0.1487018599636027,0.1800081720766207,0.38211667216257666,0.28395496221928995,13.823119257925251,3.1141981177358176,1.959137172124953,Mixed,83,Malignant,635271
71118,10.432399530960822,9.553531546991312,94.43474868320216,631.7872088119803,0.08024431665400296,0.163026137822722,0.1274515357312358,0.16439553888604805,2.3704001700975716,1.639934018944385,1.0725380038480736,Epithelial,119,Benign,925571
70303,9.515330287621046,,83.45083417318251,295.85250292281444,0.08844621045069884,0.15360285012490302,0.06542168256443288,0.1813557459073566,3.3849660375034114,1.9019420358798271,1.874437346931696,Connective,58,Benign,390930
70255,21.132985535229725,14.465156271652756,87.63851782936021,1064.5180700518322,0.08983073869993702,0.31850885587698957,0.4323019527377227,0.24444893660399375,8.857788199265233,2.2428015983664515,2.04464252842053,Mixed,19,Malignant,652357
70994,18.09624314378124,32.443489040484934,110.43813536005932,837.0061714247468,0.14540315705203766,0.2602458249984824,0.23817778943516602,0.1635083340719677,7.223885336897582,2.7975679843976344,2.2146686709863497,Epithelial,59,Malignant,298963
70966,17.203215728201258,20.241104835885935,81.36239289954923,863.0892195318665,0.1018110144157755,0.2796384760210488,0.21039910051750232,0.1417996490904616,1.9506089594093279,3.243402558843132,1.4795722789955892,Mixed,52,Malignant,974475
70313,12.232683880175392,25.516300281347334,81.77466722175004,674.4457345274427,0.06542180149483737,0.13999181831156346,0.06535507085059349,0.1689485716303396,3.216345322063523,2.306551713614783,1.5053366221067743,Epithelial,27,Benign,927208
70549,13.767620798303518,15.859020884054063,55.64347471925633,747.4339966625145,0.11193096148180383,0.12142907123922364,0.12215212656095853,0.11539552354863085,0.11537170801359231,1.7148640685736656,1.3657129603421134,Connective,89,Benign,954262
70222,19.204318885436212,22.21107328656652,108.70249335873841,780.3596359563438,0.11982510517145464,0.3003683125070088,0.2564362752768188,0.19649733645455206,10.15481888399184,3.0109074445210164,2.71093498845599,Epithelial,39,Malignant,909812
70478,14.5510087162879,18.434876467840702,87.90929809537924,716.5939178907639,0.07469159457229664,0.14062000371644123,0.17447880487330314,0.16720762971945416,3.8822508917545915,2.0074574278581014,0.8210716378232782,Connective,44,Benign,859915
70389,13.26070948139678,20.319134125641025,55.55400252130707,680.8793971729992,0.08536223025392274,0.20304273850990184,0.10102023939292896,0.22225584864170123,4.320169113983797,1.0693049680321232,1.3042128709683416,Mixed,79,Benign,501484
70236,13.164563487076684,17.26912242141142,110.63386760766187,770.6802838071017,0.0466634166905224,0.09834222349991126,0.16469870001447437,0.17242683274945148,0.6709895125700163,2.1341193041197304,1.6958169316787475,Mixed,103,Benign,331829
70840,13.062749284170268,11.769607294560851,61.71070421260906,409.92246405539396,0.1068342649614401,0.11111722984031433,0.03449455499682991,0.18991892571274208,1.9150012756296126,2.5447516818086156,1.9447240952822158,Mixed,108,Benign,770531
70718,18.392643253457546,19.388382254452793,126.65090109006354,576.8177862775804,0.17414604148110996,0.3340569253736202,0.4903378018812645,0.23812220806360232,9.861973280585103,2.3426043348762353,2.319300175360561,Epithelial,69,Malignant,957585
70737,13.150474237103095,15.19440765822189,94.75885305866679,592.9117991160766,0.08657866295903796,0.12783252953718047,0.04065262334839863,0.1311356220372845,5.5685543379474485,1.3888301829262786,1.6534103794087445,Mixed,52,Benign,329116
70306,14.41992652498163,24.707842701973053,116.02770821248643,1294.837633373225,0.1548278581901874,0.3178690106582936,0.40802556868298817,0.25133196000217684,6.087275529017597,1.9404075717035858,,Connective,37,Malignant,129582
71162,11.887084096680118,19.135092705917394,65.2626781565108,492.2721442307594,0.11639577680665711,0.12242570831899276,0.14689302847506447,0.1488180840805043,4.168542303615782,1.4498855817280194,1.3720126858866308,Epithelial,19,Benign,348404
70850,13.884931119202179,18.23748502400147,65.68106526066603,840.1962334076135,0.07521552141615742,0.07163367897455386,0.11188378440568805,0.14194565004833995,3.8419303832842644,2.2022330453431374,1.5463580335355074,Connective,111,Benign,185030
70797,18.959584529637986,28.44180688745133,128.30543012580188,1015.5357093689616,0.14641973627726268,0.24302563745339134,0.17350952827052096,0.1794833190411637,4.637201672224866,2.2108718954784243,1.9618610534178487,Connective,1,Malignant,156216
70950,16.653554473570743,22.578601838813455,87.07576371249935,955.1845661599489,0.1333918594812685,0.2785775830816372,0.37383157462039923,0.22033882741488886,12.14160601609157,4.158006586468654,1.6444371462865945,Epithelial,91,Malignant,134850
71158,9.639115294350429,20.65609652523502,66.9052510797421,702.2156818062083,0.08045867783418736,0.14767858145284352,0.08262003750202677,0.1979513225123133,2.9949104712019903,1.717556441166122,1.1325111730409163,Mixed,27,Benign,126089
70250,14.681143807217069,13.889859911077615,73.89996921442335,294.85797037886346,0.09075410702636894,0.1712441964708474,0.17965385285904775,0.1205582898980385,5.592094064903147,1.4974073612347658,1.1083927746897955,Epithelial,24,Benign,534545
70886,15.307936537377667,24.451452430708486,117.82310829382389,1222.4902679383176,0.10012445338904079,0.3473448522345434,0.2745631817939728,0.18278528934040578,8.6799853113534,3.3128731337600392,2.1359458461340237,Epithelial,42,Malignant,331349
70616,11.777892041120042,16.419979140460576,105.71275199936505,608.3610364313275,0.08828613383251617,0.11784667607142055,0.10645223114648462,0.22051453289993617,3.4686665533290473,2.0158129930292334,2.0234752388324138,Mixed,100,Benign,771010
70072,10.187844680013603,7.954232208599013,73.65801718085204,867.2466907468827,0.08174699877672796,0.1540605060847686,0.10028364856072718,0.19745665887513264,4.307053786356878,2.294575020071287,1.7510785305640035,Mixed,46,Benign,628697
70095,10.886571020824064,31.522811545736594,154.51471736145285,963.9432214307556,0.11545232016154165,0.31403042542049614,0.2589746624557058,0.20681432087176857,8.69507366894734,3.6296593858601343,2.1449885298032396,Mixed,10,Malignant,590204
70576,13.100785639761037,15.126358613160736,100.66411170761458,639.6139653910761,0.06420838404697567,0.17431260277990257,0.12988026804940908,0.17577514811056025,5.188620302927415,2.0201623327853655,0.921301784095251,Connective,74,Benign,606259
70034,13.543850491039741,22.17896366903401,117.21446868372993,660.3362955451269,0.11671276314367722,0.32712990991517094,0.39790820701638835,0.2678630581400714,10.746046609677556,1.5868358693909015,1.9347599997500096,Epithelial,20,Malignant,439559
70794,16.95265860749355,27.208148896480303,133.01415438083993,789.5677323484532,0.07634309691920352,0.24929151478001038,0.20910752751863396,0.15078224299909135,6.931645969540536,2.439510832944473,1.5758740203990547,Mixed,65,Malignant,752105
70449,16.981009651859353,30.317576373298394,111.84315957919834,1120.2520701860649,0.09678475089405644,0.27631100444683354,0.33565982354533713,0.21555299028565353,7.416259121933085,3.0128578522228917,2.4314403632132104,Connective,38,Malignant,731528
70446,17.75844330014896,26.746813748713745,131.91679248486784,1276.6715645370252,0.12924552257894467,0.19097278774710255,0.31339415478079347,0.2186675032588797,7.906325276462424,3.5610466232399776,0.8790291303552877,Epithelial,37,Malignant,909289
70853,13.764664500938984,29.379356355933457,106.35912371510452,1300.9173213891627,0.08085573457082583,0.19246322550680273,0.2828934051973194,0.20286542757835702,3.9690632399226224,3.081852492933642,2.350384119534507,Epithelial,65,Malignant,884480
70728,19.572191730019096,21.52803006823574,108.79557985500531,1327.7475034068134,0.07532801323682432,0.22168195800141977,0.3879422555762468,0.2772928885180801,9.837497496916129,3.3073842890686826,2.1799880140943,Connective,27,Malignant,933459
70984,8.385319704230504,16.25337158771026,73.89837175559165,554.9562337805819,0.10040323453557143,0.14173909498465662,0.11331016404020328,0.13171682978881313,3.4783039594684286,1.0440013434458246,1.447522301313103,Connective,110,Benign,342608
70078,13.270427251158926,21.188436098991794,77.37254396331565,562.6381897299287,0.05959163766774887,0.16252434606407906,0.09767591742224568,0.14667747073402426,2.4208919279931296,0.9161395676973074,1.0796480982483283,Epithelial,6,Benign,764818
70085,14.490874909523182,18.449322794063878,81.19464034840846,852.4834101047165,0.08606458447045227,0.079765177080653,0.2298102994761439,0.12195679842566398,3.34253158534079,1.7398961326021438,1.8715278968132287,Epithelial,58,Benign,786979
70559,12.607928746524417,34.88804345192859,109.42232725053661,1089.3253773396743,0.1220360865577957,0.37216931892434957,0.2820762366075961,0.20020439739802245,6.8149768552419205,3.221127337811291,2.0365822867289944,Mixed,71,Malignant,728210
70083,15.032196715772434,29.679910775496634,122.96441902840587,857.0020353620249,0.09901114112285599,0.10913160663830679,0.4845400351513301,0.22674569269721223,7.94397034051531,2.2457555564373957,2.228579219185112,Epithelial,50,Malignant,504436
70458,20.40965073001093,24.982408019245852,129.1542976573226,1384.3855712745312,0.07433219235583424,0.08268744226856739,0.39921670314640306,0.21278191346811381,11.824025735411478,3.538115159006744,2.4915629147501086,Connective,49,Malignant,825856
70762,15.11634531558087,20.80751025574871,98.19879928916387,1022.4077687061089,0.08354911852854638,0.24691417724564246,0.48671292633023455,0.20081856252759073,6.529896884626874,1.8674316181886246,2.19081905179328,Epithelial,7,Malignant,890295
70437,12.63847401976939,16.528434064982427,79.02349191867044,,0.0756232175149279,0.20015131438285547,0.19951044273052532,0.18747492883786257,7.880797364258151,2.177681307934236,1.7288581453291583,Epithelial,12,Benign,893373
70610,12.233890198155374,22.797055710671852,121.05766553438605,1471.8172621218728,0.08256769325693267,0.23346550809994548,0.20854299027313722,0.19116810041168517,10.952744818012695,3.8583627816086405,1.1655560657071526,Epithelial,84,Malignant,332142
70923,13.10246460473951,18.871094654271015,101.96385243852582,1093.751256658097,0.12780838167033418,0.2476796576478468,0.11850290025772382,0.20257281631262863,6.269542248709215,2.7284174490514035,1.8839819839865615,Connective,47,Malignant,972581
70405,13.520204586619526,18.662086025043156,87.28573762030996,626.5917413584644,0.09027969132676854,0.21488676388282393,0.13859503335393683,0.17520784449334176,4.182582986410395,1.3270688969839834,1.3814346372799846,Mixed,40,Benign,839241
71064,15.103684676125992,30.308959774663855,117.43158001078764,858.8710545783495,0.12309879684844999,0.022307022535287924,0.3721347160522991,0.18908091598147414,7.70802477191755,1.5960406569783114,2.482101768767934,Mixed,51,Malignant,500114
70629,9.611099910061565,23.30497245842341,79.66296534988149,733.5580545062028,0.0886151152964939,0.16148243466196158,0.1570198814943559,0.21376482640035502,1.5148923187832453,2.2007470938147677,1.903799899417207,Mixed,112,Benign,912546
70671,6.449168023355575,23.027509636117397,80.98906390141981,773.4554334401856,0.0893280550925202,0.11546868930587484,0.1142580801010395,0.16765966135321098,4.1137221514859865,1.2531759833197444,1.4721316458248457,Epithelial,67,Benign,522711
70105,13.66048881001947,31.255525546552747,107.3624131120862,1265.0368497495676,0.13382588412744395,0.22815150712998547,0.3449190744835219,0.28315678700826097,7.2415468296568655,3.460906533996157,2.010137916862503,Epithelial,104,Malignant,204645
71135,17.056279646286526,22.68667828951017,116.22057167112642,945.548238063168,0.07877073450882774,0.2541580652894242,0.26498601777583575,0.19287792863405667,10.401715576729115,3.09680519988022,3.422153853870446,Epithelial,77,Malignant,904199
70627,10.075672411088224,15.715802864629012,78.95932449589506,518.0354096309906,,0.15917566661076069,0.19440239401987144,0.17752764493311796,3.7518044853640284,3.042372522847965,1.6079045082238088,Epithelial,97,Benign,988950
70063,12.652764259683826,21.65448936958842,92.36677700341227,454.97556646251456,0.09883507787800531,0.15475463824107263,0.07930504604070654,0.24944792698706786,5.15186345105742,1.1854806490290173,1.3721373299222788,Epithelial,69,Benign,981872
70282,20.586598974356775,24.072559295247228,104.7536537908181,1001.871022394737,0.13214315884704636,0.11357663734643472,0.41087613871167916,0.231428749933658,7.1104273027673806,2.925951218267937,2.374078818790061,Epithelial,43,Malignant,861637
70875,18.47646198369885,22.802916540215172,127.48575913297684,1516.7435819903847,0.17504426178302007,0.27945392297776467,0.17315425024575365,0.20469770721439656,2.6008955858039036,3.1872947120878057,2.0326449728783444,Mixed,90,Malignant,346962
70239,8.812544571990921,23.978283838654587,112.32975754231319,1025.0561067769665,0.12163359984894692,0.2953579196832488,0.41468754326044666,0.15253031046966756,5.695703909876949,2.912761158249027,1.2656348363573415,Mixed,51,Malignant,706770
70224,14.08217155191781,22.022953094626008,114.49305450499152,1014.6174565980818,0.10804155271559712,0.1373673247780354,0.3267274150491127,0.1731122014754289,3.126164122156612,1.847910667114199,2.378722198291016,Epithelial,93,Malignant,912447
70146,8.145488332270032,6.782503644967877,95.02295636561601,629.1520170683211,0.07324776426678792,0.11647973970880987,0.11644289867106769,0.14593413633790683,5.370370864321545,1.383631548207511,1.0343694602607414,Connective,78,Benign,975683
71138,10.915765126562285,15.785059315736811,93.96311767905866,764.9072406571357,0.0985722532851008,0.2283310494278265,0.07651767552569756,0.15565740409407822,1.493643348723427,1.637533632824028,1.7897818664579106,Mixed,53,Benign,397307
70374,11.311889648457456,23.28687360568576,72.39176678591683,215.5184963113029,0.09282795412654453,0.23115534573282814,0.14531639830103268,0.13733037164383421,5.0581536201112876,2.4080359595601895,1.5373485286291908,Connective,118,Benign,111400
70119,15.490637867070088,16.467249233531227,124.72337195933001,1215.4423221550014,0.08058337106536283,0.0759441332322032,0.2132997966334802,0.23801477878590735,5.474165374408903,2.6371785777931542,1.5753393159159663,Connective,103,Malignant,992773
70831,21.157182933695836,21.478000103366554,98.64591696027854,889.6052992502957,0.11671763632367184,0.26648269923350704,0.4592626272287124,0.19956430922052804,6.131232343839538,1.3252009906107838,1.302690390805643,Epithelial,85,Malignant,357826
70251,14.36944737580227,31.884398368438838,214.79461651841928,984.8702267244204,0.14181351581463753,0.1690524592807952,0.23287018100723522,0.22331960319112468,0.9390667779258974,2.8127055363125457,1.6288603992679918,Mixed,67,Malignant,441909
71176,20.75755415867779,22.782706940991545,113.29853650349736,1089.5959005363593,0.07371026053625282,0.24085880562489617,0.3047584340594861,0.17386945179578053,7.75395674072958,3.409603462250683,1.592260151510981,Mixed,61,Malignant,490313
70010,14.68249242405508,18.614407629698416,112.26406190485318,659.8453270877766,0.07789285453926376,0.20505524471251618,0.38344143403288766,0.22032003990677979,10.993030087759694,2.28910081264314,2.5457476543841375,Epithelial,47,Malignant,330876
70450,14.380203824303482,14.516598043687598,49.80499051535479,539.2358454196528,0.07651165533958236,0.12513248951077632,0.11586768965629915,0.2042763417873884,3.3374374437833154,1.4446072506992673,1.204318624941659,Connective,37,Benign,170017
70906,23.44677584661542,27.056613991787668,104.50374332635421,982.1000218384688,0.0968910609352307,0.3793956752792473,0.30788490883113795,0.1866622489415567,7.364030232242511,2.901255974078315,2.4426040774319047,Epithelial,91,Malignant,769335
70390,15.947465239608528,31.50160792623752,150.3500479153068,726.5824537311954,0.13627220602367174,0.3446040219778003,0.2653592269481249,0.1526454538953944,8.555145146316958,2.8333250151123104,2.166754786907528,Connective,105,Malignant,110946
71184,22.880826578939256,,80.418016451359,678.0304362860433,0.12430917353944125,0.17937184697718803,0.23288032243368098,0.1566891690028091,9.477626447898054,1.9251546679797307,1.8033127110615197,Epithelial,49,Malignant,435712
70934,18.269082009414397,20.569306963206266,97.78860421154876,1607.4705418977958,0.12011939644433835,0.4035297390946864,0.5141639349092658,0.17278364064239132,11.929051976220515,2.480502687241949,1.1910055448773103,Mixed,78,Malignant,317174
70461,13.128738121347943,21.9480727718115,73.02610738376244,414.9794592864918,0.09425703158803268,0.19185665786768114,0.19628240330070734,0.16747497210022666,3.748805972603434,2.6835043133173957,1.4375947225923906,Epithelial,35,Benign,902291
70821,11.728595590825778,18.75768689385984,78.14460215732326,136.12195849012988,0.08687863807364954,0.15867105127692194,0.13449033066483618,0.1605517652065187,3.939502684603261,2.6150984000880255,2.0906945132397494,Mixed,20,Benign,406567
70145,12.594887943584279,24.71416009130227,127.24480029813827,870.4839395349143,0.12046360800234931,0.10797652913097557,0.28594167228599315,0.19746709631983472,5.631678694215662,2.7846888037187227,2.4711795547964255,Epithelial,47,Malignant,707219
70502,10.383763336076493,17.018061843188168,109.83230080675692,760.0915889760848,,0.12914796938995274,0.19347516256021147,0.21077162468743693,3.428405870258474,1.8164229056400425,1.3139347604394886,Connective,70,Benign,104899
70424,16.66802373922465,25.71616143106988,150.4538332179983,770.9344712312069,0.108800501652036,0.23042686155346814,0.34540947888316087,0.24700657171538448,7.127243359400922,4.5694029353339705,2.515880350191915,Connective,103,Malignant,465829
70540,13.487294185472141,17.61941980321666,89.63548388075267,322.85468108498014,0.11051612003027236,0.15827209303894668,0.09478662809610947,0.19126904719210994,2.031535792015644,2.181152232790153,1.3055233601386598,Mixed,89,Benign,693694
70178,20.284238307133283,21.137785723201166,119.84266311348053,1150.7356602783373,0.10803924449288374,0.3835325934061747,0.4058007171211074,0.20281932855073848,11.494797286479413,3.3911079637770207,2.05322556636284,Epithelial,89,Malignant,773841
71178,20.775556816291193,19.438125155468203,124.69381559236817,906.1617851365818,0.13477212804010869,0.2926522347307618,0.2958962135851254,0.24852658901417368,7.364024923394501,2.8017273638004268,3.31247715311314,Mixed,75,Malignant,356815
70723,14.90336873231265,,104.92321492224639,726.9885909916146,0.11771795985484601,0.11897519163791437,0.06742185156447124,0.2573304527769568,10.819483642959474,2.6170466582448197,1.7668166674120094,Epithelial,10,Malignant,119395
70722,18.98489178823337,19.7456367458981,77.77031098889023,1540.8396128554539,0.13176338857595632,0.29959604165121595,0.13999550468927277,0.15531978886420472,10.63040920320352,3.4098990113198906,2.792944682872166,Connective,113,Malignant,967780
70241,11.405711135392492,16.600079659144075,72.07678977725327,532.8528094282061,0.10191152149894153,0.1964910260218356,0.24007545600625238,0.13610216955739787,7.10398703170913,2.0636072420075573,1.2409275194981482,Mixed,48,Benign,218854
70008,14.516654198772187,20.10151193137782,90.82818951515316,1170.011999844198,0.11185464028805414,0.15731206465084904,0.17479472627009496,0.1911203130950666,9.72774812517168,2.531960490101726,1.7548848706868556,Epithelial,2,Malignant,843048
70736,14.145866440833252,17.196447758226878,64.12147582615216,737.3154705275925,0.06511234743786085,0.11132168569147952,0.21035958560028828,0.17064215964613927,4.445724873838118,1.9769636778634028,1.3150667173237474,Mixed,49,Benign,666263
70873,12.36889839196549,12.886074021037793,108.93265946032635,482.59931066221924,0.06480125652804655,0.24868656861566885,0.014930052448300792,0.17616557218651144,3.569515123809878,1.8002529508599807,1.6520219078122667,Mixed,60,Benign,396360
70358,16.96964000411463,26.613596338857203,84.88318722983108,509.1702060758976,0.07679066309119066,0.1018874900964369,-0.04617583148958439,0.21882157743773736,2.453872048734594,1.6203014820531025,1.8309697158364646,Connective,63,Benign,205532
70330,12.18688037079854,17.075058440643478,59.32438291518967,755.6148282599881,0.08075823879072637,0.07550640923401365,0.1768239177045522,0.12924868194487876,3.3724445858954444,1.9995446724661436,1.5471074451704367,Epithelial,105,Benign,836826
70729,14.223154588197557,12.151646078553702,129.145990176695,631.6117981282156,0.07090540962521971,0.19283051595685108,0.07606555836510889,0.17382155299480995,6.344797229885555,1.24708831700068,1.2946317270069838,Connective,20,Benign,407621
70860,18.629441577814344,22.45161445903656,94.31057285964926,935.2328597538103,0.17245500294935281,0.32016026236413475,0.34907201024796786,0.16345840637775125,10.106111752077627,2.993042864419152,1.4561603977219368,Epithelial,1,Malignant,797707
70259,9.665156573648565,8.938339375882293,90.71796036578253,790.7676345965247,0.1150753095299859,0.12435786964818563,0.20477857138483743,0.21717135899133921,4.345025106632437,2.0651035070525405,1.6485871666162186,Epithelial,20,Benign,341836
70900,9.960718622897112,12.700390534600905,102.04520895805575,841.8011294068287,0.10275164375550747,0.14701219765281853,0.23734969425536456,0.17725681383915226,4.534735437675272,2.176243276905955,1.1327099357266563,Mixed,68,Benign,580559
70924,17.62550265251604,21.912142838072686,107.71787557221575,1120.7297051023572,0.12452863892521683,0.21769916839055187,0.21184444852324538,0.224905545550528,7.518281364463873,3.975439765455959,2.3647920422066377,Epithelial,24,Malignant,932315
71192,7.744418662687353,21.58537770792058,69.6691376521359,647.418328267702,0.07721126269713247,0.11067517442980891,0.029986415604686234,0.12577263038454603,7.154275031711032,1.9628236618949741,1.7649280947595432,Mixed,1,Benign,159051
70622,13.412779973448819,14.925361990270027,65.78856432408986,986.6329615771709,0.08988206105558481,0.1834352431690615,0.11625244386078956,0.10775792533632356,6.563037307140916,2.548780403773522,1.2731239556619007,Epithelial,76,Benign,785428
70859,11.152071369723949,19.01637991033442,81.91647119544683,1140.8198815729972,,0.25916187737249513,0.11973556910468487,0.23820140429338513,8.721041178446988,2.6744112150049504,1.838768184306916,Epithelial,94,Malignant,679559
70526,17.38482328442367,19.898438196932872,111.22576800520332,1491.7060481240462,0.09508592676038367,0.1813926426407378,0.3139112483850304,0.18765126984584055,3.418544335755503,3.798310810501336,2.299932002500574,Connective,1,Malignant,919283
70843,15.157062788640049,26.410067717204036,93.85797523946262,614.737359712869,0.09314310069922666,0.14680916129529786,0.0558624189814974,0.1874266559507555,3.6299757015324556,1.0284415725944251,1.3405133716233486,Epithelial,39,Benign,266257
70979,12.701996238397456,29.174516222559642,172.2227313526737,780.0075248216868,0.13503107520233146,0.2742957663497401,0.15258365411907657,0.20009274167613997,5.550371903083548,2.5956606746428683,2.7194586343846865,Connective,7,Malignant,777956
71175,13.764178593271538,22.249179364862425,69.70011186240022,584.0028112622371,0.08338458395172796,0.2041226882384959,0.0801814107408173,0.18105210875090985,3.6285433677635206,1.3333059421840296,1.1538537340069206,Mixed,68,Benign,891347
71160,20.603335188132863,25.001840041111446,92.27100122678591,1411.7992212428132,0.12275801031110452,0.33784910929499984,0.4476816496687467,0.2410612242895115,8.640862444128954,2.8074965866075923,,Mixed,91,Malignant,462781
70441,11.972659960417051,20.76423292049521,69.500519959392,511.0763896603546,0.08575274826211611,0.14476872129562696,0.1756595888040711,0.15575018938527507,5.911247920889945,2.321633377707248,1.9142357360091051,Epithelial,61,Benign,395951
70532,7.748749855902691,9.960398863376504,87.41936959361429,496.2839111539898,0.10551647589250875,0.12078859100015357,0.22505189080815752,0.15898991603792437,1.712409293974201,1.4093576730395854,1.4096866513671433,Epithelial,32,Benign,472214
70995,15.556678762649131,21.19117877044669,97.9462996753432,1451.9626038682177,0.11180345134629166,0.191262238205594,0.1967962978701106,0.1731937474360713,6.793406572163996,3.793055704507636,1.9860829820139259,Epithelial,54,Malignant,505346
70229,13.111414200646795,23.051088112634524,73.82763138168079,841.3399340145356,0.08337595723779714,0.1149856509419684,0.089157805055536,0.20959989345559019,3.4236832456069566,1.3783290853013337,1.7869875899120344,Mixed,90,Benign,705403
71091,21.396402995275146,,101.96179929228725,760.7342741659066,0.1249357383882222,0.3612815810134983,0.2862851692844648,0.23023972266271947,1.2549620003198214,3.606134424769915,2.8485550234356447,Epithelial,20,Malignant,192106
70213,14.565222498818535,15.167603734946947,47.03129831638984,427.78788731118806,0.11588260167185088,0.1256434900283265,0.16613329688794382,0.11904860421064806,3.3100138718625374,2.081702252452029,1.204814358781769,Epithelial,1,Benign,744042
70080,15.981357817998607,18.399113079195512,52.58911954112406,1206.4499190496572,0.1083700278912544,0.34572771361071064,0.3924932530561045,0.24906665980906476,6.8139239783756045,2.534836868141163,2.3731748512907593,Epithelial,95,Malignant,304597
70149,10.213537341594394,11.633476374346197,124.68582445702083,363.79973546830007,0.07461419320134101,0.18255958472759357,0.03717599929503626,0.15186716696106523,4.311699674136515,1.3882008274153645,1.3408953545902482,Connective,114,Benign,351674
70738,9.14942510801545,16.720239400079706,76.44859162943689,406.6404285421849,0.09282320335447498,0.23654367629514358,-0.005237399983233752,0.1983900668859414,4.66677113898496,1.5143852300323715,1.0238991024905535,Connective,10,Benign,976550
70732,15.698309497288244,14.446229253064207,57.31351265643597,899.1748422059791,0.08796146819815417,0.20401652938630255,0.34381016144721566,0.10519371248609947,8.666581531156874,2.54608496226775,1.2702034160455518,Connective,12,Malignant,938806
70611,18.845821644550647,23.640249976959662,122.96896091024001,1091.2042492775304,,0.2408567475160943,0.37961105122827626,0.24395881184541132,9.58397235281887,2.6525197036073984,2.1024153887840216,Epithelial,100,Malignant,206478
70134,12.90894252780468,21.592743953966988,72.7299911189984,187.85926641309365,0.10979093895715243,0.13721570825516172,0.16251333474677682,0.19477931169311022,4.470670559741672,1.4997754299867032,1.7870734712822895,Mixed,2,Benign,866098
70808,13.023296639038291,26.6952752532324,96.88069717364601,1055.8246070800453,0.10257862765670075,0.28550495215284577,0.0887508795792904,0.21043758970303694,4.466665083993167,2.45562828316761,1.6644557402108227,Epithelial,93,Malignant,787464
70409,17.067802311489803,15.681135523475387,138.80704057912823,1839.3617157660497,0.10033016655356686,0.30638950357383715,0.3880530597833136,0.17749411776443794,5.41405154459267,1.3449401585492247,2.175785108947602,Connective,115,Malignant,590175
70696,11.234213623236036,8.468924637904655,90.20513866979488,534.9745911727642,0.0755206669678624,0.2150732869424123,0.146540034702012,0.19058241315799915,4.274069732191025,2.0681275735330407,1.842585183063033,Epithelial,71,Benign,838553
70508,9.144136767806904,22.960190079245805,90.30516064172295,1022.4442436519776,0.0720996896571506,0.03207273462756957,0.12152547570863384,0.10618071376476064,2.5391737208238787,1.8084946401920174,1.535267908334922,Connective,9,Benign,358761
70909,9.07667811830665,22.79578474402,76.13887089222558,596.4153854337178,0.08794609172013497,0.13518600078873236,0.14678810666837483,0.14674191614073911,2.4771738413306856,2.0384875093323407,1.2140766635101408,Mixed,39,Benign,220266
70505,16.896909704427305,21.736926624820555,118.3097878624512,766.3268350968929,0.0970548683667471,0.26092661423826813,0.39625224796111974,0.24824516165173027,7.475123670544398,3.97657411710592,3.1055671512427563,Epithelial,71,Malignant,617116
70851,14.62205107665708,13.894274945315946,89.16446516369965,416.4134498553707,0.07542167120684043,0.15597761339611607,0.09895295462670245,0.16024610005002712,2.9100749500973553,2.713989124577785,1.8424493505401884,Connective,92,Benign,348513
70348,8.199186988398164,20.410954494525264,87.90964540099345,305.35982642833596,0.07285923086114611,0.05635677298336753,0.2613575294761779,0.16924501437782039,4.200389865347885,2.7558789006549484,1.2138684503511823,Connective,98,Benign,127175
70387,11.419451491111017,20.27700518498088,85.29250464728929,866.1184132016394,0.0911732128141955,0.2338198633878792,0.245684177246346,0.2196984114412177,2.1475342544468257,2.317195811149781,2.2910840509738017,Epithelial,42,Benign,762151
70001,18.13768197207047,29.43790654044473,115.82192763866412,956.0664897817022,0.12568380971360915,0.265981634777534,0.45349870389236985,0.1981807706189356,7.944403615412265,3.104817770461948,2.6605783488124173,Epithelial,12,Malignant,110006
70361,10.843480843985839,19.377846765696674,76.79155267033522,555.6796660675957,0.11617165089724632,0.18861941924787495,0.1268895947351522,0.1514564744252479,3.4208845284546916,1.3744241532682018,1.9014197780937083,Epithelial,10,Benign,254366
71153,8.567738522473757,16.532755064458232,84.19622001049977,819.8953538826819,0.08533154535135774,0.21940607838095746,-0.005588807427108084,0.15993486350567723,3.6836208845537826,1.676472335302428,1.8343318995001268,Connective,5,Benign,140454
70476,11.319512510510982,12.784179313499585,69.58734896171973,233.1173038002861,0.07521548907831281,0.13594148516427187,0.0855816627450057,0.17285171233971566,5.918479623490981,1.6941532052145516,1.1148676631229026,Mixed,56,Benign,497337
70803,13.004711066774437,,85.52277554618013,724.9786585870887,0.09910798430179021,0.20710243330851028,-0.05373653691464363,0.11758083894102864,2.9554990829560435,2.4443560974016965,1.2359552920039822,Epithelial,99,Benign,611365
70779,24.118240706687775,18.081806706413808,155.70018218669577,633.3711594417779,0.11787468838551252,0.3274114363084303,0.4037209681021259,0.21895502713875606,6.686497563155628,4.315557552204223,1.1727067606961759,Epithelial,45,Malignant,197315
70173,13.96890397984674,21.556005931243348,80.17905170272081,135.66996317755564,0.06141633085230286,0.1285690134528305,0.18160807158115988,0.10230758304949966,6.305924946042926,1.2754476770616459,1.8823709090805723,Connective,37,Benign,988103
70451,18.544791419382175,25.822483462548988,172.83405979913533,1540.6312042698557,0.16151722334319796,0.2529900334086153,0.15508583494817488,0.20369944048839658,6.920456725841016,3.1660252466003396,2.9220353257998117,Mixed,59,Malignant,212962
70126,20.416420000488426,16.443790948286875,87.31153691283127,707.6520425331768,0.09234334130239727,0.21805527314337397,0.4107176269536219,0.13847010056463124,12.665682690670419,2.5066788360917154,2.483936927513115,Epithelial,3,Malignant,394070
70662,18.187720364096805,27.883756122934564,159.18367933377357,551.8435500144113,0.10484786567403491,0.34274057592686247,0.2501066261044399,0.23705526878815178,5.415752967981751,1.7142159482870822,1.7872429378755599,Epithelial,93,Malignant,791729
70531,22.200272876877097,,130.8144203708081,1210.64024532802,0.10210604979457263,0.18776062736582272,0.23741671457020846,0.1898161776500382,7.893792102827921,1.7854406970008638,2.5417031317609524,Epithelial,108,Malignant,478524
70091,10.154541917642131,13.512494627523942,83.60171746582793,565.1782474606755,0.0835041044485011,0.1437338101669866,0.13787420776181467,0.17948290266381883,3.6798986081522838,1.7436617492992674,1.6240925083232414,Connective,58,Benign,768577
71181,10.058647352472956,6.013466247953183,87.17795471224855,782.9273998637353,0.10200058837957304,0.1576018469105878,0.03182460910558464,0.18248830492856694,3.5515099777408627,2.247861366086811,1.6837452630893446,Epithelial,28,Benign,834130
70182,16.85708257151661,20.43766916799978,128.17627949767797,1424.9387937647803,0.12674211223291262,0.40909012142756424,0.25290903959552935,0.2804928660864724,9.33988835610869,2.71834552717766,1.5603813352141662,Epithelial,17,Malignant,254953
71182,11.750182107210911,18.826458297162898,58.32654015553611,676.8431666741251,0.09241796569247028,0.10217136396552276,0.27792164409271947,0.14791633116829006,3.9085177203679597,2.323931901173203,0.932988220918494,Mixed,41,Benign,821368
70415,6.376971476359004,14.698434715209725,97.64735656452548,473.10913988916667,0.07979014856833434,0.19906746498556965,0.07818648193293744,0.2317695708738301,3.688306593741712,0.9371975588102677,1.882141606584288,Mixed,38,Benign,623246
70252,9.158913195853916,13.126733535332578,92.09522616612395,524.3414976029594,0.06984808766178024,0.10697777045220988,0.07631547947785987,0.18412739190673857,3.112078656148493,1.3912068941685092,1.1958383056614101,Epithelial,2,Benign,426531
70070,11.047583320559886,15.043008319814492,68.05438287365736,528.4765251532431,0.09204358577474998,0.10244508547443298,0.18665932566551402,0.1788130424293832,6.03212011847776,1.2936363682935539,1.2455061311067945,Epithelial,24,Benign,932143
70132,18.00167155741805,18.4967021075747,94.03497672561898,1410.52504709341,0.10756286935057353,0.19595135534301125,0.09330816024446581,0.2543786472781859,6.39418820625143,2.9373182989263493,2.908025783498382,Epithelial,44,Malignant,407466
70301,19.482685404276406,21.428252804907878,71.31014529896382,1444.9855580855412,0.07306626977862807,0.20674286385958146,0.20338866745471043,0.2609779221022084,6.9989219958740065,3.34030851891964,2.419558640436044,Connective,14,Malignant,532199
70842,15.671191195705639,25.89840647964191,84.05155743261697,,0.12915443994053047,0.30147935513341645,0.394573476614882,0.22253648210655394,6.438273419473075,2.8160502804717957,1.8786488050011636,Epithelial,52,Malignant,499143
70327,20.867619596694837,17.868398635782775,112.50955151122271,736.7516874530692,0.08517693799924826,0.25193442181256803,0.3735031731745106,0.25512933704631513,9.77868446845745,3.7894708635670926,2.210734166198502,Connective,44,Malignant,226135
71194,9.855433218469315,13.01253409077258,59.56707662926021,904.5626225937904,0.10519885930747191,0.09680034587493719,0.26463734399744027,0.1388771553457173,3.326882354695108,2.325612190124481,2.3123832425350606,Connective,100,Benign,825718
70500,18.709892146478104,30.894609550812955,139.24736235803806,1216.9591779234847,0.1358849112451186,0.30610293937602784,-0.01150754997248199,0.22894860106155704,4.873148247812368,3.260579826559936,2.681740108101049,Epithelial,45,Malignant,901279
70963,9.493039715001007,19.443425417800903,83.70033155504085,1079.0488772660312,0.1143787403892153,0.13596265612174216,0.22951738360829207,0.18832539367627488,6.422152475265619,0.942340365575486,2.2696686660613064,Epithelial,106,Benign,318924
71071,11.525904691669204,19.54622828704182,89.6256386778699,590.7112241557306,0.11237826894416317,0.18049536281846695,0.0018383423107731674,0.1875539611779129,3.9369343480535344,1.451327633252871,,Mixed,88,Benign,259896
70496,12.628551580762695,21.136883904642847,74.56095749480457,512.9832981945567,0.10065115267600216,0.2260913891921967,0.04632307616251414,0.1732918186491293,6.125660636342645,2.2344416800442928,2.032003941831227,Epithelial,94,Benign,605756
70339,14.943290212705552,31.663156301582465,146.16367261525374,1349.427141190351,0.09489276420977127,0.19665234604321288,0.45107606849344517,0.24035317073103304,6.348468021581402,2.587091745615159,1.7904916034269984,Epithelial,13,Malignant,543633
70999,24.601821393471205,23.044718610012996,125.78803976418816,1292.6910181039698,0.09274901785018455,0.24729740808034553,-0.02096808116782224,0.20960018750488638,9.579816030737899,2.172336146537816,,Epithelial,119,Malignant,708987
70165,14.197744434581699,10.188520539741843,54.17476137609566,129.14304810368566,0.066886820430917,0.15442637663256695,0.15434520924915385,0.15230884116466314,6.6914938060875375,1.8601204171619838,1.8216983702232343,Connective,28,Benign,444225
70029,13.979708148988747,18.013355844164543,90.95425728960447,982.4343698268327,0.07651612293573294,0.24060690739205948,0.10804118778061778,0.1447662682348313,3.7733011328515165,1.0161954939741278,1.5318910349020216,Epithelial,100,Benign,538462
70517,13.76372782871629,21.494865739165334,71.48954291589341,429.15532344970046,0.1216542552638119,0.24588028233139614,0.10534171596535297,0.19106151451580047,3.6553012389208126,1.7599704700597452,0.842350822799809,Epithelial,86,Benign,561937
70194,19.908262810335692,22.40618903579211,265.8808970042613,1946.319316510533,0.13644421618255592,0.07896251569737683,0.14563384726117368,0.22954088717713067,9.52401931787847,3.6559082070596842,1.859502868854225,Mixed,117,Malignant,270929
70784,18.364720919203126,19.74176985906019,107.27391003044187,1184.1709724974028,0.09259503819239553,0.1796860419337873,0.20318475915950132,0.21645098375212407,8.102382274190546,2.298746868605448,2.8508858444910015,Mixed,15,Malignant,910446
71117,19.66425745281093,21.809026083559118,123.94504310984502,903.2109822370693,0.1432268024248524,0.1824044106096283,0.37590928615591723,0.2455104102269856,7.349230557197986,2.9092934739355374,3.0650556269499902,Epithelial,29,Malignant,100895
70170,10.62399200278419,17.37681971857028,60.48121063411853,865.9383785529424,0.08017506107389677,0.07697915084528387,0.08924635229880254,0.14898576680795814,-0.3611553185309502,1.3746150958294099,1.3325097251892357,Epithelial,49,Benign,670388
70171,15.21043274017192,29.312783131037634,81.36542929342332,865.877999626884,0.061540223468444614,0.37045182823547973,0.45830456793937635,0.27364892799072965,6.29541030610886,2.6109678388107733,2.101839101383266,Epithelial,61,Malignant,253019
70174,8.327814764453471,22.858263253563315,75.38664897228107,506.3105797359315,0.07882250713124042,0.11029280954137013,0.10374822750234364,0.18734594923361259,1.8930206240799259,2.011141564751681,1.7539414901782253,Connective,3,Benign,579403
70519,21.37082338499395,28.41277082807533,101.71125635789305,1189.2733959857233,0.09231055272453716,0.15968819006333773,0.33160887299459624,0.21584084468177756,7.25069651347247,2.6345376232866773,1.8196837362654223,Epithelial,58,Malignant,174574
70953,19.1214706756538,25.85217032913137,106.20600098128382,1111.2236139792756,0.09029462081745213,0.26681258029750055,0.2986962280104712,0.2074908848408121,6.818315255150175,3.5906066350131147,2.4961799643291016,Connective,54,Malignant,154181
71114,12.45209890396132,11.263780904619226,77.12664262297633,223.33405638609224,0.0875600536125349,0.14696086051118956,0.19881430714503523,0.1796810500193894,2.897178432396199,2.7578131525873224,1.4281694690235032,Epithelial,10,Benign,124977
70492,9.58759802336832,20.702392825493316,93.96673862586401,959.3249019809847,0.10423637236586034,0.20739550427135067,0.17207881079292747,0.17782691258171363,4.792606201885472,1.7188255495486073,1.0605528417686527,Epithelial,61,Benign,997206
70074,7.877657278464929,12.543143265154583,72.57055893678397,445.5881159874108,0.043869638129222906,0.16823617737384147,0.09933411210007184,0.16176471777131693,3.410184650826216,1.4554218719343244,1.9760856332639025,Connective,117,Benign,973805
71028,14.22234429594956,16.099570295013756,93.31073546211701,493.57480454484784,0.10579347112506254,0.08584681947363648,0.13019676408397074,0.1798275041653249,6.646802686117242,1.9706329727363197,1.9409476856773622,Epithelial,39,Benign,849400
70588,12.407994589424108,40.02240454726732,125.69087226912382,1514.8641602307675,0.11266190761262068,0.20714396999224552,0.4149829212529586,0.2813263380633451,7.876598333225388,2.8994021736655453,,Mixed,88,Malignant,924718
70235,15.142203253828143,27.8655725879379,78.93365492622561,1060.078203513308,0.06914710370407413,0.20391032446542062,0.4049498330278063,0.19389892005573187,8.938510244940293,3.624969975206095,1.496289165233377,Connective,44,Malignant,294155
70215,16.74737074598682,24.305833541766482,138.5851866922025,1319.9993750879098,0.07167468331855673,0.10449098536594005,0.236526886732746,0.2107239985729558,11.813676054233113,3.774080858343659,2.3947109482731146,Connective,113,Malignant,809353
71195,11.14361889574653,9.420326215786181,58.76343480416264,858.4900430227138,0.08978953757920674,0.019061696903625282,0.287969990741226,0.16595918398548035,3.0229587524605623,1.418823814163992,1.403331548165575,Epithelial,118,Benign,957776
70133,12.388153488800345,15.00199179588567,83.88700482626508,620.383962200255,0.08108315975597237,0.12065335479914446,0.10752763019097206,0.16571166906383505,5.585244413798071,1.6161464579817157,1.9020400116418827,Epithelial,18,Benign,220962
70802,17.496570644778664,20.18706245135819,58.96706021365935,313.85468860245396,0.07520693407566105,0.05079352217705986,-0.014293218861758106,0.11719841659541562,4.263754774816711,1.2764025040581546,1.3506728810947197,Epithelial,23,Benign,269279
70757,14.130074367136954,19.981545171619633,58.920771691176654,508.51807610896407,0.08007008596286044,0.1966446887833312,0.08099953823949071,0.13150272298562077,4.234235246345862,2.575470649673479,1.6489869935908341,Epithelial,3,Benign,509214
70975,18.608769567613816,25.37286974465898,108.46642868182026,740.3607800302585,0.11684399263659884,0.25813803183840717,0.2899325405282077,0.1896831469418774,8.428682976119072,3.00850620406984,1.7136140968497588,Connective,24,Malignant,723519
70186,13.888340498682382,37.523621730869195,106.05253500317569,923.8995962932784,0.09358852699244845,0.30035814893694524,0.23785646416335307,0.2233797283338137,4.955005398609122,3.689103895376512,2.3052626465488784,Epithelial,20,Malignant,246604
70042,8.697769113063774,9.716786845843883,88.8805523872997,705.88742476794,0.07982516235775847,0.1137245633321447,0.1408056629346985,0.2145659218705351,5.400369432752217,2.411966174433063,1.737139974949353,Epithelial,47,Benign,426780
70109,20.002625611541422,30.649444812359295,84.59467838210696,800.3231417636046,0.10643948162281087,0.2836619930475856,0.23780832496830145,0.2613717497224118,11.824994952703165,2.21119438462,2.959010829869076,Epithelial,72,Malignant,747697
70880,17.388997143126097,25.957466934840344,112.03612917234969,1180.6472529190114,0.12639709976728475,0.23698063720327966,0.5107366577214686,0.21270159116279785,6.81489714890569,3.253380702957562,1.8065174966209856,Mixed,104,Malignant,438178
70569,20.270519051813054,28.663167618131418,130.01385590257973,657.4274444359827,0.11545999113526931,0.28779909845690804,0.34086414051266883,0.2394345497504774,9.501002373227765,2.65858829695081,2.778841691094175,Connective,90,Malignant,981387
71006,9.77584146038614,25.583788527524877,128.18616239022654,910.3294850035827,0.059595471759986196,0.24457945531801323,0.2752909577055952,0.1801862281980085,7.552702510532766,2.394487965642572,2.126476741877354,Epithelial,47,Malignant,704357
71033,9.74145205161646,26.626418458122775,106.0178506234137,939.1465207741651,0.132051870382237,0.34833466001771746,0.2623534665217076,0.20793616453216945,9.139319036240117,3.642652059665471,1.7693785548863166,Connective,114,Malignant,630582
71174,19.241822342383763,21.75781081978176,112.58983606468207,1411.6287387146717,0.10953404361014152,0.46906119210570835,0.39018904438241153,0.2486271982510419,6.527420874003267,2.0266356188071297,2.0820340571257385,Mixed,28,Malignant,952886
70484,11.489394707761967,18.56668515959664,80.08055568254005,342.6748187464147,0.10945674037919487,0.12237235370908273,0.053028735655235026,0.15221451574377248,6.454965587211084,2.0963736422539165,1.5465065601420755,Mixed,15,Benign,318653
70469,13.634470143339787,25.754166095363445,90.2667406662987,724.4645705775905,0.10704049812364674,0.1804256881240498,0.4181103738152169,0.29403664556939646,7.580332345047218,2.7969326396527507,2.8482104827305745,Connective,109,Malignant,411678
70025,8.532027504858153,8.681594237662207,79.30907893813301,650.0102615178866,0.08628768692411087,0.08623852531188819,0.1763848859827774,0.1851348703056592,5.234032444359444,1.7010152790893613,1.7735577434570178,Connective,37,Benign,126564
70683,10.23700526867523,11.73227220022111,73.81479959864889,1024.827704669497,,0.14158447383545125,-0.04281773974943829,0.2017817170156909,3.7577907744724977,1.8818103988874926,2.040903733130075,Epithelial,96,Benign,198313
71161,10.921894020615104,3.474662367716993,78.9755727906479,528.8501378181352,0.12066882524772432,0.1713300353596105,0.11080316406444186,0.19249359032325478,1.523304289553368,1.8740516097134545,1.4383213706863986,Connective,2,Benign,726941
70778,19.699870778858347,20.857129144385908,102.19362481641168,1241.9934530636094,0.15260276302167008,0.41629585739508806,0.2045751165560559,0.214564630005334,4.893155291976271,2.8189546267744663,3.0191198489632267,Connective,9,Malignant,449811
71031,11.214647761057064,25.059791519981527,77.06837189310673,512.9146500819259,0.09308157059959017,0.13744812778822307,0.11966866755271369,0.16577355132479912,3.997308103474624,2.1928421247863654,1.3110523801412004,Epithelial,28,Benign,585717
70367,12.874698880864669,14.922624384648014,75.01872879988707,564.93823232552,,0.1386378272000787,0.11895796192867793,0.11717059340472885,3.97147103561669,1.0024421388162374,1.3984731125600165,Connective,8,Benign,757300
70870,17.554921833589795,22.185956872959203,153.02241462535216,917.6343304096522,0.09369333742241714,0.1370252625541251,0.10739910093192695,0.2279270930872375,10.118510521231347,1.7211240031738584,2.025951161215772,Connective,15,Malignant,691100
71120,12.723296911240022,9.33374323881266,67.46884576412262,739.7820718870457,0.09230196022959805,0.155839575172397,-0.04021973944552802,0.1294934570926374,5.167145447722285,1.3416437521237194,1.6257011321599344,Epithelial,100,Benign,522258
70384,17.934124737433994,23.17078773017438,96.46011226650874,931.0430496029646,0.10851934578323068,0.24481240496333584,0.5826070605973371,0.2328906149160661,6.494715209428486,4.132319156996973,2.226388923928768,Epithelial,58,Malignant,117455
70455,19.501547260668257,29.50525475848345,142.149227313666,1337.0106601121554,0.07812985961817809,0.21096133337998438,0.3982637574238484,0.2778964890575434,8.461222209004948,2.7376789824768974,2.706993203367443,Connective,48,Malignant,598523
70265,15.38673725534683,13.347858070068739,140.86598990482517,795.8227207165816,0.0919246075428483,0.20526937594810798,0.17070708185551678,0.12124978981434557,15.917975360033331,3.7599933013329387,1.320268452447055,Connective,114,Malignant,647232
70786,10.782911499074473,8.65633124174207,65.81417618722291,581.0476273007794,0.06710833514900579,0.18924477364718198,0.08530056434569241,0.1621499753526308,4.37828298743865,0.9793625634021562,1.567556369270521,Connective,35,Benign,870614
71016,22.280794701114015,27.81559286120001,101.07959676798096,545.0495714505802,0.1211129385933238,0.3885451954334116,0.354899144737743,0.2431656592223354,9.950897122990247,3.9611950329121544,2.1757644214669676,Epithelial,80,Malignant,370124
70445,13.412343002461167,17.877371895443424,103.66736150761116,946.0872701055637,0.14738036244671424,0.26310218341894553,0.1570074508454135,0.23315862372337046,8.560345253847586,1.2562586143235375,2.054931317968731,Epithelial,13,Malignant,628101
70396,14.374806212672384,29.76366025397058,106.05601213860032,1139.6940579820607,0.10051099812677103,0.2351475816811739,0.06380721132179265,0.24782916450600934,8.522194106125852,3.470150218578244,1.9823793376269152,Epithelial,49,Malignant,723818
71121,16.895109026017558,26.39222941454693,119.08828743002827,1208.6665122531663,0.1187274500601376,0.21818007648369495,0.10803987992137382,0.23781778945570214,2.8068898897059906,3.076296263322167,2.923727421368688,Mixed,109,Malignant,579032
70177,12.756875342782255,19.107465734258504,68.1060267509018,755.965812814688,0.10035050621002195,0.12816120660314823,0.22575296793245261,0.08510953088277608,4.626723472758928,1.6857654713388277,1.801196501502667,Epithelial,86,Benign,235366
70019,20.8433666443501,18.07352598744862,129.70682308395592,1242.005721290266,0.07429088931874818,0.13947146717856745,0.3796784239334608,0.30346985816099986,8.814223077278664,3.271611341792863,2.7668280951260016,Epithelial,37,Malignant,488993
71063,19.318948758830647,13.717494654944808,112.20402161978501,610.3917139573437,0.09865789325847746,0.1994599024707215,0.2655519094629598,0.2598343632475338,8.113333794154665,2.90904351910725,1.7439667333268385,Epithelial,99,Malignant,340199
70844,18.052592612126134,29.55615195267849,137.4607859526293,1306.89868444863,0.11384373822021196,0.3868731994731062,0.16519759472730736,0.1802275284897157,3.8135499204238625,2.80875351074054,2.6419530439061174,Epithelial,2,Malignant,480574
70596,11.066527932483403,19.446356896703684,79.38134440041419,324.26431279429534,0.05808521091997436,0.17637363076815354,0.22559871742421025,0.19077348779132644,3.848209724098574,2.6149345773755375,1.7915775280990682,Connective,78,Benign,481184
70062,13.498224138188142,20.287427101975837,95.54296626518166,861.0032788973489,0.105001463406177,0.15524143831732792,0.10569947904418568,0.1363277251459547,2.831901026110444,1.5299531468733039,1.442321756332249,Connective,100,Benign,988574
70273,19.82444669475115,28.500291029311214,124.80363034981482,1296.2999531109149,0.12256220809055256,0.4342987361109238,0.26905025942792016,0.19138803346062658,7.890015814243669,2.5332998403523614,2.081283122651958,Mixed,58,Malignant,653506
71145,21.658359459709153,,98.51029388692977,958.6098961771575,0.10880729608310259,0.2574682307958991,0.46614479238822054,0.16649057119506885,7.114532762475445,3.3032647039065486,2.4288064762667743,Epithelial,44,Malignant,651488
70279,10.28579848280752,13.795344169222677,90.16780962261545,916.6621553384803,0.0849601712207244,0.14197706500180876,-0.011301675006793022,0.1053232778232087,3.7325264786486803,1.245525523647836,1.544185885207801,Connective,57,Benign,577088
71025,18.663027017416358,19.423799039162184,77.85042434673193,1169.9776999194582,0.1592361345332995,0.29604189662358765,0.4086539308448115,0.22888330381096833,9.40643542591213,1.1791889721083875,1.85681397713057,Connective,21,Malignant,169108
70695,14.487044762917098,12.865814157296786,66.85409384787862,662.9156406894452,0.0817237287583089,0.19594111617930637,0.14916387589352717,0.1222662208394518,5.496916545158946,2.1136029485824084,1.9104346254149136,Epithelial,75,Benign,612627
70369,21.696281698515897,18.662491700376776,96.86384547946281,835.905634969065,0.1257636052170863,0.35728871319506655,0.17303707262037024,0.16926147880300302,16.520126764614986,3.6684803156003394,1.6619600060568294,Connective,5,Malignant,894038
70919,10.435102018965589,16.755385311199365,93.35390797200802,364.86869977049224,,0.10778684493619033,0.24483090505140828,0.17334359591645818,3.431065279620798,1.4353173246820268,1.9022698805906677,Connective,60,Benign,108802
70849,7.783551901531406,23.600386854118973,55.658773920162275,522.5312905556762,0.08408559786820395,0.11952302288688328,0.17698722061213415,0.17443300848399423,4.094915529865197,2.1755639157097706,1.754139346056943,Epithelial,61,Benign,614127
70891,12.509142599478665,26.82152822835258,69.1264395226281,562.2471374722904,0.046032055439583004,0.1407027005451772,0.11067530573053462,0.1265816188040534,2.642509009758801,2.097101865743022,1.5034576728305569,Mixed,53,Benign,924589
71005,17.93649693913407,22.263715324462805,92.90547389804651,845.0546377360841,0.1542297792309166,0.30110247982306837,0.2598972478947656,0.21037285351184265,9.393575718678136,3.0950374467033233,1.9055334316115315,Epithelial,20,Malignant,317794
70799,14.706254605123098,18.257739122043382,85.10051913808607,569.2634117593765,0.09933273039148444,0.13603600233796517,0.05273679679411579,0.17896265935964567,1.7578793160706092,1.2459727213520488,1.3491609622983338,Epithelial,14,Benign,649778
70548,15.498036499552853,19.368061796111068,63.69537119524091,621.8082376852625,0.0780037889178345,0.20370420963877597,0.10541661467336319,0.1785804846619113,3.2443293265828146,1.634931982356323,2.1257012859073146,Epithelial,55,Benign,990297
70912,15.124168839940237,24.769840598345713,133.46026473789,1255.9696076430457,0.11409862361395065,0.26403123146909707,0.2945601358215512,0.1449663492566561,4.919896833097921,3.925555153517917,2.4019128400983503,Mixed,102,Malignant,492852
70689,13.032696198663142,18.209266950324967,99.86723938761605,312.73271784174193,0.10581912461047024,0.1005265975565352,0.1566687013186005,0.15542913780886533,4.696042808771023,2.069027188217426,1.272535278582426,Mixed,104,Benign,471867
70933,12.38103246180632,20.46696191677748,94.2733606659575,574.515890251946,0.0815992317099725,0.08283278306019928,0.15737067892328516,0.20580405285641626,3.867309331221459,1.2659582801963065,,Epithelial,23,Benign,655451
70457,9.529829664249183,14.290236934385323,71.4812378212107,427.25218410407103,0.056599484705326365,0.11683814896331443,0.12579168198353613,0.16105747690045524,5.255707506577179,2.2743997026822087,1.1561078796016673,Connective,66,Benign,456210
70394,11.72142703622109,21.51989515024132,59.47219785912175,167.1004348970222,0.0960669574181984,0.17214696549491285,0.1659207451648219,0.125192643046221,5.477260997496601,1.8510793154748748,1.795457891541261,Epithelial,102,Benign,778287
70676,16.499109409779713,18.780037937592684,107.48128560172842,809.8101437026523,0.09147864433798349,0.18914576681084225,0.1765335735948199,0.174461121333203,10.390024844074023,2.112745354808991,1.9002157220783262,Epithelial,32,Malignant,107173
70945,17.558448066679333,20.468183385003545,125.34674589367282,1174.165513918703,0.11132601960676118,0.2904950712697274,0.30538825004512327,0.20923059643524297,5.822793197832514,3.1841481291112244,1.9423321436164516,Epithelial,32,Malignant,593898
71000,11.940653656730243,15.460131581033574,96.75302243406108,741.1506035900933,0.07350990576052203,0.08243457524094264,0.12328343532690057,0.12598621011024466,4.6799807496272985,2.3319317320389423,1.6574495234143043,Connective,86,Benign,777661
70376,14.203226004804735,11.937526192493863,104.03317083097514,360.6012662302494,0.060727940517440064,0.1534781984815123,0.31393247927857887,0.1716702291949018,5.862761732737323,2.3557211231903294,1.6985844517989241,Connective,24,Benign,892001
70413,17.497693581925763,21.48944902466199,65.04305760865438,1170.93408209689,0.08309983405713012,0.3443636853817061,0.11803116097360024,0.18412187783527917,6.613557455455345,2.6443566181413374,1.824456942083232,Epithelial,25,Malignant,675594
70075,17.34436647521044,13.11262169204595,72.68963951024051,592.5320398672985,0.06791727475811982,-0.009993919821923138,0.12714840664962987,0.171550105667013,3.059475212925484,1.900148282398645,,Connective,114,Benign,901855
71141,12.921685074387602,19.244367268620167,94.03186047273164,411.87283877306237,0.10292123816060392,0.0946359094850969,0.04965058725726899,0.12515065283712073,4.602479385579456,1.5372879803604442,1.3407793937001562,Epithelial,60,Benign,398195
70894,10.669513089515386,20.233480690970225,139.9023648930469,1555.0334483608265,0.07983166258786233,0.08119620216507757,0.011304561784699428,0.1942734299886518,6.250642044601964,0.9706318740791925,1.4981481077160053,Mixed,109,Benign,577688
70501,21.077565406385492,26.540670704407095,116.88558587228559,638.0731050410632,0.10818583782602025,0.2844818039260139,0.4035345207357915,0.24787078184027736,10.921412605022063,4.229297860804169,2.601077365959213,Epithelial,74,Malignant,213953
70938,16.92624609152485,15.186218261346644,94.66951275634796,1086.2731995351255,0.09174971192838785,0.21156890997377295,0.6866207166114454,0.20510758495722894,5.8848957006764895,3.0848507122501916,2.02967773347488,Mixed,36,Malignant,858910
70617,13.995103998273798,13.669542428769331,105.29894204033282,694.3873782825627,0.07657964564842959,0.2419943914297365,0.014659142917689348,0.17584492871348706,2.9998303031930327,1.3833038110289428,,Mixed,55,Benign,229947
70115,16.358994360243237,30.122193166869273,138.2069636193395,1324.8147943546137,0.14106093216314228,0.21974642047697143,0.2548435409659913,0.24639856549645184,6.1560438936063715,2.2835952596160127,1.4143542649187801,Mixed,26,Malignant,183238
70418,17.808029298349854,24.46056743371633,101.50243007139765,745.6350551206285,0.12829910343485793,0.27348159540309147,0.26517405426861435,0.22141216021953258,7.512488087747753,3.7564806786566054,2.3041091364474346,Epithelial,64,Malignant,458631
70602,9.998293165309816,19.804919730777367,82.53868107228448,322.2910054652633,0.06288972222571773,0.14429063927739924,0.01056135725239147,0.1817163971127996,1.4427346294961447,2.0060052412882636,1.345710207646722,Epithelial,34,Benign,269766
70605,12.604660552576794,20.77181303061325,86.5019847508346,611.2816520124495,0.07743778640910592,0.14150804782531576,0.18026693120397724,0.17218060181846187,2.950810416191422,2.038451712792442,1.2658087132688223,Epithelial,98,Benign,869020
70090,14.263030822852206,21.63478595834371,116.85860468227975,850.1537596814302,0.112847439299962,0.19719122941440378,0.44804455215309474,0.22701885566320373,5.334929583213723,3.5483906052520093,2.818324909446704,Epithelial,53,Malignant,568972
71168,13.671664132905915,20.10457794377885,62.25776746543566,1088.7362925034304,0.0832751125463505,0.14413218356918292,0.20316943632663,0.13699713977095812,4.221350941832341,1.556467144420453,1.1744501036688324,Epithelial,63,Benign,361530
70499,10.600831754217447,31.355373112458928,229.95715583604797,2685.0758942095067,0.09325611750525133,0.25244303379544786,0.30670488908501253,0.16260639758099923,5.944749527879962,2.6326558442887933,2.494408339652444,Connective,69,Malignant,571459
70908,18.966381898461602,20.488571525735036,120.20943498141762,990.6587997148615,0.09673978149681085,0.18880668589353228,0.2846837604997953,0.1999084108651755,11.577285202494311,3.5232239989582856,2.1824031837134923,Epithelial,13,Malignant,443465
70915,9.077553128194902,15.784728341561026,89.65663071406898,407.159006289272,0.10112794978744542,0.10657016067369816,0.1288217631541901,0.14848380908595626,3.2832902886996798,1.8969462580509735,1.6730064065344676,Connective,24,Benign,575062
70913,13.71228823599783,12.089656220482027,81.87060354545697,643.0833653453708,0.0896151920663891,0.0642437179553422,0.15952658320729557,0.13722114516715977,3.786879621566318,2.443276560459915,1.8489843927225067,Connective,72,Benign,778299
70012,11.457810225452832,11.554479859396945,71.18351142543261,457.70450326133596,0.10462931814536805,0.15957888849254395,0.13546708712848607,0.16472272593345352,5.765579405360837,2.3479124179920867,1.6544526578620349,Connective,12,Benign,445789
70397,10.685026593160112,11.114908036508297,73.264945694427,872.7223871876826,0.03930575189023356,0.09031939201663168,0.12922559985142518,0.1874835756209636,3.3541903361535383,1.6377156677022655,1.199794002669364,Connective,76,Benign,612566
71123,10.879031490958477,17.031840769080382,86.78145932676031,643.9809845914408,0.09213640548931924,0.08456511153175314,0.04530833682521609,0.19145129321043705,4.79041932855148,2.050065825411175,1.1389989469242174,Connective,58,Benign,216927
70556,18.111258728410544,24.24467822700924,129.56690426139085,1492.7373098133278,0.1308067397143552,0.3055095575374889,0.09955263072369103,0.1724084676666038,10.648622098565042,4.110624588503804,1.7840558033451812,Epithelial,111,Malignant,151523
70043,22.469786967027154,20.310250894746023,102.57723822375205,1355.503490759227,0.12518009974360614,0.1724595294945922,0.1335003507600132,0.1792154894789086,9.070036189414747,2.4756321043665896,2.1063163718617894,Epithelial,85,Malignant,893774
70168,19.9454340093073,16.38813377507787,90.56385813673072,560.3321081637381,0.13768295466289834,0.30521961416898047,0.13637984489992394,0.18303524083946854,11.272013061125412,4.232279938367902,1.9306222790233645,Mixed,84,Malignant,248909
70417,14.000361372898123,17.525193023717495,99.36058272968197,565.0262251807985,0.07072694494625027,0.08810535414894904,0.1706493818723406,0.20601925847717775,3.7541456349622444,1.8723471065965425,1.3440579515544706,Epithelial,39,Benign,360383
70577,17.195226770980952,22.78589753612389,145.76660878105105,594.1339624028113,0.10834084195572367,0.3079679315756484,0.31883653266535644,0.1853019035597758,6.568214591086999,3.127155690039598,2.556429047466749,Epithelial,8,Malignant,493004
70268,7.9864241248875345,,77.8861111415178,519.16210608865,0.08086791688593303,0.12222459096335077,-0.00500743167494766,0.11579531606479442,4.473192298408621,1.8214924465461777,1.782374890275539,Epithelial,31,Benign,688982
71061,18.459751366507916,18.55359656213962,100.69558096401224,1388.2670934473515,0.09776158320023587,0.38953204678869235,0.26521087150463996,0.18974853472855702,7.885279623143369,2.406125891702383,2.626087347856309,Epithelial,58,Malignant,929207
70427,16.651704458217306,25.792581180000184,112.61827713007881,742.0847913088193,0.13041422559927587,0.30063692531030944,0.2971407388337678,0.25347452664298326,9.068879502773392,1.0942467957876585,2.359740191662188,Connective,111,Malignant,111756
70691,7.963275010172882,19.0051828913175,96.38229512593611,1103.8348676709472,0.11411394726571616,0.1622957624923469,0.39698190141717454,0.2188655861955728,8.4863426452486,2.7279605291657236,3.336780752115189,Connective,95,Malignant,497260
70545,9.754211996991517,23.8841771140482,100.94684509766698,1235.7010806996966,0.10649547015972857,0.2878263441210042,0.3997617274192051,0.1945144969339767,8.977098270473517,2.6887695673986864,2.108094931270813,Connective,32,Malignant,818129
71142,16.397407905995372,20.596559314541302,123.21349170839602,857.239737414308,0.11173840807717404,0.18791225099567144,0.3426090676819672,0.22693663421700713,9.097104127230073,2.4551694764759255,2.0388298333124153,Epithelial,23,Malignant,819529
70675,18.667782694839982,20.723728580890562,85.35171717882255,998.5666501535927,0.09326279587494549,0.25167950753224494,0.5032555083507524,0.3036257316473232,9.771118262371624,3.0580057891508288,,Epithelial,31,Malignant,845999
70690,13.168531835606254,21.519438025196752,96.22091704062264,1086.3739204091735,0.11661201002682839,0.07718643550402507,0.4729166720136925,0.26920778076956814,7.2487565266114835,3.0520715022509406,2.5648417118900517,Connective,43,Malignant,234170
71074,19.40320321061617,21.38546403350141,93.20312829959049,1043.8460916904603,0.09230101573420005,0.270318215490029,0.1604987339970645,0.25045941178266384,11.296765874287424,2.8176939092039284,2.24964474121649,Connective,30,Malignant,960385
71196,11.623918115870001,24.206630300120807,118.49086119906205,,0.1231216894471327,0.22732128710620503,0.4848308987320486,0.22309278970911556,3.7856270562597576,3.46495479266336,1.9951148154865002,Epithelial,114,Malignant,545379
71019,14.914789178333766,25.794757606322705,71.58808296140037,584.8308542846381,0.09732383573805485,0.19889854020318085,0.18073308369957605,0.17193365249683984,1.2307159383143915,1.952268699257979,1.6078180261403383,Connective,93,Benign,270447
70972,11.11918019993541,18.72996346483401,103.16663148311397,311.5657677192967,0.07727662028253234,0.14624861387356394,0.19867877614322585,0.11098233008597572,4.912242894148357,1.7804853618752468,1.5533373815313496,Connective,92,Benign,534018
70258,11.717048123746105,20.319914284736868,83.45986887812535,488.6412704644663,0.08436467349060375,0.17925862521131045,0.12413364729002982,0.15596847370347677,4.021115231997147,1.5513779302253738,1.3296513715743734,Mixed,50,Benign,909948
70336,14.441191944092706,15.399493663599129,94.08738369716272,550.0367453780292,0.08554024916709925,0.13936938847244884,0.21438927901822635,0.21968344678641072,4.024887879046641,1.6054774649715198,1.6195660054474712,Connective,119,Benign,796861
70016,13.390994240532944,13.118373665618895,97.45288789439489,808.1446867954854,0.08726457916273529,0.0940016745859018,0.19429909358187797,0.13719678722844328,5.733320894302324,1.716847108545838,1.8000873211560893,Epithelial,104,Benign,246933
70935,15.354605921044781,30.896920038625243,86.66127183048695,944.1709585047681,0.0968920471507648,0.21788483821994487,0.3844316501034776,0.26337667598182357,11.146583351257934,3.844368459159001,1.7666988881691066,Connective,23,Malignant,363034
70325,18.15140064189408,19.710305313329343,113.64565605294591,1255.0481615545002,0.0857425125976496,0.21143706281007962,0.5367086474359735,0.18703356784807496,5.76881728709042,0.3908945269703721,2.4055322470608393,Connective,71,Malignant,856382
70608,10.481198128015345,22.4547132749308,130.4462916888141,847.7475937809195,0.08985032757974541,0.14544511537685417,0.13292021949210794,0.28284079093020753,5.198900074688168,2.9618934350330797,1.768262449500761,Epithelial,31,Malignant,842118
71073,15.173077257602628,22.259557854803628,90.21559394066783,634.1353875978364,0.04601885811073958,0.09346447551302114,0.03630900642102984,0.15913704817124136,1.7630165732073997,2.1260667554242376,1.8439700508909118,Epithelial,63,Benign,205874
70817,14.645230699917505,20.456805229176148,92.40415190697794,518.2579807365424,0.08086353334031608,0.08088938863668335,0.19165240146849782,0.18176824264626174,3.821399824142324,2.3615950037205264,1.6338669457734871,Epithelial,96,Benign,343503
70223,21.156467393349246,38.70892602593926,111.75435105665171,1243.8194373635747,0.13937488405628953,0.06576142427451986,0.43991047768949376,0.22769029358778167,7.447378293329557,3.1599392288549275,2.155139906967238,Epithelial,87,Malignant,699788
70180,19.245933216668593,25.010410572703595,114.75713177722467,1028.4990561905497,0.10867945651181056,0.373294247418399,0.32419465143680953,0.21492249466105137,5.859978785134523,3.623069956390944,1.984731195212566,Epithelial,23,Malignant,437337
70100,14.904753611046077,17.991513469456326,86.39069730867494,850.7501993288631,0.1228677065850243,0.08663865526820769,0.13418759234706942,0.17138547806570825,5.554096645599274,1.1269963641933265,1.6453514113209695,Connective,77,Benign,479495
70758,9.892339927898249,19.48761574188214,82.4357477769957,453.9361909194397,0.11598104431766676,0.09642949841401346,0.11510019831987375,0.1426678674116126,3.408410346748628,2.171069461690316,1.7947950741337146,Epithelial,118,Benign,459605
70522,16.379055827516016,32.877359089763246,103.41292334324683,1379.870499124773,0.13253240528015064,0.11400304539330755,0.47713384371220285,0.176236397560195,6.879293283969564,1.8464262269629867,1.4922927538272173,Connective,5,Malignant,138963
70023,24.562611979996078,21.086329536801625,102.39434398441105,,0.12851300383249986,0.19079524734444506,0.232740020405047,0.2091494379195141,3.188515303420079,2.2825103905635657,1.948744296269254,Mixed,52,Malignant,740358
70357,9.310602446742974,17.233233981013584,86.56735649365359,735.2844116594654,0.08440805741434972,0.1754679312126198,0.05565867707099789,0.16195407108225768,5.905699291129704,2.227871721778411,1.5735390640590172,Epithelial,52,Benign,312941
70734,13.25144495723569,18.346287907464372,86.1171502192663,371.8643645419068,0.09698169983051039,0.08252305336454481,0.11652688180614272,0.13955112760313954,3.0720285541090595,1.8675216764818545,1.8762770354040441,Epithelial,85,Benign,738342
71156,16.21786554386868,29.734476842416353,112.66472004436847,717.909904007852,0.1047012767669015,0.33226068930336794,0.3392575188946425,0.2329932300019456,9.124056261071084,3.9149433500599744,2.348328205479164,Epithelial,92,Malignant,629670
70766,14.30639147933521,11.095046026809209,69.56421313299371,513.1958159288707,0.11550050554950284,0.13874579729529454,0.2242384916219313,0.16290756109164095,4.985356634026499,2.0739947446627904,1.6485017237262454,Epithelial,52,Benign,689675
70612,15.32905249006004,18.416950657123646,90.61313526401253,248.4245578543102,0.08507179408920021,0.020889633473183927,0.17179987480892128,0.18704731133416372,5.456943398188272,1.4761898329940337,1.399084063079326,Epithelial,42,Benign,523638
71038,19.304124356406763,14.565775087309781,136.56861488397422,578.1721207512978,0.07806455129669038,0.43230465460487255,0.44072656912975816,0.16280513277810243,17.516793415298984,2.2554173374340274,2.216214792892841,Epithelial,84,Malignant,637271
70341,14.489321876313435,28.327471816314013,112.16758033978945,,,0.20968270626701022,0.12973804724218868,0.24840156723581702,7.4730311885535725,3.0625613002136927,2.5906997148397624,Mixed,53,Malignant,997811
70432,11.614550305669342,25.944103345259933,82.99260989658333,725.8980346558102,,0.12509445468670047,0.2901659692009202,0.12515968127097196,4.1855189067926775,1.336048167120466,1.4828315321921381,Epithelial,23,Benign,173786
70809,9.407692992915054,10.432057627263577,80.39857945106459,516.3322237372093,0.08081976169617695,0.04400011116162279,0.10499280292111969,0.14919610914960707,6.806873377495879,2.000034340670119,1.1267969953991661,Epithelial,6,Benign,551709
70218,13.054535808129126,20.61911281548526,103.17856569145529,664.0245113916707,0.08325702579927688,0.16111310811665291,0.020006436892718985,0.2180783231563746,2.668463510726429,2.3377839689999975,,Connective,32,Benign,145227
70204,16.393562923019672,29.758407214252948,92.58375786222047,649.0633120416832,0.156082901153149,0.2759239867475472,0.1535031208294576,0.22644582790118406,7.325149430947422,3.850430770994513,2.357081702846442,Epithelial,84,Malignant,794683
70939,20.673916516821045,24.448741865283466,68.47276880521605,1233.669824867461,0.1510666629464087,0.1659207013537108,0.1514393627827848,0.2157001559468805,6.406651496557046,2.2021321817790684,2.4041042855577075,Connective,12,Malignant,431601
71171,23.6484060406444,,122.54067675656026,831.5199736912061,0.14263682351426693,0.22671692876340943,0.3670457709736592,0.27002793110637857,11.104926912287752,2.83001991945708,1.9297647697087852,Epithelial,27,Malignant,426665
70094,11.311873656759031,20.833827792077336,117.09899124144216,747.6286244352351,0.08595901679016767,0.13768311418992435,0.08179315993574285,0.19992389427158677,2.9510060344470386,1.6283592028520157,1.8210571384925243,Epithelial,96,Benign,208521
70826,19.98312196956115,30.587855308515238,99.27391893723342,1597.3877543419308,0.13500093614564784,0.3310516430790395,0.42192281160971906,0.28445840898717056,8.052234017873914,3.412936953851013,2.0311667220346026,Connective,97,Malignant,650353
70069,8.041364907978721,16.72325351256426,97.4364012120581,1177.4935921260844,0.10800155807302234,0.12322170823091275,0.10391938392248182,0.12487036720736833,3.8332880122072726,2.0661431272069666,1.5833750387756949,Connective,94,Benign,420816
70928,14.789950183567358,20.786050126571162,112.24073802513682,,0.12200877905311132,0.1877039475338167,0.30888661856486277,0.17809034006174057,11.815768967251238,3.1797134927049067,2.2936480356573,Epithelial,109,Malignant,935088
70285,17.709457923432918,20.956096006651258,76.90128445164228,769.1339107780616,0.12388881204581391,0.2809937977151981,0.39279375626921176,0.2495760425467884,3.5218017326838638,3.294806748619084,2.581084162029633,Epithelial,106,Malignant,870232
70697,21.62164886617753,21.975803107974475,141.3126372437649,1167.6679742821393,0.0979132745005625,0.17618736896205706,0.4950454481688474,0.1749598843918519,9.80111860813972,2.5914355719934763,2.7107699699987635,Epithelial,72,Malignant,483886
70086,16.67536943184727,30.54250409492756,119.6107425565661,1110.4209999911075,0.10499416661524934,0.12078695971013759,0.4426374210381298,0.23505759001815757,7.11988661157079,1.8058923385344987,1.8569751851362977,Epithelial,52,Malignant,775791
70435,13.344361495093006,20.267414179329943,60.785888000009784,517.940056614978,0.10847659359686733,0.12864442370087822,-0.007957571337392291,0.19288487436757745,1.0751781364861501,1.7463015742755899,1.29347451711316,Epithelial,15,Benign,944900
70869,17.4022708002571,26.74593382992964,80.34252696708741,1554.875635524442,0.0981266344444688,0.1364645304607577,0.24829966747873553,0.24136358529649896,6.401553041294161,2.105382886854809,2.3278509829075835,Connective,33,Malignant,709521
70154,14.070194753096919,16.201162749366688,69.18899019236854,892.5150272827881,0.07883281966274117,0.13844180158182254,0.10721544748776281,0.13421268562200256,3.6924647998429014,1.7692247901638394,1.1243105597513332,Mixed,113,Benign,491401
70076,11.287748348729295,19.570261565896796,64.6180448823327,594.3169183512871,0.08720645923624852,0.11924362115416395,0.10620936447831761,0.19976381116271183,5.031387784973802,1.2785526531971425,1.1008814300736107,Epithelial,118,Benign,944083
71062,15.395587680873893,27.10754929882752,113.06740927606656,984.4282301747319,0.1074788795405385,0.24443745764644773,0.09350619230894228,0.23490409352691283,13.557079787128334,3.387455218777643,2.3434465140166574,Connective,63,Malignant,530134
70581,13.25551126168153,29.223773959018594,96.84108572954767,598.0313235571658,0.10850251189214341,0.08173499143416749,0.445325867690548,0.22671456104797763,11.213425402594314,2.210949389922482,2.165901297658618,Connective,12,Malignant,595770
70447,19.482974224952635,25.109095600856662,129.92497078863798,1308.304605254992,0.11763615609650933,0.3363134488454802,0.37050628896106524,0.1889135905881439,8.661931957475979,2.9072962430474245,2.3725423158889662,Mixed,44,Malignant,712435
70704,21.17861207117525,21.090652536187857,128.3883238237377,1268.1204951254545,0.10097448705994284,0.10028006488373968,0.27644069760701884,0.14851515109222924,5.954353303309691,1.324534034857278,2.8165447690096013,Connective,51,Malignant,800703
70189,10.101869095271379,20.086142068350213,92.75279830772564,337.8453465405013,0.08921847443312168,0.2801282711053264,0.1319845947405673,0.19275607220315294,3.2227832189284307,2.2107001514280546,1.1416839343896599,Mixed,36,Benign,593274
70272,18.364823517657648,19.0145349517459,113.88532120212773,1154.4029043369585,0.1171435040319148,0.21216628218026773,0.3919193312528129,0.196051934582395,7.552315019181864,2.168570053090342,1.5788732231294265,Epithelial,4,Malignant,206634
70237,15.878752380188347,25.03693331046822,117.57257381308854,,0.13219747047334288,0.1887626401264017,0.3680516347396081,0.20517547321452453,11.635691078588668,3.902671924738367,1.856278044338379,Connective,61,Malignant,191694
70488,19.17384422923235,32.492339539105075,121.52088752731719,1283.7067640863033,0.10796535764289697,0.29737170978557803,0.4912227871289711,0.23033460176534004,7.891785987800976,3.4078780607812726,1.9816850805573363,Epithelial,1,Malignant,549387
71179,22.662653191533277,23.87733806687468,106.87817742216873,1300.7547641757178,0.05802576087581207,0.25038850554490644,0.11233693257789548,0.23288342730217693,5.586431642825479,2.198387996815249,2.4844651187969107,Connective,108,Malignant,899556
70560,14.499632578807883,13.690598745776395,77.08730394105703,631.2879136289404,0.09746022793842864,0.1146067132838905,0.20522428092551004,0.18982544401635296,5.587774885523185,1.8006929274215007,1.0457753912291727,Epithelial,86,Benign,588271
70118,13.078387715989397,18.883430875690266,97.97963913493196,1127.8778633910633,0.10246388336088193,0.15950866146930562,0.02951242163210668,0.19782856671845864,1.0869816302009134,2.1927223150275874,1.256884127948,Connective,66,Benign,313561
70638,10.578597538927294,18.09337983540609,68.84210916315627,349.99396603177337,0.1023385787786027,0.14547527016752088,0.16771683090783332,0.2019272388552058,2.987204996029538,2.3975424448169913,1.4917382406218063,Epithelial,29,Benign,792928
70524,11.786707273250295,20.36812110526787,73.34885490172178,299.98731566642266,0.11911583036113907,0.18015759345295307,0.11533403219305544,0.15654574307033253,6.975930681422177,2.441285994614788,1.546226409901655,Epithelial,27,Benign,306996
70751,12.826035956129374,6.899420159355792,149.09769336356138,1026.1551589688554,0.0931886451051886,0.1662977095507496,0.15714722406633103,0.18664693781023595,4.774273543455619,2.2123631899532112,1.1314537687046746,Epithelial,27,Benign,193912
70513,11.696199458168065,11.866399398295997,69.51044841346241,877.5479545179707,0.1099705046074021,0.04443787703280191,0.17063867460866283,0.1259558562015122,1.5092930052949387,1.8448432999772044,1.0493180513803184,Mixed,105,Benign,152625
70634,18.444427062303067,31.269564295499908,122.70939550067052,956.9996392736006,0.12469820669994662,0.28308982677065797,0.4136155832781186,0.15108956668409418,6.939011920476222,3.032169770601017,1.9974188097707355,Epithelial,85,Malignant,846274
70812,21.46794759772895,29.501517670624544,101.40344580077553,1139.7699897603911,0.10012869740989772,0.19711373645469885,0.3870542282390088,0.26230890827904746,5.9661217317266635,2.875070343877231,2.8222629171754408,Epithelial,89,Malignant,206860
71035,19.67040181984498,18.139085173679806,126.5449674475106,645.9427335146006,0.18758461014412176,0.022854835223405496,0.039567926037424025,0.23574854918730487,8.342174044854463,3.169603701737937,2.965549065494491,Epithelial,11,Malignant,930014
71054,13.029586952748701,17.455397183701834,67.0481414421741,326.2999829885263,0.05601463320079913,0.06953854174081155,0.1572976738916495,0.19357748260711294,4.2890760152346,1.9515647265345908,1.746301757979765,Epithelial,38,Benign,849514
70127,9.489364799555652,14.590129454410704,55.39646200004795,364.2261655931115,0.07183868366354729,0.11786994215965448,0.19455123596395946,0.12262515159732665,6.270338816488441,1.7631197793638067,1.4730839432698652,Epithelial,87,Benign,681324
70791,19.39956910699191,22.670311691381475,115.72944353308418,1463.3791293680868,0.06570675087210887,0.15962332032905793,0.4324643898662075,0.23832084783470944,3.2033095861931464,3.5011517937622503,2.6443724941803466,Connective,117,Malignant,462850
70117,12.272219687390855,12.172238522826762,96.77274525726062,599.1959671037088,0.09415570978385356,0.18563459849167843,0.2094731254616588,0.1533376703895098,4.123306504470558,1.2409094288935716,2.0595321478122464,Epithelial,65,Benign,314576
70474,11.425782086398895,12.230824259958041,53.401888883164304,,0.1067939994428229,0.11973264242005426,0.25452677367287946,0.1163089618234207,3.135924308859089,1.9677678270484689,1.0482918383493762,Epithelial,5,Benign,997009
70741,20.352369886824004,29.32929059891161,105.87005403063276,841.1671523889669,0.11943073966487115,0.3007584239505055,0.36062714749238756,0.2061211792932543,8.821631531019547,2.2554215854662356,1.8189231345410177,Connective,64,Malignant,664986
71030,19.831651349959166,34.347959126499575,138.34418167294317,1365.5242556874045,0.1040850973990788,0.3095116030577449,0.41286077294786744,0.1864641061105703,7.391443118615127,1.495412550568476,3.3162995010380247,Epithelial,19,Malignant,820319
70058,18.56449588085419,17.881983645040044,199.5350888583015,2936.825262141821,0.09204117402923392,0.17740493563602114,0.3154526357664732,0.23119240262734556,7.740249669074627,1.6979456498734997,2.33339231019619,Mixed,92,Malignant,706713
70604,10.612539455917663,16.169927949756712,79.00157677183314,,0.12608216208807818,0.1654061666057565,0.09033672321639404,0.20241322088338665,1.3769109324136752,1.3599985529958003,1.519300212244837,Connective,18,Benign,884945
70787,15.729376553645949,22.98740066914202,113.44454599471167,1208.8803969264673,0.12809779916897468,0.1679258861192696,0.36744400360277435,0.20459161947479385,10.739973640613414,4.271211061361079,1.8181295196562632,Epithelial,104,Malignant,215760
71007,16.101747571270145,25.007787897333408,130.96696102698215,1292.055556841957,0.1215696846632077,0.21780661549781943,0.4461576102035069,0.20816755822727678,9.319369773478735,2.492034191100044,1.3424182574386676,Mixed,24,Malignant,838654
70657,12.26688862698643,14.667087373522696,101.98575862556089,777.2694068891094,0.07759542121560119,0.13999420218699699,0.19892666351051191,0.17753208682930835,4.513412712190864,1.5898212607879825,1.5454965815704742,Epithelial,108,Benign,834201
70936,20.26540211789657,30.26476350460914,81.63310223782548,954.6475907669859,0.09603949578781168,0.2757189036433217,0.31600961877103717,0.21572830831091985,8.021199443591206,4.073989405135368,2.4312590792564035,Epithelial,41,Malignant,652570
71113,8.738266385644609,13.431318148354942,82.90646867967232,753.2552150004702,0.0837453654558792,0.025308498218256037,0.20737564821202076,0.14135140067554933,4.94047249719525,2.0821866718151023,1.728181352297711,Epithelial,118,Benign,670785
70106,18.173549443414316,27.554049426450828,145.11582242152173,1263.4574333793205,0.12158061140000335,0.27464285838972363,0.47129949890180883,0.1814626639555389,4.879445275523955,1.9180082010579165,3.1916455568002355,Epithelial,18,Malignant,624320
70636,13.613281169055957,14.131222182471738,105.93634048740884,755.1791913720278,0.12890119439952025,0.25121799063511885,0.2715318748568042,0.19422055961670284,7.282364247205205,3.1211339571819217,1.5791429833932218,Connective,90,Malignant,481030
70370,18.11411931581739,26.888192738951712,146.44612512371555,784.2029617497017,0.09524450655176606,0.13868143513619605,0.3437811208963491,0.16622255803726382,7.228301070248702,1.3857324107912268,1.7707979290356022,Epithelial,76,Malignant,998361
70269,19.972159925722046,20.659330249698595,176.7977921537277,311.33569183382656,0.049663795742913096,0.3607376361193452,0.2994993625743976,0.22694958707365373,6.596067109892616,2.6057324922020633,1.9287717930488313,Epithelial,37,Malignant,624089
70656,9.490988844759285,18.639361486638503,84.18368547622914,444.4728406045432,0.09563197534067881,0.0484235297224196,0.2085270138722167,0.19308890871033385,2.6090496776122025,1.258890130161339,,Epithelial,50,Benign,269474
70820,16.144406911258017,24.637984616600946,130.55973356616138,1251.9900305956708,0.14018728123186344,0.20712614201772164,0.2493508238419468,0.16917329080392807,8.372704604462287,2.4708596868142196,1.002764652073028,Mixed,105,Malignant,573989
70823,23.123214320809485,25.564306916835115,132.2236907552756,1256.9121898812423,0.12029312768103105,0.26070559356982237,0.32792784882239845,0.1357606100934738,6.000083383128974,2.174142705058932,2.003738397852187,Mixed,37,Malignant,989737
70047,13.07338754435908,7.957712542369466,59.27344636274668,776.7286131390473,0.0537612243669824,0.20434788301345264,0.22478758491783404,0.1777847816309254,5.17567306113763,2.1434918433682024,1.9223986576334442,Epithelial,117,Benign,686388
70350,9.545898924002788,22.229347509758853,81.15520993975638,547.1714737024828,,0.14405381554910865,0.10840408430100988,0.17937851370403282,3.9374640515110833,0.6124523637749035,1.7192414483477843,Epithelial,61,Benign,684588
70774,16.85843624868123,23.0063703975901,95.23211123066254,1513.4425401431024,0.1113240272478653,0.2443744607120227,0.39877529694806085,0.1993699503644862,12.729889279506592,1.868625295144183,1.8332359311351216,Epithelial,81,Malignant,351825
70196,12.31542161107967,21.33947292843886,98.14241740467169,643.5082609117952,0.08091980001227132,0.21697912052436655,0.1964892245576264,0.1649961814286137,3.9137147347704295,0.8660214428378799,1.2303445605016556,Epithelial,58,Benign,510297
70103,19.50596571181526,26.277263394498778,98.2092152579866,989.8571294220761,0.06181293931164765,0.2901927013247013,0.11002234472460677,0.16758760864793754,9.725757320229837,3.3745285776045617,1.1387928107192198,Epithelial,84,Malignant,637073
70005,13.96933329750854,16.45941976266088,69.05655476393576,1184.2924757032806,0.08079607221562514,0.153858117525928,0.16184861008323467,0.16845117643935,1.8236023238797268,0.9825673817225266,1.6012497039807088,Epithelial,84,Benign,911011
70620,11.530133489567916,12.738993207770633,79.6644670718249,261.23284406953485,0.07533112967534807,0.042046887987122944,0.006878047449995282,0.12659124435362562,3.0100319024904802,1.4313359744901075,1.1523556424737735,Epithelial,22,Benign,511663
70572,11.107019402227495,13.149265146219088,74.70972651506628,-20.981055026817273,0.0812347521795934,0.13627899047007708,0.16389658121068487,0.20054661287703376,4.286290461478801,1.9075385106580147,1.6790681110504813,Connective,72,Benign,321282
70053,11.067259170587926,14.212082757706938,72.95026140004987,493.28781176968624,0.09099075638097752,0.09133144632200446,0.13039967934816768,0.13986646575846595,5.018026097226298,1.4337361400939344,1.4009880650960136,Connective,100,Benign,902466
70264,17.01860963496582,23.159480795063143,108.32108807389275,1140.1277456559144,0.13139733263513034,0.34662561874623105,0.2901308959551741,0.2638781687695219,3.362324793192358,1.5518331747529168,1.6328838794288423,Connective,95,Malignant,513928
71112,11.691670075490755,10.914806213883086,90.32580396069214,779.0421784423312,0.1009627908236929,0.06292503340010891,0.14427312161142214,0.17037766799735662,2.5776097620879312,2.3367373176094652,1.3670105171518825,Connective,54,Benign,624041
70444,22.896212320301586,19.244417133400592,97.05490145003768,1171.3330662112294,0.13006576753309043,0.14200240240588424,0.16342578967345656,0.22168361671939438,7.065594625080579,3.2002377840804055,2.638801534504318,Epithelial,33,Malignant,312181
71008,20.488210015819476,29.0550762622148,118.51144123430976,1153.02073902188,0.14139129796301086,0.24511047100629593,0.5048087859450877,0.20746818964536803,7.884726182630441,2.3435648330766545,2.6535407593861846,Connective,51,Malignant,752505
70783,9.540417603006262,13.329304338475925,64.66795634189566,962.6337925210913,0.058372460568699,0.13171328519312353,0.09005165763052811,0.19098908830855194,7.037086631224013,1.920591277576378,1.4704668575790334,Connective,19,Benign,660451
70838,16.079280327790784,19.609929723658176,91.82182707040194,439.0006138588123,0.07149480395486732,0.09114447764853133,0.07202100568165765,0.17812869797722203,3.9145812780424114,2.600064549720233,1.2653627763034743,Epithelial,81,Benign,555466
70986,7.093947378494108,22.886788558928636,57.334189491307015,493.1992572327905,0.08296678362587602,0.18721480145233932,0.26211904015899273,0.1733207171164066,5.061859176490217,1.494882346444184,1.5273013186628253,Epithelial,98,Benign,924180
70692,9.893963783712602,15.792670862817678,49.05482282748777,697.3128074663995,0.10997735585411282,0.11479433348021952,0.07380577594149827,0.18560315247434434,5.791609485131386,2.5530783070764844,1.7663797634395237,Connective,51,Benign,543544
70305,18.494771373304093,33.41105733183838,128.57485203437489,806.636169233928,0.0928745389266234,0.2686694757969865,0.45325910381008716,0.19053874916429833,3.700392990380749,3.49459231060791,2.0071400848617733,Connective,9,Malignant,345069
70342,10.504186135165869,22.712173492651242,79.94741409861989,637.0557589387968,0.07422268337848634,0.13615029011580188,0.12899852557707986,0.1417227370402701,5.44866360568308,2.924892011390721,1.6425316735259423,Epithelial,116,Benign,805488
70899,11.90732748832725,27.28943075372401,80.77368634289556,693.8718380599747,0.1060399375342071,0.1885153669693262,0.09674408190561223,0.16779997993332801,1.93162193518905,1.4563317780393632,,Epithelial,1,Benign,800358
70314,18.128297843378075,22.33490898529871,109.76598012368326,1664.5853482258672,0.12907655039346386,0.3390391486812527,0.20256961896564768,0.17622675019677334,11.605741620424935,2.8310278040558288,1.1957805722211623,Connective,88,Malignant,305974
70150,11.037333399351214,15.357795557168425,78.33060638592039,741.5397050164272,0.10696848021736101,0.15366334931095685,0.10905581167448947,0.15383039034874674,5.234756515837824,2.5171520762903272,1.5111980852957896,Mixed,5,Benign,330236
70125,10.543997109305307,9.850531795313577,97.52252602181147,496.5689149553901,0.047556616492446316,0.19869121149772379,0.24727193533968567,0.13057853470531705,5.042612662091568,2.6012125728132025,0.9659478264797888,Epithelial,84,Benign,560411
71082,16.772217135205697,20.850199774732694,126.85110615857538,1020.0549574991112,0.1052683442265798,0.13552395507062354,0.3048408696884914,0.18263165700703632,3.2845966430740514,2.6599428382738677,2.584469803662024,Connective,38,Malignant,831802
70575,15.465296233399034,3.586091888831565,84.37820039174474,820.8881928758408,0.06740710149577656,0.09437190442787147,-0.004727870844660562,0.1851689315375934,6.033421566060946,1.5338131916648041,1.209761663519496,Epithelial,82,Benign,392280
70698,12.909011729995475,31.70585836025581,112.10318246528401,911.4892436452226,0.12715304021934676,0.2608449775305303,0.17052795584507754,0.2390463648630225,8.467868549295083,2.7060038131623516,2.7012846197339124,Epithelial,81,Malignant,315468
70665,13.533045075278247,26.9482972122968,140.81096451535916,1157.927717666897,0.06620610208025293,0.11324441445855052,0.09042109183944917,0.26178533214960514,8.733814681529138,2.104585110577104,1.9610514176986245,Epithelial,53,Malignant,547233
70051,25.06617287480834,16.10005559623303,121.62438557477057,1081.8779545694792,0.11214540798890987,0.16103611951228122,0.46592846838315854,0.2335269298778113,6.253466865471587,2.2427658049760355,2.1992769244213592,Epithelial,32,Malignant,995010
70727,10.454302907502372,17.890361413679617,70.70545364125303,350.60884225193814,0.11259231637740927,0.04333000847328396,0.16102513139737484,0.17240995284557678,4.270043929956575,1.1537601012045058,0.979196227176954,Connective,6,Benign,988816
70800,15.012840119652843,23.59089685382927,85.87775807042064,1278.5839832170923,0.08155888489326807,0.35039724788040705,0.3704143789871466,0.19065949645853658,4.0963493069657275,3.9669463038502304,1.4972701570447549,Mixed,62,Malignant,944887
70834,18.834682448960315,22.16139008714733,134.51425075965332,715.141578375847,0.09064771295950569,0.28950777862030164,0.09795973800693003,0.229232630927565,3.1764586849750165,4.052741487647803,1.8915811905471287,Connective,15,Malignant,973335
70354,12.078419017458103,17.98001228707861,100.10609630171327,797.9127573798454,0.0834564469428316,0.14095763152450064,0.013709208905253338,0.15054953962973736,5.644470868375996,1.5375685309354938,1.3400891140356113,Connective,51,Benign,477072
71172,10.928389563052805,19.294440824776082,37.417395038252096,693.8352503980637,0.11209429640931545,0.16006600571324817,0.1967964294633651,0.16726439171398066,3.8161743536215558,1.771714930663414,1.6178723500003909,Connective,111,Benign,920463
70143,12.81900124106632,14.63833550986405,72.96305511013867,581.8166015993268,0.06421318838092693,0.11020247676951328,0.12271196280802167,0.11236216976749597,4.278566185623842,2.2415231612314956,1.312855267919322,Connective,71,Benign,123562
70471,18.4084992747132,24.296617066896413,117.6865620053575,1183.7861983363707,0.11970501533879892,0.23675456626876562,0.3344490168099981,0.21639953271567477,8.640699068228596,3.195869594270179,2.992935013435287,Connective,69,Malignant,367375
70654,14.625490284285702,25.518174458732567,90.18812830318531,,0.08317102137921911,0.17014946432940573,0.5179265764953334,0.18571388134790487,6.7813329363525385,3.2568072746224845,2.3150077622667404,Connective,111,Malignant,810376
70400,9.493340423304442,,96.47294177365117,601.3380198619427,0.08384129291174694,0.07608346138362414,0.06404026144015074,0.16307187987652236,3.467466234905752,1.9979005026087497,1.9152169131979535,Epithelial,16,Benign,396186
70931,19.51002424250183,22.117298218656824,119.55534002809743,810.9250442943992,0.10746677442954775,0.28244252413337295,0.16506767516096482,0.2214863803798471,7.626393555647917,2.857761320925183,3.0366016620885246,Connective,85,Malignant,201741
70949,19.52237533785699,31.67833743706803,134.13245623470982,780.2839188770681,0.10461005621650399,0.20689454925134534,0.17574342749216038,0.3155241070403396,10.742633556187695,2.1614447157827126,3.255902210589122,Connective,40,Malignant,301966
70321,18.959196737618413,30.195306996408206,122.57667265378957,1021.4872673903855,0.12633285785536352,0.27895895236888085,0.3427029971504795,0.18747351113964303,8.876900895275348,1.8573739611774158,2.016727687212059,Epithelial,47,Malignant,628588
70020,12.214849291788157,13.915507015616392,97.78743798113263,846.6520196257209,0.04068113577906918,0.11954006840669049,0.04645114342503695,0.11868672949615522,4.495007427505223,1.1188778947374813,1.0640716186314403,Epithelial,105,Benign,574837
70685,9.33069539790793,18.892826330153582,129.22384906843152,1188.379325913072,0.12754263491973877,0.23876428610579167,0.3049184916897758,0.18894771057300366,9.296961613946108,2.4247081851955743,2.0841607400398265,Connective,92,Malignant,484374
70036,8.969140396838242,21.899622397654575,73.96877787313889,426.41648213445905,0.09499253459126025,0.058036234574857716,0.029866411961403765,0.15700418751997236,2.769888192487141,1.4996037343783999,1.5964835905494144,Mixed,18,Benign,763708
70825,20.68741937688621,21.216139933867435,156.47557365606568,1219.4476727184885,0.10393177829467924,0.21995800662478165,0.3149223286788581,0.1345590797252668,12.068597423069905,3.0800972297992466,1.903550038418993,Mixed,102,Malignant,563642
70506,13.207113561122366,12.923101887368752,108.45333734247606,878.6956507722957,0.06366311268339127,0.14066440903467864,0.02516826546993212,0.1575994910971864,0.3115665704114505,1.6851823019987517,1.6222936966676644,Connective,48,Benign,141530
70828,19.03795644454174,10.629485998456651,93.2551932251067,1105.7998675054914,0.09333038090095651,0.21200668631390548,0.32736522659697426,0.1988657873512322,5.434616207699247,2.911162751912485,1.7793664576411892,Epithelial,69,Malignant,941802
71090,14.908084867714209,16.225709506934113,95.7086413514165,851.3377400654346,0.07776564105275377,0.20294390855016967,0.25960163752573884,0.20816867536158862,9.028893497066282,3.4211770823460217,2.457897212281365,Connective,12,Malignant,901580
70408,10.512513145212509,18.272209412107372,89.98923256751098,246.12272192949905,0.08315977604465961,0.07448098512799718,0.10768992596835941,0.1371565942994315,3.504625716505899,1.3939208165604065,1.6012865348239913,Connective,17,Benign,536652
70818,12.972569024982713,,57.319905319076355,692.3591370916245,,0.08179420615548862,0.10296831396102124,0.14310164829685154,5.515955091144144,1.8681637160228421,1.5361764780504685,Epithelial,36,Benign,841075
70867,11.546147304069084,19.12167715132807,49.26191344514237,541.8212090892307,0.08176164464557255,0.1490870513048294,0.13584301298569149,0.1581198219599504,5.018524114065739,2.051878656708102,0.9023295625396148,Epithelial,18,Benign,270001
70538,13.702449286642242,22.11311616764507,134.3589102628188,1157.5538440979108,0.1230151179540251,0.3093361413479091,0.28155819911481755,0.24342629004729083,8.433910438764089,3.4285469768663246,2.2598778844212224,Connective,26,Malignant,519818
70759,17.18507617499324,16.29493807670448,125.10422048171381,504.820729177029,0.11568847384740603,0.20720906272471312,0.4488812373095978,0.21741570562066212,6.572138315731398,2.5937049753204438,3.0545344006112254,Epithelial,40,Malignant,241155
71088,13.783838811175038,17.015109115439323,58.67802969265212,674.5054229635938,0.09347412953911438,0.1948461315588289,0.14131554326598994,0.21562804185757165,2.9825144209139056,1.7094228544674317,2.161155629133661,Epithelial,105,Benign,884763
70926,13.992629440082585,27.048184556605854,83.42906218367631,785.5187412207914,0.09652912027522767,0.13811868011837375,0.11738580065766334,0.17091755888608254,5.149833693937215,1.082940801223561,1.6426981684254742,Mixed,19,Benign,267024
70039,14.725093045813114,14.220784566266463,83.34953509328308,661.7175177636557,0.0625236072622854,0.12673624942835524,0.14315762987674527,0.1978326876454259,1.2105676692982321,2.2265339335496557,1.0454388393079197,Epithelial,110,Benign,154109
70176,14.582440117219958,21.873647268493997,81.51965424831877,238.9172263870614,0.06126398989548415,0.06635769456793071,0.0240724918925481,0.15623349572282688,3.3310104130848526,2.5302626467378175,1.7593801759166052,Epithelial,116,Benign,795094
70246,12.221929652489028,13.11516064237913,78.24140615845963,887.5066259846285,0.1052301796040441,0.21851798994658714,0.11551248582609228,0.15889440641824168,6.108870081294507,1.7941284239892177,1.9523023003838316,Mixed,40,Benign,962997
70811,10.59868095315475,23.701480332938313,97.58891288707693,1169.043735571941,0.11419655984016902,0.23563421372429774,0.3154962090337714,0.21705906569917963,6.3203387309510015,2.3332884781311973,2.380691797559173,Epithelial,29,Malignant,380760
71104,8.692897687306077,24.87187608753915,90.15501537061755,956.9214995446246,0.10829942773237804,0.361225794631599,0.3320287300169671,0.22917464026553297,3.3724737477040643,2.3314363742486135,2.1150991595288655,Mixed,94,Malignant,220522
70998,11.320047037816359,17.881905257274425,66.13651977021209,,0.056574729828920645,0.17719811737002916,-0.029714791723697998,0.1269081377256458,2.997016958284977,1.902997151833314,1.7128881426110572,Epithelial,44,Benign,273703
70785,16.731581908952528,26.991007290909188,162.83839864239036,1333.300840159059,0.12363521934582819,0.24591715033088343,0.3319265458605615,0.1884503536858127,9.96323401758762,3.4903624514684326,2.9855629859312507,Epithelial,39,Malignant,509994
70059,15.5338931531467,32.05957013518054,123.81039212761831,1187.6769459394313,0.11296148871848051,0.13454425162380892,0.2661173313157311,0.21529659906214538,8.082604347828632,2.9249272972199436,1.9877533893115917,Mixed,90,Malignant,373374
70490,9.017469382924906,12.373321238187188,90.52307687537599,805.0356690577576,0.04280657984771123,0.12136235033039076,0.1092283796351564,0.1644563987375582,3.5616129616898125,1.4703034749909043,0.8822870172756305,Epithelial,11,Benign,395962
70155,20.864299996591328,21.98616086706858,109.0716911269049,,,0.19911873289352744,0.23707035175511984,0.23556627828156962,4.897696287957119,3.138792625247981,2.210055481138968,Epithelial,27,Malignant,235025
70639,12.640440862585628,18.58037182201973,62.78987725518006,602.5634152088164,0.09126317438692222,0.1994391543500987,0.05485852861101424,0.16917076107189358,4.933533697313309,1.4573998848557133,1.074362401413415,Epithelial,71,Benign,526808
70663,13.660354598696813,16.392098263539058,77.73595074734011,646.4855368234138,0.08009716678446593,0.11522434075694156,0.04899253177753098,0.20314329104167456,3.0375925734150773,0.46640520604740887,1.494556880893827,Epithelial,70,Benign,925665
70854,18.396220126644085,24.257295529748895,151.15180644384614,1132.4185592318227,0.1564210915712293,0.14629604917036682,0.33027364098284046,0.16007037666188487,14.400988711748948,3.9263334498517706,1.9062736990925724,Connective,53,Malignant,305045
70288,17.30715310581529,17.915888526377834,111.28229127854208,1150.9069464399943,0.11545310924202508,0.20696772608428526,0.213458509512288,0.12669134957241865,5.612545333890294,2.183438368395982,1.7029092924302527,Connective,24,Malignant,821579
70626,14.050653832210454,13.940244948734701,96.08781071265906,,0.10890327061607734,0.12016675772111657,0.11545450170643053,0.18302426072027955,4.193035603474242,1.11646820249985,1.8333487422709858,Epithelial,13,Benign,729353
71146,12.662592228274404,30.06169167159093,100.0614461325561,1159.8366000775316,0.09543488698584657,0.2678104686421672,0.24707391910517537,0.18704391451823293,10.19271544662627,4.138269512925344,0.7478176070799616,Connective,55,Malignant,438449
70686,22.25800478156056,20.541822704163156,76.5537178909207,1044.5827912641844,0.11313213658196725,0.3297609564898225,0.426562163373365,0.15411143016301637,3.897479509505194,3.15661427718749,3.0139854392752636,Epithelial,27,Malignant,226300
71036,7.485363609775307,23.633035654209653,90.55584228348923,607.4149048279818,0.06989278833924739,0.14693024231983565,0.1731243939584278,0.15116161755668014,3.219580509614686,0.6251640710953359,1.500673832109376,Epithelial,49,Benign,201237
70905,12.575362122664842,24.3141619509621,101.63462000311769,1424.5681364220688,0.08162344136206781,0.2607885650344197,0.3647362837689285,0.1863880845931361,10.499522459072761,2.5469664279229023,2.3823915862920244,Epithelial,58,Malignant,298306
70570,11.841528846813121,16.839203275330608,66.0070533230961,574.5181852317702,0.11202942313533952,0.1605895593949719,0.1400027783112585,0.2085015792872403,4.840389791999478,2.1404477694804065,1.6376296563509785,Epithelial,30,Benign,155346
71163,16.091407780712405,22.80388461094376,127.45864539623928,906.6319864926984,0.08989327376178328,0.19842177871265276,0.19971271753102215,0.15997079534165126,7.325777146735892,3.145717886996645,2.371427900145434,Epithelial,23,Malignant,729960
70735,14.969291848176187,16.41688039102321,92.24332808835788,700.6371909134236,0.0744262237427981,0.20101440281222488,0.061610047920083164,0.18435693621201146,4.483886401394663,2.126177464534294,1.3289692154209785,Epithelial,94,Benign,859806
70793,15.882734838174033,18.489133808512797,65.49677711053972,577.1109455556316,0.087646154557964,0.09221427369580376,0.1669193576047929,0.1465014866359906,3.286986186191679,2.038103335000941,1.4342739005364833,Epithelial,55,Benign,184022
70018,15.176951362710557,22.852554778140842,127.37451676208931,1050.770385664124,,0.2609138426859835,0.13269977749023854,0.25576370778165175,5.061630909621398,3.1286211802055295,2.3688540684899246,Connective,72,Malignant,395367
70128,11.059940082682974,16.825965503417017,71.78277144910108,895.6095987860465,0.05765610475763386,0.07798030994455628,0.19522745915146222,0.2045546768665814,2.7025810382881046,1.35840871525921,1.1117543962597187,Mixed,66,Benign,852786
70323,13.14796385813805,15.899373888132194,89.80749834593568,578.4454260997381,0.07385818693993847,0.11590915939642235,0.1917191259385087,0.1793062440873549,1.5017184239196886,2.5480991774137487,1.8063481663609176,Epithelial,101,Benign,881148
70256,20.808933496105553,19.09313237009668,92.87050887772196,644.5919180134749,,0.2674982890164096,0.2683481422348577,0.22801030764758967,9.920236740457803,2.906429267535692,1.9031905789350656,Connective,63,Malignant,326192
70978,12.840336081144953,23.06880497768322,134.86669003215536,991.4088691577141,0.11772709043636143,0.044513264911624426,0.49118307793958643,0.2516802797744107,7.180392397375067,2.3121810580401156,1.4229821611995424,Epithelial,39,Malignant,915024
71199,17.650138377702106,22.162428267317203,124.5362719004921,823.0843219012979,0.13899906167103526,0.15325638687457932,0.057387209050506496,0.25631053674948484,11.014425960107854,3.4715810819724253,2.329791895838792,Epithelial,40,Malignant,194817
70191,6.225507408902535,15.427859609924134,115.76996971390544,1088.9757212294828,0.11258104146747713,0.33642382030349727,0.346616531038399,0.19996859735854178,9.642123810824131,3.4082485935991538,,Connective,114,Malignant,566880
70116,21.010789989883108,34.709836446054396,121.39579989112066,944.1090830656707,0.10358262429689029,0.20958399797204472,0.36621124631194885,0.23621067555411465,3.531117514639188,3.0337527409213405,2.5340966001856007,Epithelial,102,Malignant,838743
71193,13.785482975359084,20.99894665504472,79.04560394270595,876.5366662668323,0.0643611064657806,0.12772845942487826,0.2106222623243076,0.24802826981621534,4.756919803479494,1.4427142705787954,0.6134922153669209,Epithelial,92,Benign,718064
70922,14.004223092885743,22.753309893410485,125.66547205567187,1069.8024394629992,0.09108038953130773,0.3410912595666848,0.3907999958748439,0.2728787194155047,12.712424281038292,1.9817896136211821,1.9346100340909833,Epithelial,74,Malignant,263001
70607,8.418743007179858,14.10652240073588,93.09399301363186,384.5436291522259,0.074211799349803,0.1607176955837435,0.2118237828820273,0.16053098437373184,4.754126845996776,3.1470437676689706,1.4907937141847698,Mixed,104,Benign,947928
70181,16.24391491944394,19.867379478944454,100.89635951949143,1255.0373070955372,0.1557786768813658,0.17684783956133027,0.37560938004285677,0.2275035045834531,11.281820927846368,2.505256075293293,2.0972022242208643,Connective,51,Malignant,874473
70302,13.033266288460435,18.44691994203697,120.47057542283528,1087.597894984276,0.12420485793261975,0.2521268687984954,0.3116722915948743,0.30174708305528464,5.3296644199895145,3.2957100790654783,1.8545225287840617,Mixed,94,Malignant,944257
70497,20.23823033916408,21.827038971978354,124.06327208121152,1317.756337157943,0.11704887995463747,0.2244267455910263,0.27561343829188023,0.21376461653996923,4.796667424535549,3.533407079314145,1.6939855885209587,Mixed,63,Malignant,814311
70349,12.14100602246109,32.34532963892362,79.71103655538883,780.5064442116421,0.06843688744659769,0.33336508107397483,-0.10657534003315985,0.19851656534711526,12.380261115463444,1.1568230475106303,1.7907341737153133,Connective,99,Malignant,885846
71055,14.472067422239187,27.002644976481992,127.32844209629468,1519.5123050035693,0.13147503582426706,0.10678969247973334,0.3347449970892591,0.23322112595671357,8.796288221951695,2.3399221835103248,2.128463330744064,Epithelial,114,Malignant,333435
71020,20.95757837410095,17.213482139488093,140.84858748674165,756.4611418687384,0.13465583488189004,0.09983514416405118,0.525434585986728,0.26732859401789094,8.30618790262101,3.718355603691121,2.1217356343306677,Connective,35,Malignant,878150
70745,14.507197692771479,17.549660445526612,89.4955508937579,638.2805523863077,0.12221802590122524,0.1952325396282801,0.10810460909973556,0.19045906581480426,2.3048416689149764,1.804243170355794,1.9762676675267863,Epithelial,30,Benign,479343
71101,15.238474169382233,28.149909916521977,125.34460100554774,955.3737946368046,0.14317699378483512,0.17691272622558138,0.1773595486899453,0.20979182263193313,8.185641046715816,2.816041191906691,1.952280731203674,Connective,55,Malignant,765537
70991,16.2981713113399,11.754235671340625,57.159282353142416,983.8579873868555,0.08339197137778456,0.06739099794521886,0.17276216215997825,0.24106149395584253,1.869115838515345,2.9057349764875706,1.4843022156753911,Epithelial,17,Benign,857003
70518,14.776708121283109,15.152920685045734,89.55005230543748,827.1872295094527,0.09856355351981229,0.17477849655529168,0.061913193653537264,0.22055501396143432,4.470565869942118,1.2499836610113055,1.7195977294828697,Epithelial,33,Benign,344076
70373,15.493595306495045,28.88510931862104,99.22301500517398,1817.2515777383117,0.10242679335485934,0.2951110149075873,0.2545669746024778,0.11144453221262755,8.715852969283297,2.199541769152698,,Mixed,78,Malignant,674543
70046,15.276508590446907,28.417757168227062,80.95310075753505,452.25818109929367,0.09263651057803936,0.13934001415061129,0.07173833900359233,0.19395310483650952,5.60649949118743,1.7400804815569781,1.085022154343076,Connective,7,Benign,461729
70477,11.025481901791293,14.48035931871442,86.16485304316251,400.17974460483407,0.06880580171890595,0.1978009860572592,0.08183672746801805,0.17522443274017369,3.8534789553081743,2.3795492909308367,1.6265469858522748,Epithelial,116,Benign,167412
70158,12.874235797681777,22.437096642702592,73.6540909846133,521.7484141781799,0.05986852031117407,0.16130924770429075,0.13763425449585742,0.22138465159598275,0.4605825975012854,2.1683053821034424,1.5568256596554404,Epithelial,71,Benign,270600
71066,17.565591377568385,26.495299613362917,110.18078834288164,1564.434131004901,0.10050710449463279,0.07453598813035547,0.23146582002676377,0.2378204597305333,7.415839505486569,2.3704899243967765,2.2949004549762178,Connective,43,Malignant,136819
70172,14.889190230305763,14.330702011221934,109.08995420933832,775.6214813103488,0.11317422700199468,0.2966145201447265,0.07583788919594278,0.19208841526546,5.942746107439179,2.163241956385546,2.534598216884026,Epithelial,106,Malignant,614214
70017,9.280464846174024,20.75137739679833,78.79056787325285,834.6030258388524,0.12140476430801046,0.1449180137231816,0.17942396366491553,0.18344416182220125,6.493747994240459,1.7727881120570872,1.478919289746999,Epithelial,24,Benign,252797
70512,13.562748275050113,26.431405192632216,90.26002197275875,1165.7717939395832,0.132103108025785,0.32696818076125644,0.42139443159033413,0.18529968820387446,9.49506935082657,1.7860876723750174,2.3139485907489203,Connective,47,Malignant,687669
70049,15.466764032152817,18.17402049102429,83.81473439830566,378.7798119110499,0.08272753334050742,0.08643519618892365,0.09700548586023672,0.20481075042369487,4.389118691106635,0.8986321849909268,1.09990609301934,Mixed,84,Benign,207624
70192,14.29641045525293,24.690570073535337,67.23415098497641,524.8796299296571,0.060752580163985034,0.32326051661122,0.14892914721644818,0.2858200967757,11.733162054718793,2.453922752342064,1.4921390076355916,Epithelial,112,Malignant,950912
70547,19.1995322921956,22.615492256514646,100.5239251129666,994.5571493666022,0.14492526387466306,0.23576825686610547,0.23106862021746294,0.18206904815074512,7.0588761343980435,3.1737561786413417,2.8374287338978146,Connective,69,Malignant,983002
70516,16.11354522865913,12.415720977072947,126.18674649055345,1307.597271141006,0.1258411741017847,0.2296866108181163,0.2168469353187345,0.17832855456136884,3.936300790929131,3.3564398431964717,2.2359617970285464,Mixed,52,Malignant,943352
71014,10.65950580786175,6.83603714636784,91.38549015300828,380.77233713099537,0.07268293234433726,0.20498143203196104,0.23820040090615244,0.17442377721192642,0.8259383255018564,1.9408540019997487,1.741341174893738,Epithelial,5,Benign,687765
71079,9.482646149939695,14.154844338554952,91.95448693264888,619.2574551556967,0.0785192480710159,0.02700401534560486,0.06817674146609712,0.2457298090267901,3.779641862441987,1.3123233558662806,1.8082790357846277,Epithelial,104,Benign,382912
70829,15.521852251408422,20.062090339831474,81.30862156730915,520.2998921496865,0.08445971682313777,0.10857212768034664,0.12834784134509308,0.17130883913298076,4.709711358123892,1.917142573051078,1.3203294193066746,Connective,70,Benign,768771
71097,8.363533323583304,16.161630368071254,85.13778456710762,454.1330438806156,0.07624463640399308,0.11589704150692959,0.18503161881164507,0.1658962452552727,3.7078380382001264,1.4660153041167763,1.255458515409012,Epithelial,2,Benign,243771
70481,12.734811175029655,20.312816192939138,88.1988621927838,1089.2366888920387,0.12072052515030371,0.25507487418736435,0.2218078161404764,0.2242409001434511,3.9048992826427824,2.3979800222611827,2.256782420764119,Epithelial,4,Malignant,543235
71148,12.819858247436766,,74.87529956527406,718.5037905049543,0.06899133520795267,0.04041794858014878,0.12947719456461415,0.1794938749642786,2.328544623052701,1.7870101983089903,1.6758454770977005,Epithelial,39,Benign,912045
70284,15.443444137848946,20.074570087926453,101.473336971115,1523.7775967512418,0.11695755128907943,0.26826476172681296,0.24876482538408146,0.23725024926483373,7.995207614675077,3.205725145096552,1.71467326483834,Epithelial,65,Malignant,876141
71049,15.284546622294796,21.835958354794244,113.02086068431902,684.8961574905946,0.08564918908688182,0.09122504319002145,0.01698480913882052,0.14282798866648097,6.068780469077186,2.504427654083936,1.177794364504781,Mixed,9,Benign,931512
70798,13.291732671798652,15.89967373634129,85.39780947132493,467.6157230205985,0.10186155874354767,0.09000547443110665,0.03743505290814685,0.16203086212063175,4.080677688824906,1.262262144118321,1.8498510314496452,Epithelial,50,Benign,589089
70974,9.409662775902792,16.87555160105898,63.181980097417245,624.8336701065767,0.09709377369686678,0.24679202116476484,0.11233079165545284,0.15609128436170006,4.334352180633107,1.9095851068452165,1.2676988131694533,Connective,96,Benign,932082
70226,10.875835743358959,18.459029934441393,67.41547340533734,536.80783623507,0.08122507461718903,0.055279810348718456,0.031125491095283044,0.21109413635577778,2.979977847671676,1.3898941400194995,1.6811763620524218,Epithelial,86,Benign,188653
70027,10.883435196138874,24.268554219548406,99.2638668620723,1188.675510070129,0.09724783558202554,0.14759200574243206,0.21679583290459972,0.2060765835041492,5.297255380157026,2.880276811479557,0.8566317029907538,Connective,97,Malignant,243821
70283,10.752697885611806,16.59906335025276,70.42545137853674,96.88874052372792,0.07213583578388671,0.16790551491867015,0.08495786317379166,0.16377886379191295,4.206835233367562,1.3452785266555605,1.5977207526392148,Connective,105,Benign,345982
71169,11.876916214171688,20.75127738446058,128.03422153193824,1222.7759249520457,0.10199805191819679,0.28164349337722083,0.43375906253330204,0.18874729154952272,6.221723727987886,3.4618446300980334,2.4193258840278102,Mixed,90,Malignant,340849
70438,11.338202000024506,23.695997997281598,120.84423031586454,884.237079364799,0.09175342030496128,0.03316379654606472,0.24426482057049542,0.13404628119203593,6.040519232575897,2.170324079401217,1.4949920281396243,Epithelial,4,Benign,202885
71187,13.555505233799632,18.8211308329686,105.63446078044839,818.698531767993,0.08781559636757202,0.12309490113366114,0.17962701970326933,0.15589324000743776,1.751762629156957,2.326443753039337,1.195734546888145,Mixed,3,Benign,923524
70365,19.933560229034487,9.683470961569661,77.62393883435058,1232.0858733214218,0.10286896649231561,0.32315439547721975,0.3168003461900278,0.232648387965968,5.52576190120587,3.6529143420833967,2.2210807325777706,Mixed,94,Malignant,437054
70230,17.32765724968645,16.40359455998048,103.95912769673868,574.8032609085167,0.11724133802250751,0.14513747140232663,0.4054421956901925,0.1661286868234209,9.29941640497307,2.51684218287662,1.9971294650152909,Epithelial,87,Malignant,170350
70038,9.71003384809894,22.865499456079878,95.01399018793502,645.888678828726,0.07779122959239153,0.18208167356523794,0.1581159492420053,0.19445904267980613,2.9807620932517462,1.2640632395133433,1.0002577812176434,Connective,26,Benign,825885
70670,13.439982278076153,21.501573947988536,108.10826928530733,,0.08544582623787672,0.4035838824398401,0.24799539886229235,0.2295745994110175,7.392299577556815,3.4641153920994117,2.9149646862133527,Connective,22,Malignant,111312
70750,12.415675569022751,32.16154311659285,93.71510576133552,1101.8959076011674,0.1401750809688137,0.34710423977855903,0.4469272175199462,0.25321756259341793,5.655878144168056,3.0901118152325298,2.213916169303029,Epithelial,96,Malignant,950270
71200,17.216424790350075,21.543061845555457,105.20316115987188,1025.3772942350183,0.12033704039698906,0.269871291977838,0.4187675873567906,0.24015094553316876,6.473934378328906,2.055280805549051,1.6109493750682962,Epithelial,4,Malignant,150249
70375,12.889871555830617,12.803919994937392,95.69385820155759,786.8117158317169,0.10002851225368158,0.21134289045893212,0.11328012515065987,0.1118034206358212,2.6229603366106424,1.58711091884276,1.154557596449524,Connective,12,Benign,933236
70470,15.506501744474619,9.161544546696938,106.46587264538422,1662.0087232758378,0.1345479290817223,0.3182416093094212,0.376655210529754,0.20866383275988484,8.646602923005817,3.8941581872722844,1.7262817722837225,Epithelial,9,Malignant,141649
70883,12.392668407383361,16.396548207161572,79.85452006726088,505.1123893490608,0.07759439554619114,0.042045062329199315,0.19371104551028814,0.11402342756064254,5.0240741213937135,1.8363462108379383,1.6127411982691284,Mixed,5,Benign,139206
71044,19.07035932194713,18.996123519423193,94.712500880361,783.1526627447585,0.09687911302248074,0.38888732394521175,0.384136341257607,0.220455162641392,10.000921700730808,3.2401474697412223,2.588866899653298,Mixed,73,Malignant,608569
71179,22.662653191533277,23.87733806687468,106.87817742216873,1300.7547641757178,0.05802576087581207,0.25038850554490644,0.11233693257789548,0.23288342730217693,5.586431642825479,2.198387996815249,2.4844651187969107,Connective,108,Malignant,243396
70688,11.872785388582882,13.1408956196546,67.7249377499562,667.7364422182278,0.10034335138287954,0.159871669849133,0.12249159075803037,0.15131285531559843,3.1512888081468793,2.193243476564352,2.0160273840501084,Connective,110,Benign,540851
70033,19.719741331540984,26.949479906481695,106.59462788818199,1265.987350023254,0.05857784341446063,0.13253828220083283,0.4886569313977201,0.06836155414613751,8.614320979549241,2.3360372198525012,2.490952494832611,Epithelial,76,Malignant,494583
70640,17.043911404243367,26.762097568093104,90.34847890769035,807.8371724239253,0.1286313057204551,0.2118199647647299,0.12877513816061995,0.2544726730226021,9.830043162242607,3.3533295122844464,1.6967847349076792,Epithelial,47,Malignant,578941
71058,20.81115840006636,,114.70044452740738,1063.410694903312,0.11088180481613259,0.28122052256485397,0.3905170739984781,0.15725259756295223,12.530576655530908,3.0086680175939713,2.7844431170190935,Epithelial,5,Malignant,298019
70195,6.642716712375951,14.76690906443151,81.33651150055815,781.4604461640101,0.0657479216942082,0.1558915614598101,0.07939577411538892,0.1838037287491451,2.942024701043401,2.1204398186282383,2.4420213352481364,Connective,42,Benign,580895
71125,18.364681454423373,21.27887842434108,129.4669643772801,512.5887772172196,0.10900123005991354,0.016195782445290546,0.1862869548826146,0.21143323777657308,11.692158345909174,4.226356748300611,2.1020947375896744,Epithelial,78,Malignant,863431
71133,16.67567252187056,36.2797606813967,70.39359150453943,995.4798354943794,0.11654046086365503,0.15547647847882617,0.36480184948823025,0.17963029272293904,7.149097106041228,2.6392199972595027,2.5562059907250294,Epithelial,30,Malignant,813891
70987,14.046064922378926,14.710328868112168,49.20688369476147,547.7302046930265,0.09823607415854513,0.17975652547093166,0.02211628137943236,0.18164224019859154,3.2667919950893713,1.7468395380935908,1.9473892912774506,Epithelial,94,Benign,377777
70504,13.131575670662269,25.38290416630808,150.2425532615818,1355.0597809250248,0.12802109005326714,0.25141133804629756,0.19360479603730357,0.23808817255690448,9.27566096231331,3.7067217331234548,1.8890942370905173,Mixed,4,Malignant,524707
70916,23.400947450602768,35.1539079712399,116.6584111861916,1273.4864506256656,0.15904073683245448,0.2873958337741639,0.29572475723139247,0.2278007463963403,8.766651600297473,2.357997438728793,2.6815489793454432,Epithelial,18,Malignant,869178
71086,17.90565998426022,31.331385326311167,124.26324195757643,883.9302523175247,0.1164522994150334,0.2825576047409836,0.33066115857830364,0.26692246436035005,9.823717889766735,2.9674597404007486,1.5852450054937695,Epithelial,77,Malignant,214000
70102,10.017138562218266,22.784357661133477,105.6799374897374,1143.9554496751887,0.100232473154305,0.17491828448424032,0.2664438205315377,0.13794171612844996,4.415068187041688,2.198884460652386,1.6213646366478438,Epithelial,34,Benign,538458
71107,21.195122071384045,15.29466865560694,92.17527566310544,1013.0541142453988,0.12318224797093318,0.05841570177157085,0.2774613927468721,0.2206975152002051,8.531454281869419,3.2500863201344936,2.302535182230412,Epithelial,108,Malignant,149686
70801,14.377372929667985,15.245497895210079,69.6619392937245,499.57484626761084,0.10247594600358685,0.20651797563042476,-0.004798936630425884,0.16429303678281634,4.846412815973549,1.9073535223768807,1.0258945656193266,Epithelial,7,Benign,670247
70580,7.815272002675498,22.42895594813024,76.65395282313938,529.5802232708095,0.08767210510571898,0.06097051053042779,0.005067923567249152,0.1136900742047734,3.283159248974804,1.3335497039018451,1.54236982874126,Mixed,20,Benign,534097
70161,17.461270147273954,27.234530870275137,116.49722612500058,1088.9666934006214,0.08850436323030263,0.24670721332846912,0.2561625214542286,0.23026462639692402,10.86297014245391,3.4201999823423845,2.5770272275680224,Epithelial,8,Malignant,535637
70681,17.753959344213865,28.132655048466656,88.70725208415989,1518.4077429491513,0.1524197774685072,0.29335368889032826,0.29237846949533963,0.2771800737019677,11.735147291618475,2.321222177787762,1.7021761930275707,Epithelial,67,Malignant,139314
70957,12.031899867695797,18.757134454445794,133.05320578764972,764.1170035895037,,0.28804746906011447,0.3666525964217777,0.13737682840841942,7.987138680654432,3.428300372132822,2.1567629260935908,Mixed,99,Malignant,872805
71150,17.72864812385957,19.223744420478646,108.21843252746304,687.0219896400794,0.07922395042961647,0.4352207848577895,0.1756528398090877,0.16559361425418656,8.50160896718004,2.334798750328339,1.6582637103732383,Mixed,106,Malignant,973553
70163,13.144329843456983,29.628997799868696,76.40439536389947,1082.6943307412223,0.11093235199551654,0.19461214515240044,0.38927563285448624,0.20071232020406676,8.009331023228432,4.563795654163415,2.3514591079718774,Epithelial,98,Malignant,713111
70822,14.928826607009547,30.505709618258866,101.1717559144719,1187.2665441197946,0.09918560607192302,0.24021556881138234,0.07181780214947082,0.16664934252650043,7.193235250328909,2.275340359767931,2.6418206977975265,Mixed,55,Malignant,808930
70706,8.89818196547733,20.80270171232272,102.84066948944255,713.7404562544219,0.07674122069184813,0.12703377692483656,0.11977764730362495,0.20611131606185298,3.7990392630230705,2.2391093033175915,2.3789033058780866,Connective,24,Benign,955110
71037,11.828240113124446,14.19335552672478,66.41269730865736,868.0948420931612,0.1270957169299821,0.17643476355364646,0.18413274063629856,0.17121170380335635,4.515587070831618,1.3395571847908352,1.0262907328331743,Epithelial,35,Benign,528926
70878,9.29203583543451,10.855392488671772,72.98920887056808,727.5803783011875,0.07776240831853869,0.1944814235153346,0.08822269438906442,0.18661906777045822,2.118643697983906,0.8496190873110603,2.018482749788566,Connective,22,Benign,224196
70896,11.015021905508862,13.024826070342174,87.32919644624687,476.7148778274727,0.074835357628037,0.1559641040473074,0.2015984753254386,0.17368094206234574,5.927205549806871,1.3587198946312908,1.5704308103078002,Epithelial,47,Benign,819460
70914,12.505767417980652,5.459189098548523,74.44905073242231,829.1257676907303,0.07932027886786555,0.11805079331263094,0.11292974705248839,0.19163833735623179,4.529511718949401,1.9494573042642764,1.502107761402891,Epithelial,12,Benign,305019
70839,15.3700615710493,26.379714484914658,138.91952924967407,968.9181908897934,0.14030386495921238,0.2670199670456512,0.29660260170012176,0.24223603772443134,8.632120628077313,2.6940868015434143,1.843178163810291,Epithelial,108,Malignant,117844
70153,24.751860587430457,27.424073283730593,134.0679506647596,1424.7069286170085,0.11831353976141108,0.23641857459666873,0.0864346093205483,0.1830188768833914,10.585382494304678,3.7807014395144094,1.6299584514856282,Connective,10,Malignant,136184
71128,15.26073673755403,30.56088224605107,111.85157332453178,1344.4363333196595,0.12082935464962011,0.226611895563973,0.2057219362622516,0.1668081541646837,9.893705786125558,2.7466205925788487,2.476019562714798,Epithelial,24,Malignant,770949
71034,11.975722616156482,13.751331128974686,65.32867435627325,627.5250326123061,0.12433048471559974,0.1142751782577977,0.15509693843817346,0.2193273122869276,5.299396542441584,1.8370877506235987,1.0416495814620632,Connective,90,Benign,871069
70510,12.608008171823721,7.583416541563025,51.6286416222514,277.2704488003226,0.09401347058758316,0.1838120065362735,0.18834733572586515,0.1607583898078794,5.725936014569184,2.167841079646293,1.6245259973563315,Epithelial,115,Benign,431888
70112,15.250505087394307,23.311729848270826,125.03582335555282,,0.07387693739635504,0.3605754505289143,0.3313969086479554,0.20087036209125714,8.983607618208495,3.0029085054797946,1.9360617509156937,Connective,87,Malignant,180824
70227,17.320240845502983,27.81127954248844,74.61187742418397,914.2475926525299,0.1326411475825949,0.29450797816154045,-0.08177231098204174,0.29976234047746986,7.7381011276101255,3.149383053689065,2.554047454375101,Connective,57,Malignant,557435
71023,10.662422905904737,14.526595298708251,90.5594870769294,628.5019547912743,0.09599224403582432,0.12030898975826107,0.07523680064314657,0.1685457746686858,3.410640073440765,1.6976867598259222,1.0671951335782033,Epithelial,24,Benign,280803
70852,11.036547516678798,22.24001357028561,133.59480449622313,497.2481015713638,0.052044997731278776,0.22815396708947658,0.2601279193816559,0.10480516658963603,8.536931796229622,2.656169062656959,,Epithelial,111,Malignant,674148
70104,14.114165590404426,12.62998565287135,67.65184622788867,587.7702851394931,0.08643549401479297,0.06964391572601775,-0.019267851456649165,0.14620238255958348,3.9317369899446093,1.8238406836930845,1.2445926898935393,Epithelial,44,Benign,584990
70422,9.900501355769062,20.665137908844592,102.21329435979999,601.8761091378644,0.08574182995050404,0.1792824952467804,0.04836770751098899,0.1499098862078881,5.561337465867162,1.1225136146432781,1.7016763947009284,Connective,32,Benign,133157
70420,9.084108632535942,14.087070792892748,80.42642395567577,761.7829680319169,0.08602037459137189,0.15571537280183564,0.11949039241080123,0.14730788026196834,3.711303994791859,2.207634550750786,1.1904006885211063,Mixed,83,Benign,400272
70968,17.952651957135597,25.23444304975474,112.21462586664829,1061.6696097722393,0.1034379738063278,0.29763468141845606,0.22544818561655455,0.203195276990751,7.851262583798821,2.978742821421589,1.6602006530616564,Epithelial,26,Malignant,515315
70625,14.152191070714117,32.847252730307105,108.10445109282207,1285.3127655172218,0.1427453333798031,0.22129482425354893,0.31692824430184074,0.26318923165681674,10.046559208726208,2.333141836057556,,Connective,40,Malignant,248501
70587,9.566483620945181,,83.6712549002716,456.6485236820435,0.060299329856623715,0.21037702585876247,0.13351389021860738,0.19284748556382134,6.54041006055486,2.2246704520295246,1.723086624532129,Mixed,54,Benign,453753
71080,16.253598084365198,19.75421646238994,114.30668860524787,1283.4729877723032,0.10792750023207104,0.2326159092606044,0.5029531160583512,0.20732502783820606,6.140717505533491,4.052582495014567,2.8586883113692063,Epithelial,51,Malignant,842918
70920,11.019401030766756,18.161198077646645,95.86233918953268,516.4949929316178,0.10176027299838111,0.13209725679326192,-0.0558392649796854,0.2562736965228399,1.3139934818342187,1.2212873517951193,1.6296000691583554,Connective,16,Benign,311283
70673,12.098573348134448,19.109207379158295,106.74906215593755,136.89029641037067,0.0692476954967077,0.1932314774472488,0.03445291459407273,0.17000986171004395,2.5351412817785133,2.639118280191641,1.0841410723831653,Epithelial,109,Benign,360171
70120,10.558275367801263,16.33058135089388,69.53256067619154,484.5812054663903,,0.13570828245440417,0.19422913697184166,0.17196184461304861,4.1900972284568505,2.096338953630918,1.4695191052417087,Epithelial,77,Benign,321334
70054,9.01941150926153,15.28595295730788,82.92394360716467,712.7698984743633,0.050643621170125185,0.23978951833894754,0.022665330630643216,0.15011388171112797,4.828229819759849,2.190065811956754,1.9212310305615306,Connective,88,Benign,165527
70152,11.249894800072106,12.081303208651534,87.52981486083249,389.6756692890127,0.08740579901901245,0.2256825356642021,0.1325374719377969,0.1948920164296211,3.1500925690837245,1.4368215426549291,1.7692306286832216,Mixed,105,Benign,625727
70404,20.437513500101907,18.972310408254355,110.42529947482497,1087.2652231461807,0.1358223371022918,0.1516923371900005,0.2859084832672527,0.2590658452687647,8.13363041440159,1.8978595893680767,1.7026099984698837,Epithelial,99,Malignant,630845
70412,11.782708708214725,21.328487250920553,89.17680573503995,512.2235761124281,0.051843438809696774,0.1731142146577556,0.20848663743668921,0.21767501729724914,1.7162835216843342,1.6828448345515032,1.3278879940075705,Epithelial,110,Benign,158676
70208,23.519065606156218,28.48724922424945,87.56710712092233,956.1004150974047,0.07633141203703653,0.296537132415792,0.5644772658247547,0.1491700990076444,10.255499264510185,3.394408012856144,2.8168778125836793,Epithelial,102,Malignant,361670
71154,17.188092312124056,25.688711940151514,83.08865507555545,796.0517444677012,0.18084730579843605,0.1604044147016646,0.09778662852110842,0.12770091869982592,6.13746949497701,3.0021549986306857,2.465088733738569,Mixed,42,Malignant,368095
70659,17.304985324764388,32.80265732018116,72.21771751138297,945.120188641108,0.11718699187537052,0.0969361664980803,0.06092270966736123,0.2503526142017558,14.759687981473064,1.9793063061296636,2.4588737200130226,Mixed,49,Malignant,574428
71116,7.658797695866417,23.56298713654712,128.03767895873935,1065.256112280976,0.05568176191993339,0.28275288159142176,0.40703417648398893,0.18463670608455984,12.248306726063827,3.230531221383218,1.9419280796772134,Epithelial,97,Malignant,473007
70233,18.890824896428985,,140.60430545434923,1054.410456401254,0.12248449151539491,0.09380832176826834,0.3654952450395621,0.2688504850082326,4.963530041528997,3.7571777696669053,1.9800020943882468,Mixed,6,Malignant,105243
70009,15.094112629577968,23.94613849069563,91.61870746597612,566.4402809402709,0.06611398149915367,0.14055704490711982,0.24396157327430723,0.19833390336885867,4.226483537812747,2.1808994169762888,2.249482013786728,Epithelial,20,Benign,864646
71015,19.537880337870718,24.939650814015458,126.36368006680796,1276.8768902673928,,0.11589931962991849,0.3961083403520891,0.2676239956831756,11.571736541183018,2.896386939511786,2.482790417609821,Epithelial,18,Malignant,648464
70160,10.140753787547636,12.397175003767899,107.3899581761157,704.969006285998,0.10547055843955029,0.16874291042636197,0.12958902059791694,0.17138747186196507,6.128593768588723,1.7365666099810566,1.5269567265727686,Mixed,115,Benign,751746
70037,9.65118795909705,17.32750528424793,78.8673504114979,785.0066990053608,0.07155932986694388,0.09658257479506477,0.2718479643175315,0.11329386030053214,3.2171116317206887,1.7181546184454601,1.5247933619597007,Connective,101,Benign,979923
70453,10.20257213253508,12.466529840086576,66.44216687071496,504.5097760316776,0.0678864102054888,0.19757529557525746,0.12312512222693418,0.1886242298252122,4.592770929360034,1.9115185255765506,1.2227605614239598,Epithelial,69,Benign,569895
70652,2.9971632477418524,16.038540461480103,73.24305273674412,796.4171652171297,,0.10868290308064806,0.20238945501484795,0.14728292453335282,5.0263066106959995,2.262440446431126,1.0359802536339124,Connective,98,Benign,122880
70254,12.856698148575179,20.042544314922957,108.57534625303128,701.0394866096138,0.11124507597968386,0.16200683749696415,0.15184131560164077,0.22132119958501006,5.649512214091325,1.4026121654157309,1.6092014647616562,Epithelial,40,Benign,927857
70304,18.492030960610787,,89.5096178538526,1132.6601502700046,0.05863544937845207,0.10069930188821741,0.25582459931397233,0.17040266893695435,8.509846723566389,1.978040449152346,2.3316246731730037,Epithelial,35,Malignant,760685
70897,14.289083328962251,14.439016650864492,53.98039496702713,938.2265723121525,0.06976285676013619,0.1752342083925641,0.16754091801479498,0.17361109298830457,3.1412727901822586,1.3894340197559476,1.3924983660254053,Connective,72,Benign,961914
71068,8.766632051341714,17.798215585108412,181.87613796760314,694.5827193513064,0.10394590890277011,0.13820824893067485,0.24741552362111494,0.2100238840423163,5.2296580521273075,2.147683242688262,1.3896907658158508,Epithelial,67,Benign,869789
70881,13.538462368717497,29.42788165320416,107.64595347564426,1681.488251609324,0.11189557327451095,0.23338001064367941,0.2675548655359814,0.2114934030844285,11.016231546178124,3.396875269432474,2.9629693773108947,Epithelial,42,Malignant,784460
71152,10.622179709034024,19.15882796425081,117.70106331624453,1224.182719651995,0.09962384228476126,0.20574206547728704,0.3319061509738704,0.16918165803164525,6.645678034808125,2.7707146672000316,2.4959924088451,Epithelial,98,Malignant,125196
70624,16.246104986000365,31.274350814853655,100.47281384045705,1239.3671318411193,0.09115075286773978,0.14322325066947267,0.3040375241545352,0.17801110978356144,4.672101703768399,2.9445966287534624,,Connective,13,Malignant,212021
70346,9.684027373554294,25.611562945813148,82.08414214556024,671.3438150529234,0.06649452832282293,0.22313983091943562,0.1753715981888614,0.1763649183887004,4.669775150066979,1.8942546422168225,2.0152183653755165,Connective,44,Benign,420515
71050,12.580836529565731,16.145542151900404,49.0673284287778,122.45103744416117,0.07207822552757569,0.1611117711601594,0.07592954016883095,0.21962691554839858,3.3221195753522395,1.529403258724689,1.0029978105738544,Epithelial,71,Benign,624261
70263,17.19356325292526,18.123211854650133,119.25639693766105,,0.09147657215792193,0.13518767877364513,0.4168630197873756,0.12938394372551226,1.5894326920879394,1.7900409091956568,2.3185911699654342,Connective,50,Malignant,232750
70151,17.15934681852227,,119.09336875780122,325.7890279291866,0.11426387884865265,-0.005300252459726526,0.2745491928958109,0.24696386853769142,6.1377828531297505,2.95828612698379,2.4815278442811124,Epithelial,23,Malignant,650298
70473,20.163321845037743,26.783145249512977,129.06130293482204,1107.527747267963,0.11493871570125373,0.3054517458017121,0.28268258231137566,0.19835922731027794,7.39023064385275,4.092600155206077,1.8160986984352698,Epithelial,32,Malignant,173931
70641,10.53607896362299,25.22273465143404,87.4324800371027,668.9048832142332,0.08097419072896744,0.18066091112758842,0.18322092502707765,0.16924360859007573,4.82234157962652,1.3610768109901223,1.3419367332121448,Connective,26,Benign,195278
70856,12.592903677039775,25.014435341180086,103.47476141943454,1071.3471719246118,0.09196743123856357,0.31061071439029436,0.22150648364311468,0.25234780905698956,0.6315843288994554,3.2002487231742456,2.08150219632881,Epithelial,21,Malignant,330825
71149,9.495344984602749,12.293937860708068,65.0015706162785,612.1319560196317,0.09403850432741989,0.15721241164280794,0.10750107339179724,0.14367531467795186,3.259369912207652,1.7645704182847801,1.0799048108293012,Connective,59,Benign,640690
70551,12.017899628034446,20.621610497804767,110.4020355340536,755.2391436809771,0.07456115351712117,0.10340244130781234,0.10477602202528677,0.13038626689747754,4.8319750877340235,1.1200497723853093,1.1305773651482094,Mixed,56,Benign,863448
70929,16.080021393948904,28.223289110026972,110.33806157925702,1546.2165720517555,0.0934882620010426,0.07815357290186828,0.3685414357398645,0.26094162922187897,8.493310605584659,2.865829953696051,2.2942632540293624,Mixed,41,Malignant,649296
70489,14.049643421218006,19.904374468714703,92.42015609245209,,0.11522244637306892,0.09645147629143956,-0.038516488634521576,0.1339246387708736,3.8415311787974815,1.2580900815943727,1.5249556057409337,Epithelial,65,Benign,197675
71100,14.204324444072936,18.13539632010681,85.22160222072065,597.7090913716439,0.08172923094351756,0.19066218903150714,0.08233514048387092,0.2078343656665221,7.3139925316960985,2.398834374938723,1.5227488598357362,Mixed,101,Benign,924941
70147,11.522346848902808,33.42627595035911,144.76789355382857,1584.30160237001,0.09208817747333539,0.288085480783911,0.05964809845788551,0.26885950660694186,3.6514813356347133,1.2018750643933418,2.468380064137161,Epithelial,37,Malignant,962468
70403,12.078052648086272,17.928156980343864,94.7606217935672,,0.07503654336963601,0.1900975911621473,0.14182296287169105,0.1799716846716638,4.196358985233051,1.92905880798521,,Mixed,104,Benign,440406
70955,9.329026399383505,24.06886210086832,72.58541598070468,336.56203814696414,0.0965192744319076,0.16591390088864647,0.06929022392409222,0.1790524304522465,4.188673702059468,0.7203344575220747,1.9386600252139372,Mixed,46,Benign,573756
71144,10.7212237127144,12.94485525145757,74.48966286847629,403.98397716501694,0.08094599790950305,0.08376170480616976,0.15689117080033993,0.14452816111621275,2.74048413073572,1.3810518205839346,1.662084649207766,Mixed,7,Benign,544276
70660,18.942387988703402,14.858699888962647,65.33332683561723,642.8212662992007,0.06901817466034882,0.15887141512236735,0.05666739132439926,0.15498381474250197,2.339976962762413,1.4790036720244277,1.6471511185231837,Epithelial,95,Benign,450977
70464,11.386745090778874,13.694333935957392,55.213814145547936,473.399493796878,0.0733987350551281,0.12618343065102625,0.05169720178624424,0.1855477579529994,3.210640488449445,1.1027633218633413,2.043741686916108,Connective,76,Benign,459229
70187,9.720220652127493,15.16819058415259,68.54976219927332,458.1347159999353,0.08222205323416522,0.19114447484708316,0.13324061565626996,0.17123459379209494,4.678254064837382,1.8876661986342338,1.7443272465728106,Connective,73,Benign,243513
70609,15.049079142053339,10.849845229215806,87.20502570430214,711.1658826764454,0.10151159437247441,0.11038643063503731,0.08201436642769992,0.19455226380294555,4.979902905562923,1.5355180064258043,1.9145488089128506,Connective,106,Benign,606193
70144,15.425117914427544,19.645089370439663,89.9985296405815,659.1250684243374,0.12871205735959104,0.23139174914163274,0.15506689033237697,0.2709347421251918,3.947180705384379,3.082412403008609,2.00039584872254,Epithelial,45,Malignant,845445
70752,17.25516793552495,30.454552536509745,126.24847460262356,1250.5093910920664,0.14027043147979995,0.28381794077779376,0.5153226275374606,0.18330281517306313,8.333806270638403,1.91266586720822,2.2856358054407635,Epithelial,115,Malignant,136673
70982,11.578294620631706,16.393313035488816,99.4587380027908,556.2111155216753,0.0842611397684842,0.10696564069846141,0.058571455303773626,0.1535972555596384,1.8508899888536998,2.4270346678117773,1.6532832273676425,Epithelial,63,Benign,889131
70198,18.475037123657508,27.896945124198815,105.66508378849908,1070.5244590302875,0.07034762019202721,0.26016506998405775,0.301491670400869,0.2686559489840404,6.362884117613066,3.0877798989197847,1.6587888776394544,Mixed,32,Malignant,900161
70884,13.528085352570931,15.102298302350022,94.87470752621854,658.8158945786768,0.09171862463443306,0.1182805927421576,0.0889243001693092,0.18462674015496094,5.163040753330878,1.8319313344382542,1.3668306038098503,Epithelial,115,Benign,666604
70280,9.710695552283282,14.981402367873736,104.69493811543185,367.3930447792091,0.054934707896394694,0.1650693648747964,0.1228852881346947,0.17798552993412414,2.4207476940183024,1.4803400851037343,1.3953263680111174,Connective,112,Benign,141032
70294,19.344747788039623,28.900208272545093,118.6689315243627,1349.7067090160872,0.14051074773972164,0.26044256995595066,0.15752900532468295,0.21427656851079754,9.762160692036007,2.400923104299652,2.123693268213522,Connective,34,Malignant,196909
71108,13.379340446626442,11.768135654069901,83.27917229802058,888.2859526066022,0.07051941871471121,0.21652610267796335,0.2588485819220331,0.1592611093031245,1.373397121656585,0.6094500421714002,1.3419696582947755,Epithelial,62,Benign,703847
70401,11.282352820757605,15.239880809031039,80.44991358039763,787.4432600034569,0.09137111429878568,0.2263732248632034,0.001683630909448855,0.21058124494091288,5.6585124818459125,1.8923383646168568,1.3593688808121696,Connective,119,Benign,708597
70123,17.98724958024237,26.667099309043152,111.62027003690316,1233.8105065897294,0.15402078349844334,0.26517898781514626,0.636909060181836,0.23825132572574992,2.151920248982818,3.170358087210832,1.896612601447856,Connective,105,Malignant,772088
70203,19.02393987701967,28.97070561598638,116.13160378610908,1095.219693134103,0.12680982424702186,0.22510907692450263,0.5395238401712975,0.20989716545258494,6.503634620270875,3.096054102291642,,Epithelial,101,Malignant,281032
70836,12.270435075513912,22.909390023161194,78.84715714929418,672.3708534743585,0.04254378144375388,0.0226868479683212,0.042053666285047794,0.1407138229217962,4.679270870634729,1.9432350432167593,1.7405348346217775,Mixed,47,Benign,945053
70247,19.736216713126005,22.69085304192366,102.45114329046999,1132.3243159568071,0.07974345522882653,0.4033920208244938,0.24796050724988147,0.2277988517247753,8.032821545444257,2.753308162173993,1.6299456791017555,Epithelial,3,Malignant,353864
71159,15.646592909547131,15.846274589351188,76.70455963675326,706.9232110951291,,0.12102688563754349,0.24280667418767007,0.1557911097644165,6.727941658053352,0.8643076501416673,1.287739824935275,Connective,16,Benign,905200
70385,19.206186952613262,22.624518565023813,121.69788883504584,1391.0140575408043,0.10816780302491064,0.33029878720708594,0.25518911041728976,0.19164170664822877,3.7677307188881564,3.2914781196423943,1.9583846612861209,Connective,37,Malignant,256798
70855,11.646987441930476,22.186361186645666,120.99065006086424,1131.5656472945434,0.10956160228291369,0.06081043007927313,0.2038921622045079,0.33453006711593164,7.775050096653368,1.6160404240258042,1.9416592031838584,Connective,116,Malignant,415724
70220,12.608374191084138,15.786145634584736,51.379280891456304,404.2933034601608,0.08282973177815414,0.037538809857674396,0.10440150882247518,0.17777018477769954,4.23066427033104,1.7372311600544381,1.6259569674476346,Connective,41,Benign,946531
70642,15.8400611965856,18.01799685833891,99.5536431455433,1425.0601942268863,0.15075314365024567,0.2496187219170999,0.44963507949978515,0.2283576863321018,6.381530857283542,3.028967168774819,1.5391380025800006,Epithelial,70,Malignant,600015
70002,19.32061477816871,23.35920664607738,126.95862068457215,1222.1491360788725,0.11153989638431692,0.19646969829244448,0.3637745140073895,0.24635045920457718,9.795983145868364,2.8924782131756874,2.20834182552339,Connective,7,Malignant,605236
70113,13.319150166027356,17.635177894075287,57.137796394309774,498.0741517509645,0.07828493180112382,0.10549240045209746,0.2052316393239165,0.11537336073628583,3.6381203219268863,1.5585435763858042,1.3680138023336963,Epithelial,96,Benign,428969
70699,12.546133988041479,8.905749681490608,60.82606056113637,462.1969415235258,0.09672422759412967,0.10858926233099123,0.012933507715936585,0.18242346401875267,4.30369422762888,1.0498793041586705,1.648171171150028,Epithelial,108,Benign,556236
70952,16.796447173341832,,99.36306251953319,1527.340233302587,0.08713337942088967,0.24233013355162264,0.3256189388078498,0.15125337893363275,8.419310124094897,3.3086334498372607,1.3871021483940156,Epithelial,38,Malignant,746759
71098,24.21010996577499,23.631570984562263,57.94112992800693,1019.2330475487547,0.06803193094128683,0.13011450426995905,0.4844956568470558,0.202570914755314,10.74721106998074,3.976881131848222,2.1070160550388692,Mixed,75,Malignant,635100
70442,17.115162281561197,27.50704585769654,82.69936255744241,1271.1716193905577,0.10084769217730657,0.2410575372529321,0.2647110452404942,0.16612057231645208,10.520343998523922,3.0634175808133475,1.7375267397774556,Epithelial,27,Malignant,468113
70664,10.091253997403145,15.214286937529453,68.40213547270058,649.6600276014914,0.11659944964126157,0.1379631711191647,0.13353951043447712,0.23065144958462785,6.956923809271402,2.116815914062072,1.2594195228676957,Mixed,100,Benign,427575
71115,13.164389280832376,11.408897906564913,91.29049356613456,691.0798793473383,0.1147539220392757,0.1618955774379516,0.03419551358188192,0.216164366382681,3.4517310455788435,1.8050059919092538,1.4481550864099964,Epithelial,24,Benign,578260
70318,18.47757032391569,22.852943877947236,103.1247688719733,1024.4782073497054,0.09145227500887991,0.2634980955252683,0.4104148167956392,0.2428933627828996,8.904584775444432,2.5528235932965906,2.501234903849834,Mixed,98,Malignant,546174
70649,14.283625727615663,24.181880822042903,115.64508458121914,741.1473763320059,0.12725145849521666,0.1649015909366561,0.1166884704808192,0.26320533231751375,7.230139859187394,3.2558309832319066,2.5868258227209253,Epithelial,56,Malignant,963479
70710,11.727154253336295,17.41697169771156,61.64649221787484,,0.08837634627743754,0.1599107701021861,-0.05000493063941317,0.2118632147176266,2.9163610034181766,2.0156306855700175,1.2410982457168451,Epithelial,50,Benign,873462
70973,10.521830237421678,12.65946639541113,74.96327387068804,330.01819210464527,0.09870107823532598,0.0400415532259491,0.23486076060322886,0.21771444878218577,3.543849829271277,1.2689816668622569,1.3082939335012325,Epithelial,108,Benign,758826
70628,18.40679050007681,,122.09747605872093,844.3893248504992,0.12600426777206614,0.08533042526056492,0.2757562439162481,0.23636481896675388,7.213032866786014,2.9075131794413287,2.923755747577877,Epithelial,95,Malignant,422743
70633,11.279398731120034,12.486853183931347,77.66268416639275,465.36384078535514,0.09225286370356955,0.1551991924119986,0.27130582378677354,0.16779757317822594,3.4466011135389545,1.3705886515967407,1.6598119213056224,Epithelial,83,Benign,698452
71191,22.595203382306106,25.09769960196845,117.8752928621717,607.2632832146095,0.12268213769001596,0.2974401106862737,0.43840445263392586,0.2523879474321656,7.299456469214392,1.7503231557185444,1.801265493119043,Epithelial,14,Malignant,549738
71126,12.74347984454395,18.258988740060854,67.66496792970914,344.73294060578854,0.07427366606536517,0.1936329382424667,0.18061368503701172,0.17554885781256485,2.8236142210440933,2.1716826152529665,1.5106309950143728,Epithelial,57,Benign,357933
70796,12.347753239892306,19.813156221782084,51.4926544097339,796.3155132572097,0.09602871314862045,0.21065021802254863,0.22004145124776472,0.2076489718588494,4.4876151147779035,1.8690114225445469,1.7396723546378308,Epithelial,16,Benign,129548
70646,10.243786343881098,21.401066129254247,81.09797942244175,188.10858775308338,0.06077651612710776,0.039183453949153374,-0.015271473928263217,0.15286762091694636,2.1839263006338188,1.2259507329632515,1.5114148518656731,Epithelial,23,Benign,496513
71013,13.911476064959242,27.828017915760064,115.98649673399119,1267.449754787269,0.1185752990053365,0.24816991909691447,0.1852303823613201,0.2351768498833372,6.9065227778706015,3.9079664899354745,1.7125257335848731,Epithelial,66,Malignant,245423
70557,21.740240209863433,20.626646427679525,131.5541599646853,1675.45308228431,0.12766925967654738,0.195944773760185,0.4920064145632439,0.2156566789028401,7.803576631278017,2.375751574632522,1.7118731932188027,Epithelial,36,Malignant,598873
70682,15.059310077875384,15.743518306589454,80.52293622993749,616.9118757165735,0.1227049345092738,0.1393933936888883,0.20997865572065774,0.08893273224915263,3.090666177121546,1.781387049742943,2.1166247221935395,Epithelial,51,Benign,650943
70578,10.67747590282717,17.257782179543298,78.85503799938847,516.4535834873159,0.06997754960541114,0.05238653253337258,0.02689642396714477,0.20679961595247262,4.096139804234823,0.9410214053854932,1.1062052234129376,Epithelial,102,Benign,294437
70525,14.149730351208738,14.369378100160121,116.39695511910487,570.4559365735518,0.08091964428337896,0.10628557907534703,0.18713531162430647,0.17066569815820065,2.290978038747263,2.6674797883844206,1.3513165205318187,Epithelial,41,Benign,104958
71060,14.345970252466358,19.975585702517147,128.08256004342184,1194.248951166886,0.10624560871512749,0.25238385300038224,0.15368242366940055,0.3137354298179741,7.84257487430666,3.1879510166557266,2.382008963297946,Epithelial,37,Malignant,188509
70541,15.464421761357091,32.21205320861998,103.94208132612575,973.1359944152433,0.12418141005145,0.26977775488935213,0.19718930438411617,0.1876260208078273,8.178342787570966,2.0471068119171587,2.3189394109585857,Epithelial,55,Malignant,440661
70749,12.300813717706756,33.64543813086235,150.34048988791724,985.058388664393,0.10929955944165,0.29978282599722106,0.45844397119887037,0.21128432983325104,5.587067237987958,3.6348742694190452,2.2697268523720755,Connective,16,Malignant,146639
71129,14.594274060890234,32.24900249839166,114.97464293025006,620.0183498705621,0.10869973047957388,0.3379402074234744,0.20257688002882268,0.18945402785275972,10.682912043994905,3.194697243542696,1.8841699626828003,Epithelial,19,Malignant,560305
70485,17.434616454300425,19.562481831272475,72.95902756346787,831.4959246506904,0.03897331063023194,0.09740544752932581,0.11560265234319111,0.1822011105184487,4.914566133455066,1.686958068361463,1.6905949713215636,Epithelial,110,Benign,888496
70096,19.271026042075977,24.96782895895273,93.32529260119668,1168.293950705538,0.12772842863778341,0.2770049576132798,0.27074601308972107,0.21920664814317573,7.8100840523384,3.929880161265995,2.3824972209191264,Mixed,26,Malignant,416797
71021,17.19677812331495,29.95508806907881,126.80009522208942,1080.4133531593561,0.11141288886209225,0.10483096918538722,0.25679797278320804,0.2061728201697443,12.608023967656749,1.9575602671655286,2.0394587923670824,Epithelial,25,Malignant,694737
70564,15.15772303550105,21.812389037101156,126.32850055975531,628.0297588478453,0.10683347796173065,0.26636875874881344,0.42922020368178937,0.21750939261082133,5.767060547518595,3.021675761852988,2.0317555002805343,Connective,86,Malignant,775302
70743,15.476414706574781,20.94551591930651,135.8769088434534,1046.8488785009383,0.09520442808236784,0.2640609306815983,0.28808823074600043,0.23267599274155176,11.501631122034233,3.598929784027823,2.183001893754471,Epithelial,101,Malignant,128775
70864,17.724841568598443,,131.44464364078684,692.3977503818376,0.12237844675114933,0.0387858344782611,0.22823017838237664,0.2258127221328341,12.64159014158759,2.588437339728322,2.759611774240656,Mixed,109,Malignant,327311
70892,11.79106704882491,20.698120572418095,66.56681172924041,377.17384673412613,0.05602409139396301,0.11835281740779627,0.11150162318030642,0.14816056524662163,3.179755440833712,1.4711501414109516,1.7308515153883948,Epithelial,19,Benign,853192
71039,9.72646395229152,19.39396896550438,91.30076689977038,239.37391848606757,0.0926364919535502,0.09202107249495306,0.1404497431751952,0.20639097506651022,3.735162920175602,1.4088333000752271,1.5621061528172488,Mixed,76,Benign,171892
70207,20.48337419245764,18.51719290384678,80.67033646511108,1225.2313296893692,0.10228652571777402,0.17159462817590532,0.36889458025829963,0.21161759358043994,9.785824756214097,2.365031587276585,2.5724024654394433,Connective,111,Malignant,174271
70393,17.597591837464954,23.001235943405547,116.92738480119992,921.5235373557186,0.08730327978806476,0.3680304811256714,0.1612567978823018,0.232367984137635,7.428413958842778,1.9848298217450333,3.078504498907898,Epithelial,23,Malignant,496199
70795,6.948262042647937,15.987892233689037,71.90902847699041,761.031192354274,0.06698543450723152,0.16446747649635868,0.2170051867193038,0.11752021151511009,0.5864547536082174,1.1776434318116065,1.4559362486714196,Mixed,35,Benign,554915
70871,11.47245352690523,23.09037027342398,100.85499775298257,903.2311840971099,0.07966605491232367,0.12325331658551672,0.11714987095568315,0.18865942982063422,4.825829421873044,1.6832645407533482,1.7264919973412383,Connective,24,Benign,469667
70398,12.128809268059568,10.827336710000925,90.10454548562934,537.8282667730512,0.11134230423796018,0.1736959120798646,0.07011800897891009,0.2304258296706355,3.8678426796622345,0.8463472939754352,1.5167589404680573,Epithelial,7,Benign,365298
70767,13.9933128942624,19.721194792221148,83.01685188052289,1000.295470468675,0.0860331443432574,0.08948473465262217,0.26750815894202434,0.20204339865508666,3.337929237214907,1.7509214210930515,0.9410988157407472,Epithelial,3,Benign,642572
71119,11.863793106066991,24.17911033128654,71.76157790756902,781.4835803842448,0.08490518002025528,0.20898135109492905,0.15405340199301795,0.15062268323502442,3.2759936920870314,1.855022029453662,1.168618318495171,Connective,94,Benign,564829
71029,13.12096001833625,22.717877951541023,95.21382285672885,290.95906661480416,0.07826561173316135,0.1368685371194047,0.10573266663840539,0.1665644239012533,2.619562524003797,2.2130114614808702,2.3981715203803997,Mixed,34,Benign,569489
70643,8.062037133830028,24.80805039009532,134.00514387737084,953.453020688023,0.10113523418742547,0.29636896427927295,0.4799568485865993,0.21459941473509106,9.947974303527264,1.6862339899168262,2.8553283800108478,Connective,96,Malignant,991046
70613,10.891607104721976,14.33408897124505,76.12567005027323,777.2911334359774,0.10496884300629594,0.13825747261130794,0.13636134855269583,0.1704247843855551,6.017332153058397,1.507093347378748,1.1315638979777427,Connective,74,Benign,412285
70961,19.559197361510755,19.417657071883355,104.6045042073994,894.0252308972126,0.07787280075333686,0.22156513801419933,0.02551857065595519,0.24630028251882502,10.83296353518127,1.974519399793186,1.7020141093534689,Mixed,50,Malignant,737555
70726,12.97398061641983,17.475921917081614,98.09881129706314,473.54275531019135,0.08116128500776634,0.18678461926154394,0.0825714861835303,0.1654762257511872,3.531575298805218,1.4345122782669812,1.8697361723933454,Mixed,44,Benign,681092
70684,15.372155112201781,26.93309561010632,149.222145833541,1075.654880356201,0.08849749196679838,0.41058298545645255,0.21617090019233182,0.18062178036780682,7.9952710885104565,3.605895782039252,2.1392074301875095,Connective,74,Malignant,757087
70099,13.339585375114847,17.34131628934663,90.77978942383619,551.9957779072446,,0.10445313655657831,0.2144544099212768,0.24375159988482997,5.556287263593186,1.2396829823981532,1.717063128202011,Epithelial,61,Benign,946784
70805,15.128115167008716,32.162386861022846,124.02939173127592,1187.048286289605,0.0719261382010888,0.3695685085961815,0.3061097349481815,0.25388960606237987,8.875566357636998,3.6502446918445566,1.8465629674298616,Epithelial,29,Malignant,774061
70407,9.695071892521831,10.551687033024795,56.700751212095305,340.84971490629295,0.0892642833341558,0.17583795717585307,0.1077125938161031,0.14657358767286027,4.209921086985774,1.2193391950062633,1.4008908890236171,Epithelial,103,Benign,636420
70503,9.372791683946804,7.859075061043695,79.66870527512634,489.402246833759,0.057038040674510695,0.19907773753567967,0.07897075911537024,0.19845662898962727,3.487908438629395,2.061298576531682,2.0224485668092975,Epithelial,68,Benign,268374
71072,12.737274744512847,25.067441545497143,113.81463954799318,1051.9380062165894,0.09587414348833767,0.30012104491816755,0.32123029793512925,0.2968353761943372,2.2632802959138,2.3979336436169194,2.3345089047808205,Epithelial,109,Malignant,404276
71057,15.111162138565556,19.804269024812804,76.55936468952868,537.8668471833242,0.08479463658060703,0.1651076939096266,0.05340335654580073,0.16579990703805586,4.061659726120178,2.026586424173172,1.2926130769772786,Connective,43,Benign,233219
70930,7.851262926698691,19.9919487781648,69.84329081179199,528.3762787092511,0.08101854013685383,0.0987552105489894,0.12605894297189407,0.16008663606200815,5.101695197987629,2.1110675932657803,1.4923745146137752,Epithelial,31,Benign,892962
70780,18.878152448630093,27.6013387937211,122.1641326774075,722.9253118607342,0.1256022545796034,0.19960281677655445,0.2727635337444875,0.20864231028436364,7.137212147676111,2.8751501223110654,2.7448135780193743,Epithelial,29,Malignant,643054
70201,21.194990268479863,16.905013102564837,112.02105410200558,1227.628150601665,0.10792303897590291,0.14054494417472724,0.1429518431179554,0.1529304974382238,10.901452942261677,3.4485137027774897,2.6449491678346795,Epithelial,60,Malignant,536666
70135,16.9634262302281,22.240876837738497,99.46927310917258,1414.8478707324211,0.13952501327509864,0.16960320948162788,0.36139306812902805,0.1905071785556483,9.253995619306414,2.599311087431815,2.1543637568613447,Connective,78,Malignant,490022
71052,13.771049655220095,11.17327481727628,146.33018253411817,1186.6250792239189,,0.26270877839820284,0.28529855345835237,0.24024671198359282,5.87230595581045,4.137085885285704,2.0048201647098987,Epithelial,54,Malignant,429017
70041,15.922051763252199,19.42353816414299,101.6372813993678,1360.9107700973484,0.1539517340182206,0.23260145814603536,0.3112742115436619,0.21206212728844726,7.280658848166023,1.5171056509303975,2.197873041258027,Epithelial,43,Malignant,789058
71018,13.74507729993271,10.657307349320764,86.27283446643365,366.7611556998535,0.0632631188638037,0.128466827774909,0.3040362024735294,0.14141418509582443,3.6184006457332525,1.4201268644707008,1.9160380922479527,Mixed,117,Benign,336425
70231,8.76709018248421,23.99027927520673,63.831412082726196,322.9198492320136,0.07931021288708108,0.14556834887953202,0.11550106864887208,0.16310328792055814,5.4118328975719745,1.5595449978502944,1.4325042034416102,Epithelial,3,Benign,394323
70379,8.936535763035828,19.049011793361103,87.49549764075589,375.52036118791864,,0.21039968176727586,0.10225713625314606,0.242881937614883,9.76572514025055,2.702078440125407,2.278473549489596,Connective,53,Malignant,548894
70289,14.892871300364648,28.981214757803954,100.40260827074815,1400.246115447133,0.10263222402889548,0.2570379072586302,0.23597713061689302,0.16312316269132537,13.804286880781094,3.755971579133995,1.9070138773919534,Connective,2,Malignant,865236
70419,11.892859314416038,22.108320802736156,76.10024112120942,651.097470317058,0.05812028094516844,0.1913561713871763,0.06198462455742077,0.19881453236882274,5.2284667869019,1.8101845274731454,1.4238158254572921,Epithelial,101,Benign,762690
70392,11.653989505478108,11.38869491611971,91.54347715671511,510.1518649059214,0.09945508879585802,0.08356832416457509,0.1308487976599526,0.15611316653431936,4.865144555208543,1.1173203763218182,,Connective,23,Benign,297659
70593,15.285865266636762,21.9056405360011,111.57742071458627,673.0105970439234,0.121156042148305,0.09937121380251482,0.1361404490964057,0.2319033661336622,3.1050710518056945,1.7163477890830101,0.9137602277120773,Connective,105,Benign,874932
71087,19.78725376100797,16.68604177584452,87.37134694939404,1392.8148164874156,0.09643725230713165,0.3277878346365559,0.19429791184812706,0.21832820434675348,4.30202700354762,3.7676310562130664,2.3010190415231184,Epithelial,100,Malignant,797638
70648,11.757602013619131,27.337879780190992,109.94166454561362,1054.1270627678239,0.14119280729649547,0.17281020694668744,0.33944266376717275,0.20725320581996234,7.012618129843572,2.7791335514135,1.618410845037005,Mixed,75,Malignant,843325
70521,13.680939640990674,9.001256523814266,117.6124285678825,122.00580033501771,0.0873628396810871,0.15050451494177675,0.0413705783174004,0.13974910515350958,4.166007414446138,2.353035236798175,1.5889977979548158,Epithelial,48,Benign,799217
70065,9.777553218035473,23.17624761950538,78.21163465601144,590.114518631557,0.09327113979949592,0.13359945371716977,-0.035838345194391705,0.13338452143734703,4.079428787065065,1.1741173066930384,1.475722331712421,Mixed,66,Benign,157523
70015,12.931618752726056,9.715599340922257,63.229093580272576,620.4525056146007,0.06415811622550141,0.048758117361558724,0.05343392126979349,0.13823649677224378,6.559701035695206,1.6479915523670052,1.8199497944128824,Connective,18,Benign,194545
71065,15.470451313896382,22.119095740590257,148.25110162228043,858.2454262403088,0.13046013499623588,0.2465942664946915,0.4518889264118723,0.11299243385290875,6.016478372417955,3.6562859240931163,1.8456633476955155,Connective,72,Malignant,216862
70493,8.767198725481332,13.979825561032733,70.94030170089164,302.4431366470141,0.09086232145379489,0.15618675721698022,0.16022161738080717,0.16775492702980108,7.379967905293258,2.646190439230997,1.5882957747106097,Connective,93,Benign,119971
70380,15.103226879448435,7.6200817654518405,92.9580748932801,614.2790531529636,0.06973083049909634,0.15817721181371802,0.23146808012402276,0.1616429570412954,4.403199138812125,1.9081974371239743,1.542459513675627,Epithelial,17,Benign,714564
70188,17.60709885121664,22.270531725530635,129.51032277550755,1244.8484415141268,0.09368240237161632,0.13660424195690576,0.14657645171598618,0.24667717815487353,8.052204323803664,2.458168454459166,2.3023056115864056,Mixed,87,Malignant,116093
70764,11.947306138059643,20.161729853395357,65.16894022370272,597.3450669014114,0.08444957935422331,0.13784854993824017,0.1746172381518827,0.2105839953708716,5.511076191936681,1.4630111678299658,1.5409429823736014,Epithelial,11,Benign,619005
70217,14.885046400400697,20.956251686877433,120.70798753443374,1039.423999251892,0.07314267361228673,0.3271402701304719,0.4391454821005481,0.24844343872967892,10.213813010752432,3.733340749240746,2.3128098600426474,Connective,116,Malignant,792529
70792,15.132454213045627,26.491820008388597,133.22054617999856,1658.754344982607,0.11856033951920808,0.22426706640322094,0.2793766432044532,0.28932170233402094,6.740311399492574,2.0709313327640397,2.3985910163670057,Epithelial,95,Malignant,565238
71077,11.246647154182195,22.004044887761637,72.01607410742636,623.1580756528972,0.0691298705495527,0.08821292802869062,0.014834748111537116,0.16922750888751265,6.909652394855034,1.2301374654195762,1.3922177659907797,Epithelial,38,Benign,723925
70879,17.835439001479795,19.715246768951022,75.41403393926339,1493.9167027252927,0.08638558200197728,0.20280871624083327,0.31376677887878124,0.1709429363323384,7.316435450968391,1.6891453150984026,2.1612200544474076,Mixed,16,Malignant,371105
70338,9.389573434774226,,96.84238240827912,564.4961757866854,0.08098921094463896,0.1683740524844094,0.08454759256407132,0.18294825568629794,4.3742697240681,1.6166959526235494,1.8016239900694462,Epithelial,119,Benign,608101
70720,12.018582933887783,20.904976174493125,90.75886696546877,1151.2615523309578,0.11879538627284741,0.2797764374669519,0.33822154165387375,0.17965885205141627,5.333386637272572,2.9165851803223855,2.6889667192177815,Connective,76,Malignant,412917
70296,18.98754682836967,21.19922518386992,102.66732880289092,1152.9980258239839,0.17215050615694183,0.22650805962079038,0.24955503156226197,0.2009775008647614,9.898534435554538,3.7708361838417734,1.6270668644014699,Connective,18,Malignant,193805
71017,12.886566702331747,20.577080764363554,141.10804852530333,,0.10395200853157091,0.3407461273323295,0.14018111289339535,0.19616381111183984,8.094370647997009,4.412001603217147,1.9398839462614383,Connective,74,Malignant,531299
70456,15.390599838746706,25.819035540658188,98.71077937961995,457.0623618324249,0.07160728286142667,0.020080922763199213,0.042773557501318116,0.20770311792420004,4.0243930520336715,2.2660144470234442,1.5822167268390346,Connective,81,Benign,287284
70816,16.012968524318033,35.70926047174849,103.9856642376285,1091.7425698240154,0.15599777497922207,0.3384486619653482,0.2804107066612101,0.21657672748500306,6.54619430320324,2.9884754013151094,2.4575059150115264,Connective,64,Malignant,289069
70270,16.02666174664529,,54.56056987434111,117.13433622226412,0.10561840575806813,0.19661444253008575,0.17864281418806,0.15852516019810914,5.262148625159087,1.2228362503188643,1.2037330208723254,Epithelial,107,Benign,823300
70996,11.987335169291136,12.270365156522635,89.4289923954557,697.1773538603355,0.10332828779977546,0.22716810716061592,0.12989508386624313,0.19414516523514452,4.940264591773086,2.324329514106675,1.3790857278588995,Epithelial,13,Benign,354553
70202,19.799126556640545,15.807869269422163,125.17315608559682,640.4189575567304,0.10506013578194102,0.30222539805181103,0.35361443116429514,0.19076417164745504,11.44373976117207,2.5168291655165334,2.8052260944020726,Epithelial,11,Malignant,993440
70162,16.409818256743733,26.40909428716792,141.37235852438948,1174.4067857991151,0.14248971194163015,0.1017466152855131,0.1840015425995497,0.21976030518598078,10.906963479547176,1.37381044265244,2.6359805488750934,Epithelial,11,Malignant,670387
70730,21.324371220639257,18.02920370582177,115.33650132575622,991.3939619358497,0.07842886875579087,0.0936548638593094,0.12637320622910006,0.25435988476494686,8.263208868604092,3.0799318583095836,1.9220822585710757,Mixed,92,Malignant,281228
70402,17.585777239347163,36.143271402654115,81.2177509205831,1116.6333949293735,0.10639173830492264,0.28502340683087385,0.2943708933629806,0.22896118112637226,6.841845267002464,4.09806293882777,2.439969589740662,Connective,38,Malignant,591339
70703,22.89168670684925,23.26980731632079,134.62767984550067,927.8632298115663,0.1335475740440255,0.2547055344382913,0.26404261341830065,0.23185949116310933,13.191397955737326,3.172080621153005,1.7924883265989653,Mixed,41,Malignant,432219
71130,14.070920656021105,9.871405376887376,94.46268160075138,282.44375707634407,0.06492847347264462,0.1570696708537165,0.11066308160858722,0.18573429528952207,7.027870486917282,2.1340773149861576,2.064778590916675,Connective,102,Benign,118919
70566,14.795806828758854,,84.32377366803989,823.9848698234802,,0.2812400135699364,0.06789850473459137,0.1227233441432747,4.863623827475049,1.5479565854349129,1.8336437056309633,Epithelial,76,Benign,365060
71022,8.757741916357034,12.694866587616627,104.79123433725319,303.9953119635191,0.08051708989840564,0.07028403368970496,0.18455087349428112,0.14983655146287378,3.0942727626688233,1.5535334213594667,1.4458770434433834,Epithelial,106,Benign,152027
71026,14.192810581857753,16.578670224361307,86.7297005360561,892.922373388194,0.09163665454129921,0.2658392931489048,0.49062273466963746,0.22807960403778071,6.810206733349551,3.4949957572895873,2.127081793421966,Mixed,106,Malignant,650353
71105,8.83557845476444,13.504022107864532,113.274004896813,999.6074244180741,0.08677123000266765,0.07840344749758837,0.17380515470868424,0.21349158756083686,3.5515343423860375,2.0495477039621717,1.4091395416284638,Mixed,110,Benign,291404
70206,13.898650392346898,13.593845421715507,103.344511932739,667.1201288138188,0.09050355956261309,0.0989601807630891,0.2518511886688238,0.16218130606585293,4.130138328743869,1.5257684680452708,1.353478070055858,Epithelial,112,Benign,328013
70035,9.369256296505965,19.746774828477538,67.54231552583688,482.11508467373613,0.06550547971733828,0.10322903939799673,0.08846778731643415,0.2209825997720507,5.116923373529596,1.9561117274318285,0.8901751935503512,Epithelial,47,Benign,765151
70776,12.93753231798056,7.5767797458850294,94.13613942551203,504.93752480178523,0.09412898366587998,0.2037239576426002,0.17969813480969563,0.144988725321241,5.016313609837459,1.8592168230311494,1.615368330425024,Epithelial,50,Benign,854253
70509,11.746319776910571,16.006575938275773,97.79691555995487,918.1394224432954,0.06968238827344683,0.20923558648367876,0.15541516191657512,0.1725076022788792,3.3389962400906685,1.3983463756204473,1.9903895504728761,Connective,90,Benign,119723
70440,11.449382526701926,14.772594821112358,89.29494677243636,768.2208730453541,0.08704147356756685,0.12356391115575094,0.14501624772852864,0.1781874234569977,3.0108094322131143,1.9806994856329625,1.2253917714469198,Epithelial,95,Benign,159850
70092,11.380429221289424,15.957196855958092,86.10360088784948,898.1985919296144,0.10474007597493035,0.0872331282316942,0.08277085610743713,0.21693725336599,4.4052911819189715,1.8694036893693697,1.5542188584426968,Connective,20,Benign,553333
70898,14.062372556365002,15.967431079816572,63.16177864243376,294.8552262295807,0.11079894227128381,0.16002927545496687,0.24145902813505524,0.13299891554869622,5.431777917889686,2.4776180883859116,1.139193129239283,Connective,107,Benign,783222
70565,12.186628476957543,18.921046800269007,84.77559409272,293.12645834534214,0.05050904113721299,0.13034748223666773,0.12905467903264237,0.15795460601291283,3.0894107727478817,2.28576088255115,1.195342339612369,Epithelial,39,Benign,167320
70777,17.306510114326727,20.537572748188776,118.02065818110272,1252.1261291978558,0.12218805146739195,0.19525056641491748,0.27956609842309543,0.21164177312415308,1.6739872785116843,2.521374375985121,2.462243057277121,Connective,89,Malignant,908293
70242,11.831377679252478,14.824451401125744,69.34501264677662,,0.05397872042715054,0.15218138840449116,0.14111728521153427,0.17964710697958036,5.376895700279973,1.6788133359379638,1.89023641578873,Epithelial,114,Benign,149113
70014,16.863998180075313,23.540098894181714,70.08659123455008,1607.391971959289,0.09989441774062034,0.17561316429268292,0.3266478872467007,0.17221882169202796,5.052557249473831,3.297233160672834,1.815639566447915,Epithelial,17,Malignant,906744
70316,13.374534395051137,24.79964905291203,115.57405370251655,639.9830365015563,0.07125837460858786,0.1574516483499364,-0.05364264247465738,0.14138765649466928,3.286687621901916,1.0005363170289452,1.5165493555396703,Epithelial,43,Benign,145195
70601,14.90715730408875,25.100485598509383,119.50516906990197,738.3229174919206,0.11620646354404209,0.30933057043945716,0.2960710990364883,0.20888191479005666,7.937848244307097,3.853725208213639,1.353622539558804,Epithelial,59,Malignant,518504
70388,14.384133881344166,23.171065771519253,139.5559997570337,1140.2626090192903,0.1545156238979304,0.21669420023474592,0.12225863630278494,0.23857197536403077,7.8653973173451295,2.5055859258919715,1.5368088964814608,Connective,70,Malignant,954522
70167,11.902755096488399,15.885624158032131,78.78612570077294,782.2454527485731,0.1048974232938697,0.1391681512346495,0.11979723138773846,0.1517156542247178,6.037229036722502,1.7808140328528357,1.3088227516192223,Epithelial,43,Benign,852754
70841,19.11073677368147,34.70531206538065,117.77664165435627,646.5115936493289,0.10080619991213201,0.276723984767262,0.2774515971278359,0.20968127900555142,5.331778966493234,2.2782328910873977,2.5413912290172225,Epithelial,69,Malignant,160714
70021,12.578605090370143,23.267016912829185,62.60569082690302,799.019686217147,0.0753576318734158,0.1548707591268613,0.23638638708064783,0.16706773277619502,4.905241301596148,1.3367186990092619,1.6855866522295289,Epithelial,30,Benign,917876
70647,11.979814058353904,10.286258176539988,97.24572993839945,814.3260280463055,0.05424953860769549,0.1575899049276105,0.0913710169938208,0.1291965285972841,1.9669361735122823,1.5970841113396328,1.0544832977433432,Epithelial,116,Benign,835351
71155,9.142211092169033,12.941245932972617,89.69674052813392,346.34529119306575,0.08455631675181406,0.12993162754531443,0.2214083491430137,0.19081076705772804,6.372645554442219,1.6749033076630184,1.5725249026641483,Connective,89,Benign,884385
70832,15.246698608932592,12.555889901517505,104.79124555271339,583.4523541052257,0.11224829659235877,0.1902820230613336,0.0264668103961094,0.18850990342877227,5.221262655027346,0.8996284719452611,1.2415240058660397,Epithelial,83,Benign,237451
70563,15.428254298657528,27.00866278287836,239.55812044027152,2678.296440098963,0.14567090354389128,0.2938828138524263,0.22707448773223698,0.21426066305295632,4.106152737959294,2.9760430242639484,1.5569537181192543,Epithelial,85,Malignant,328597
71190,20.605419213985567,31.141907841454692,140.69181437370278,791.2686891019821,0.09112645334550619,0.1102487379995214,0.21677283968115643,0.22766961712673964,9.806022919906122,3.1933423266325067,2.1608026575886616,Connective,92,Malignant,742446
70687,13.513874621451091,19.809671967634685,60.58259967712983,317.476456919149,0.10045719643286803,0.22588402943546762,0.15187071472021013,0.14625767976867257,5.175955489356985,1.4439631169738125,1.5913369984720172,Connective,48,Benign,991468
70958,9.21281679105648,17.793617821902053,56.918039342615,484.0420185217849,0.04575015719515316,0.08205388171192762,0.18991750268600902,0.21323556700417762,3.199661578373364,2.060820705865137,1.144333464858534,Epithelial,74,Benign,863602
70190,11.959986317023326,18.886073714734643,89.31881680932788,730.2557624555004,0.09461877813112086,0.17122382029753622,0.23030292054473722,0.20765030650590505,4.5113091208176845,1.1074383046576974,1.1473475060848206,Epithelial,28,Benign,369803
70976,13.367927080457957,12.638608177727182,81.61622201939102,677.0124921996504,0.07431537353096984,0.23497123976608186,0.11579507310273036,0.12022490937400188,4.294325667004271,1.8975235402761093,1.4731831914181552,Epithelial,51,Benign,333720
70700,16.694003560633284,26.480778218176948,122.7453460086906,501.4257286183982,0.10100078946439689,0.32303405359949205,0.4558772541314997,0.24707506797843617,6.025711044743776,2.7120676944017355,2.5052570635591382,Mixed,50,Malignant,768957
70511,9.594908456161328,17.67884206308737,70.42381371995691,418.79123061384524,0.09866875898901015,0.003872026431270728,-0.01200156737450396,0.20595107031220583,1.9848123280887284,1.6811619278628964,1.5094857735912808,Epithelial,116,Benign,294120
71083,19.388891451069696,15.976248465822204,114.29712841190585,990.617937793842,0.12498027927865915,0.28170531417156036,0.1540085895319216,0.18230870122457127,10.67885992542658,2.8160608616094205,2.3227817542207756,Connective,108,Malignant,151968
70475,12.086339084291103,33.157848091037394,120.13914876367889,686.8352679569443,0.1469047524932451,0.27247149126276077,0.18786571262650886,0.14188597756176272,11.458324371370882,2.287518096109066,2.7420125844573224,Epithelial,56,Malignant,474509
70857,14.294286238707642,16.745169466792287,77.20988458561855,736.0477957822524,0.07484926936391882,0.13869736271089497,0.18363230620144572,0.21762127000839998,4.37100041925025,1.7697203246872666,1.7420010472379683,Epithelial,92,Benign,151964
70748,9.535318764738669,20.275789454438442,101.51612067552242,702.0158468086757,0.10164968537558443,0.1672115597409972,0.13516658418033048,0.1841520924342627,2.7290566884043477,1.6316972149834483,1.2948806411859872,Mixed,21,Benign,381423
70253,12.843207461051666,16.725783729447645,91.95207249585599,702.7126187155129,0.0785034521861209,0.1522474669184214,0.04365066581457087,0.21166473242434963,-0.005149968550042239,1.8219145738426539,1.8986965155244628,Connective,44,Benign,269726
70022,19.163936166426463,20.894433032459485,120.78044101210806,436.13305070422604,0.09408606975684747,0.24994167469121703,0.496433708304644,0.21213311863397752,11.186832519145177,2.0230889150578264,2.250989760236452,Epithelial,84,Malignant,749086
70460,10.62786273033623,14.342593697043807,90.44098125615574,482.2587264069931,0.1315442312899236,0.2051956933333739,-0.004503206470472766,0.16413977010624223,3.7095708224588453,1.9695104956631626,1.6972210385935946,Connective,58,Benign,259009
71185,10.9534676558764,16.904947750642528,72.6421452120264,342.89454644288924,,0.18779972763735922,0.12060988155701133,0.1627053665385518,4.333803761709234,1.6229841158816725,1.4145019674747372,Mixed,85,Benign,550297
70277,11.13981902009049,,99.38080448340685,640.1217611732442,0.08740197902279166,0.18032651799716687,0.21399340932016134,0.17449517161444064,6.012348222971351,1.2706790146072668,1.46092140710733,Connective,55,Benign,934420
70956,13.737946314065784,35.73582807882469,129.71442622037776,1565.9923018421987,0.1226354889768623,0.21191305295988452,0.29564183267465016,0.1826280808238453,7.505396815578353,2.7559964860031028,2.802131045183447,Epithelial,63,Malignant,374093
70386,13.277843739574852,19.51553801095008,97.08008293660428,1241.033872878664,0.11180991619545746,0.1864705412900477,-0.07794112335271838,0.23514524007115295,8.895929945202157,2.2845129926793324,2.2829649987140983,Mixed,75,Malignant,288783
70806,15.441952415758346,17.437940443946186,63.341189619649356,755.9296555335765,0.07726505099621502,0.21263781303144053,0.15306014196101098,0.14175125591459015,3.7174656602861487,2.572337340058119,1.0496708489888895,Connective,22,Benign,171527
70344,20.689097906258215,33.7239989217608,126.96796015240838,1083.949685002389,0.13802845862525878,0.2082195726817695,0.2140081006419924,0.24718115625397868,6.540988592241206,2.564160467492621,3.1717364670891905,Mixed,109,Malignant,802436
70770,16.947057151529016,20.9317096474838,120.33399579004144,1301.5299985620716,0.09628209146629331,0.09961273238231291,0.27826109074207067,0.14673027148661827,5.095199761153624,1.7214009477355807,1.5228790271381227,Epithelial,96,Malignant,694327
70131,8.901458644368876,21.045840003977055,48.89140992542531,494.4760954271179,0.10265927662981686,0.1228719439292125,0.16545773197858998,0.13129842522652527,2.626568642320545,1.522147437607991,0.8446419187235693,Mixed,28,Benign,571784
70872,10.82694210477195,17.317291915088802,99.73830900569176,773.3400442839124,0.08663104483104597,0.15624032365589496,0.12877227789339582,0.12995514250765047,2.1839934086738477,1.5461741641288325,1.6552600337287517,Mixed,36,Benign,224276
71124,9.166947641609939,13.934204114434685,60.14576902266441,654.0254801291633,0.1023045967848987,0.033931860400327696,0.1383388090229658,0.1489650733350917,2.2769070576860493,1.5826862389927001,2.0360371456319015,Mixed,111,Benign,840374
70088,11.273879610065404,16.934934437806735,86.69673798225095,1084.1446245465452,0.08212255841495672,0.16667268148159223,0.14629739056598792,0.15044150663433367,4.2820728495151315,2.101478892981694,1.3601608450700096,Mixed,59,Benign,404157
70331,9.484121494160313,20.979284359026817,72.50546895331276,480.4080065005005,0.06691492790238182,0.0653681462927396,0.13537434283329658,0.23773723096405952,5.126012731752924,2.4457120596288755,0.9569423533908099,Epithelial,4,Benign,882146
70467,14.656990690497578,27.076949779242636,93.02690073755832,1153.5369578595826,0.058724437786847564,0.2408906494624985,0.32535084761932903,0.29461372876648734,2.421114449026584,3.248189863425506,2.2360260831299827,Epithelial,7,Malignant,958113
70122,18.793523650387048,18.728016169142418,102.63653675305471,1065.154760145956,0.07983292365639452,0.33480340612064896,0.17237548510427878,0.2720838003068821,9.86373834394206,3.8074415850236,1.9824404062370464,Epithelial,4,Malignant,697292
71045,9.848602803765612,11.530932363751408,64.74674021678233,623.1152483565281,0.10252780484690367,0.12962163851503092,0.11771355781247733,0.17789572923709238,3.9564250712280047,1.3717695447064107,1.3353928770600252,Mixed,22,Benign,401243
71096,15.817835327799596,35.17473194045489,104.93512689396638,1017.9434174275495,0.07325934872133716,0.28710391234790444,0.46016077777544073,0.20403053540673122,6.504061045573623,4.121094993543979,2.05949029099175,Epithelial,111,Malignant,542478
71131,12.675648144140526,,117.72349349495659,790.9400690559313,0.10527598740833922,0.3782896755970847,0.5281624284064367,0.25604347441248043,10.667181725497516,3.522762231240546,,Connective,98,Malignant,190098
70861,20.65817871837529,27.83815946722165,112.69159397595175,980.2432080471463,0.1169082710750264,0.14542053373816902,0.43612789047174594,0.18498256792001505,9.70348445027528,4.206262557833091,2.829964957159423,Epithelial,59,Malignant,570467
71127,16.109870509020354,27.623681615059958,137.52695064869954,852.3163854565848,0.16182536007508808,0.1711523222233707,0.5100990298542979,0.1717052947313536,9.771095498535711,4.235475071329109,1.2748124250882613,Epithelial,3,Malignant,117743
