,Impute__CellTexture,Impute__CellArea,Impute__Smoothness,Impute__DNAContent,Encode__TissueType_Epithelial,Encode__TissueType_Mixed,remainder__CellRadius,remainder__CellPerimeter,remainder__Compactness,remainder__Concavity,remainder__Symmetry,remainder__NucleiCount,remainder__CellDensity,Diagnosis
0,11.337197600883028,370.6051515006567,0.0979258141997323,1.6292274015427588,0.0,1.0,14.854871899475857,59.33635429903,0.2328156419649202,0.1094466720303646,0.1394079035797499,5.531568560189129,1.812281466548036,0
1,26.679392400931835,658.5871241671015,0.1198182735095497,2.6509724287564,0.0,0.0,19.35977714935428,107.34813234225244,0.3915080182877829,0.2335042860620421,0.2073774429588101,5.654140900168709,2.927512668111234,1
2,21.8409611270541,557.3854177472617,0.0876193733751792,1.820824129419516,1.0,0.0,9.232709270847426,104.91640867845072,0.0516519840365664,0.1367792812228988,0.2164423266449259,3.551816090241101,1.5340192713028808,0
3,19.105715840281945,824.0757426479236,0.1447360783379448,2.9315872412177377,1.0,0.0,14.982411448857414,106.67579572320822,0.2725120177536765,0.0545483728465878,0.1685333073538982,8.49060594734624,2.619901452928321,1
4,20.360518618113453,682.6517219903774,0.0920066245856811,1.7871582045789247,1.0,0.0,14.029214214305918,58.64009225455982,0.2586573740252182,-0.0297226648811959,0.1655765327665843,2.610341650816326,2.398892968973621,0
5,21.060045148098173,772.3180971432329,0.1094365877669831,1.5532549860731182,0.0,0.0,12.775499440511677,75.63778080938619,0.049432215153939,0.1263805934855594,0.165441263133265,3.660267669956232,1.6506561007918743,0
6,24.45060567998928,1556.3879402709006,0.1058188023815206,3.647642614055585,0.0,0.0,15.41199423129266,124.90759630656974,0.32998078260844,0.273563957332843,0.2701574698466504,5.419644750107889,3.1183596189716623,1
7,8.643579697059106,964.1090447163008,0.1080113961147139,1.8094193405759624,0.0,1.0,12.958625641587451,81.36951756589502,0.0833599643935793,0.1409843158332065,0.1460364090448731,6.221974772588113,1.4386067401696965,0
8,29.19676459229071,1204.6233820589075,0.125153796788384,1.8364706041046064,0.0,0.0,15.696855446741395,104.2888584060241,0.3030505862417036,0.3818975153745124,0.2637061298004591,5.091302677932252,2.5983552770908824,1
9,14.760542546539952,1017.0456958637608,0.1002087155517805,1.3953664052133363,0.0,0.0,14.65491307523224,63.10290312880164,0.1435998880941738,0.1316013397653736,0.1617079255028599,0.4294296637797936,0.9359215416607362,0
10,21.784550056910625,1001.986703943582,0.0801511444488691,1.880360163343168,0.0,1.0,22.848973550329703,123.02928283733988,0.1410594211350967,0.2922033670700517,0.1872609267943807,4.2910693795019705,3.000309818729682,1
11,20.03225594970893,480.8126790718359,0.0772034458101405,1.685950211663428,1.0,0.0,13.14649581312992,73.3328370021346,0.1534353414587026,0.1372267743876748,0.2121628604460778,6.093041607674944,2.4750469616726183,0
12,16.29479249399952,1004.110431035284,0.1098315960971474,1.9869455845476276,0.0,0.0,14.969320819811886,146.44310959805432,0.3333400602067163,0.2285861411816218,0.2946872615995909,5.919291433390983,1.9563778356613937,1
13,14.834819886890292,1233.8748584575717,0.0942889902659601,2.059245033213596,1.0,0.0,9.92911296772847,84.11561734628586,0.1333089729082373,0.2006724299931218,0.1534477206274539,4.204467380743166,1.5097050995763877,0
14,20.360518618113453,726.491036109421,0.0724806271280839,1.933398570491362,1.0,0.0,13.301403927381132,70.74382686184344,0.1094071714920048,0.1238264085572406,0.2031533271141257,2.561236855609999,1.8974731126806008,0
15,20.36812110526787,299.98731566642266,0.119115830361139,1.546226409901655,1.0,0.0,11.786707273250297,73.34885490172178,0.180157593452953,0.1153340321930554,0.1565457430703325,6.975930681422177,2.441285994614788,0
16,27.812279837765928,1211.9212498374588,0.0814209848489979,2.7067711178400167,1.0,0.0,16.644007894782497,108.01409063589556,0.1639186350213057,0.1193492221831196,0.2314639773370937,10.688581793255942,3.485601246644875,1
17,21.226762548048875,711.495248996573,0.1150263746827642,2.6814465871025,1.0,0.0,12.344117984540745,100.71007817393804,0.273128499709142,0.0765166460499146,0.1764523702182594,8.627855883291753,3.853015601891664,1
18,26.837833017132017,1303.0103094293047,0.123227877714093,1.840200160905064,0.0,0.0,16.56223917444872,106.0733584246563,0.2714702252056052,0.4651750664876103,0.2218299114588047,6.261753856718721,2.865606482428716,1
19,25.71616143106988,770.9344712312069,0.108800501652036,2.515880350191915,0.0,0.0,16.66802373922465,150.4538332179983,0.2304268615534681,0.3454094788831608,0.2470065717153844,7.127243359400922,4.5694029353339705,1
20,13.362732405676647,840.1184732728507,0.09563692073188959,2.345014820277127,0.0,1.0,12.562011688239338,111.82697633061976,0.3425555892311058,0.256735110458903,0.1844524063742478,11.879257482494427,1.4923413761417572,1
21,22.09431970221914,1217.0807399454598,0.1021669781793092,2.734367940607345,1.0,0.0,17.425370317117224,90.09931081497284,0.2453920813534134,0.419118467688524,0.2237113617529583,5.931228318689192,2.37134489429048,1
22,20.360518618113453,841.7603672447696,0.0827947436827935,1.1619873124954578,1.0,0.0,12.92221341923951,54.78657375880264,0.1284136602007079,0.289954305608693,0.2585564368548732,4.935926976814899,2.197582888768279,0
23,25.15170936863724,526.5457771278618,0.0502634395679608,1.7852530798020707,1.0,0.0,9.048553324970582,101.88533522437834,0.1472863224326415,0.126647475802408,0.1691495473382121,2.113355562157407,0.950745040502009,0
24,20.07221989639929,747.7867441638283,0.0804661258854288,2.2545021370137963,1.0,0.0,24.136940710505726,86.78400612745888,0.1936714319737412,0.0732615180551814,0.2655035872077613,4.9703643782037465,1.8276798255777733,1
25,29.348062748198487,860.5011941743554,0.1356159956207679,2.1949852325774124,1.0,0.0,19.919633151703547,115.2219044063916,0.089730372493991,0.3401956473165238,0.2515424223245413,5.536975303448097,3.4154345304985743,1
26,25.178467786563708,850.7417708605409,0.0705427609756365,1.1465074169354368,1.0,0.0,12.83890540701687,71.0475621782643,0.1685184713078093,0.1924732175973712,0.18609959618832,4.171408989893025,1.273110822685009,0
27,22.550885103064623,1015.8316134854643,0.1166749024214427,2.067847085775905,0.0,0.0,13.65147435042965,119.75522329189786,0.1895695297893653,0.5126398415963536,0.238405201177539,8.644630957295611,3.0328887936921287,1
28,16.735946737964852,725.2458891067416,0.090926501118868,1.2574859559804727,1.0,0.0,12.203757080183324,79.08155937197034,0.1321447988247292,0.1308358771041292,0.2374207072654878,3.748274673482853,1.879488840519707,0
29,29.69032285781877,195.27944195608976,0.120560127070798,1.7461967244568404,1.0,0.0,15.203972617585272,115.38411936007384,0.1988850082560213,0.3619178560087891,0.2394220854192089,12.59143158507226,3.6582434235514656,1
30,8.882654768093575,383.3142109020887,0.1249686511873814,2.2560323726466502,1.0,0.0,10.702910808609468,82.12298198224549,0.084722190519435,0.1650825244935014,0.1724180539704744,3.7489070786078176,1.9032848400722848,0
31,24.690975056689588,713.2584781025064,0.0624034381218949,1.7498736028576227,1.0,0.0,16.51501893554382,110.32589976583084,0.0634734214980647,0.3449505235046604,0.170451755377038,6.886139366582388,2.171365227426322,1
32,22.48788913158033,813.5409807551849,0.0999915570431818,3.501045332427543,0.0,1.0,14.685470381757712,65.76040588220167,0.2399304942983242,0.4027869235601133,0.2661875332530919,12.8293325116744,3.0354571749368007,1
33,18.52300302754908,814.5364941059698,0.1365547826906797,2.7189106954056323,0.0,0.0,21.113311430562867,113.11163475727903,0.4057150245728052,0.2820141886501421,0.1914052012170592,9.50709246486127,2.9408574517146726,1
34,26.60812918133556,520.1105591671268,0.0794642875395231,2.1145205542194243,1.0,0.0,14.936092135888098,134.45822140736473,0.1976524768366014,0.2812833907855133,0.2370346563174984,6.611058082804487,2.9687457808645576,1
35,22.67646447096452,1142.2591213256535,0.0874920772970478,2.2470066334634837,1.0,0.0,18.196960698412617,78.21196831626543,0.1327930968129257,0.1744236646389542,0.1763311092801364,7.596958486018911,2.860127161954639,1
36,21.47609846443794,1048.3922949300943,0.1331967191368803,1.6715596735771037,1.0,0.0,10.09204982585108,112.15503142720428,0.3077628412303908,0.0106533176472382,0.1789454391414978,8.454380769555312,2.1936891434317496,1
37,14.746272402888655,551.64504369418,0.10538863911789,1.514691981959407,1.0,0.0,7.039459959977511,75.04745498088589,0.2532305694463418,0.3038413374564063,0.1388946471156016,1.847364808228324,2.7173591122480936,0
38,18.40781506265673,328.3172962575926,0.0872591597406793,1.286992725988728,0.0,0.0,13.065921155966665,78.62156561876468,0.1511705409328259,0.0585698244593407,0.1322969595662147,4.564329245683378,1.9086778970559852,0
39,29.64165613595933,886.7929182907839,0.1246662392584667,2.338337438132014,0.0,1.0,19.95746523856568,121.87735626295874,0.2442016210765312,0.3688159537498013,0.1904725448772168,11.500674538782812,3.785788352342271,1
40,29.69032285781877,195.27944195608976,0.120560127070798,1.7461967244568404,1.0,0.0,15.203972617585272,115.38411936007384,0.1988850082560213,0.3619178560087891,0.2394220854192089,12.59143158507226,3.6582434235514656,1
41,28.75406639087284,1082.5206445905242,0.0963611849315778,1.7006358991679578,1.0,0.0,16.65774208068988,140.43048295307878,0.3151144718064508,0.1689653211473257,0.1107394984805832,6.034673409543482,1.5624240759315875,1
42,16.28614560907062,782.5864263061542,0.1088816234896195,2.236534362024481,0.0,1.0,14.207858567926504,92.3687478690734,0.2829705390281949,0.3933528379116304,0.151792200168259,9.251983378067598,3.0772202609688937,1
43,25.960406258789934,974.5099565444629,0.118153971597894,1.8059847328457408,0.0,1.0,17.55805370888961,97.31014362678602,0.2530895718500449,0.2676366024980688,0.2168618020225328,8.205220626226359,2.132336327408942,1
44,27.138574264936207,662.0877105860014,0.0771534951978365,1.3817036222748778,1.0,0.0,12.83147035566654,64.59476617657583,0.1082671179693211,0.1920967741275197,0.1858204470584323,4.675173761372798,1.730127292766252,0
45,15.395963520461637,1207.276676521684,0.1020981660289565,2.679244866414337,1.0,0.0,14.385183070228576,153.99950081992202,0.1533822656903936,0.318685932578709,0.2038509335721074,6.338734658076174,3.648715665660439,1
46,29.33939330035915,782.5864263061542,0.0881864155806122,2.4324790210574765,0.0,1.0,13.441110790366384,118.19216494801664,0.3867521762966667,0.4769113958950727,0.1676700549388831,8.049132504621351,2.676491357852917,1
47,23.20561395883836,898.2477130254503,0.124783689547716,2.8207273545603115,1.0,0.0,14.135282924575568,129.57637275319271,0.1707395359276744,0.3212974751659349,0.1650048677843501,6.577286673799141,2.884000520180473,1
48,13.002159027635813,606.2345987530899,0.0988362784639609,1.5078331058865555,1.0,0.0,10.702351710463658,92.08476549340509,0.1345495863945999,0.0328654051873232,0.2075309890536726,2.430482597865676,1.6087265924314933,0
49,20.360518618113453,491.4000376910474,0.0790990785559479,1.1528015192801533,1.0,0.0,15.032536551473695,75.77528926617603,0.1581978135139204,0.0102647747043546,0.1744103525259847,5.177732286924599,1.6326682145435836,0
50,19.62290621574706,758.5798988597663,0.0607062994606148,2.113577587521663,1.0,0.0,15.527988875659643,81.51841591752341,0.0968229033579107,0.1975406765609319,0.1887558698002932,5.90587090788299,2.044044499833773,0
51,16.600079659144075,532.8528094282061,0.1019115214989415,1.2409275194981482,0.0,1.0,11.405711135392492,72.07678977725327,0.1964910260218356,0.2400754560062523,0.1361021695573978,7.10398703170913,2.0636072420075573,0
52,17.742419223837693,475.240247796124,0.0861787274702298,1.4326155486190255,0.0,0.0,12.942801042686776,94.23723742512269,0.1739581103977437,0.0555909044221996,0.1499725130882315,5.34355194977685,1.739256934733508,0
53,16.257192339784297,535.6184676689068,0.0918643284607885,1.0178187313181088,1.0,0.0,9.454243312653167,65.98768689425687,0.1396379170355215,0.0607693219149156,0.2271555473067077,7.884469522503318,1.327820204727301,0
54,23.778401709311105,1231.67976915269,0.1200659989248,2.327059166470649,1.0,0.0,14.25116069156682,123.42169980439613,0.3357893036683191,0.2906277384809181,0.2294057238259295,8.796356909159892,1.6904583955461725,1
55,33.18742163531482,573.0451411323418,0.0987027007694289,2.237599113359807,0.0,0.0,17.370593189712093,156.9746470810085,0.1996272896997941,0.2063938401200172,0.1770064191709706,7.32746667787948,3.789501124097447,1
56,28.634593561805083,1064.1544672714094,0.1249143086220887,1.6166846793656937,1.0,0.0,14.63849896766817,127.02515924087272,0.2985935529823287,0.3977138021508955,0.2003226548279801,5.211703173135124,2.7092515035280766,1
57,22.396035731299605,1147.6669410501866,0.094463164882138,2.444935276673884,1.0,0.0,18.167414267804347,114.73334305927077,0.1906670851922156,0.4731781620981553,0.2369903199028021,7.767531792439369,2.939643699036864,1
58,16.52179352899163,684.0000772336138,0.0879200430408068,1.686317823092208,1.0,0.0,9.151617326337716,81.5038473056774,0.1448916352073629,0.0830818793152394,0.1245002621384823,5.579593359633533,1.4508947618788754,0
59,19.265971318498185,775.2140090369378,0.1130028156024924,1.074844374661567,0.0,1.0,11.153921044085884,57.408667324097365,0.1971682823938836,0.1429207613203342,0.1692529194091154,2.9241121561299224,2.044237075515907,0
60,20.9355899254493,838.8676010742101,0.1327362403297484,1.754281390338555,0.0,1.0,18.28605182582045,136.69655480312215,0.2313740591260615,0.3552253563411173,0.1507768490655589,6.597451057636006,2.743938229594201,1
61,25.773580798038623,1440.759623847343,0.0839325647704178,2.2982955227759585,0.0,0.0,16.152116164748485,67.62617586295683,0.2989832692434028,0.2017271582097426,0.1914432783871255,10.1625931799665,3.3058973492897734,1
62,11.730545306025816,1015.635979369902,0.0739546377091548,1.5322931001408584,1.0,0.0,15.176391334320057,69.47374336803821,0.1472019076539659,0.1257321915429572,0.1563169545285066,6.178953000215053,2.9687059015385158,0
63,14.61130730585236,692.995059706431,0.1129440558627096,1.2534137683015203,0.0,0.0,11.101877096480624,88.8921835225143,0.19649517347281,0.1618402118728269,0.188157531760728,4.838906504121234,2.795734469941235,0
64,21.03275809930699,640.2590234549277,0.0798664994555478,1.0578264011015523,1.0,0.0,14.54578405426178,98.16051879721276,0.0880349827761068,0.0572666564124229,0.1246951946579278,1.9636645803168775,2.7267715059959263,0
65,20.180619497027497,434.6500101202302,0.0887335705293058,1.3791454552994469,0.0,0.0,13.336746425798186,51.06977847705737,0.131702446076405,0.1595774359934637,0.2058792867008294,3.3905136580464834,1.5391145372045891,0
66,25.386006614756507,1343.909350000627,0.1027748611614033,2.150716703814564,0.0,1.0,19.64214817445157,96.5156207203997,0.1800150576035274,0.277779116385153,0.2340614407405441,6.870080379516812,1.7781295554861565,1
67,18.83152256863309,571.9285681810043,0.0925482293259042,1.6985099211146588,0.0,0.0,12.056957455144522,76.47851972841774,0.1246773691196496,0.139271156651204,0.1662855397221319,5.86849381365856,2.0061550970167668,0
68,19.569001880160872,1275.452848784745,0.0766459811062693,2.309857159398737,0.0,0.0,17.65832566647817,82.02048324217394,0.1954784840031076,0.091647978885907,0.208363335585814,9.477172226194693,3.95028636793676,1
69,23.82999860392508,1072.507366764709,0.1278046664406759,1.606350057420543,1.0,0.0,18.8862646118848,130.08124254462248,0.1559148769769877,0.3634665668693953,0.2121372701062173,1.3549940360761337,4.402747397170569,1
70,20.56907668683518,475.0992352331834,0.0926256241935973,1.797739258523403,0.0,0.0,13.21268174668188,94.70394429082523,0.1958433526465741,0.0174213948189931,0.2237696399297734,5.270431462503395,1.7039477217250525,0
71,24.974423572939852,1074.0798014190295,0.1147682681651778,2.1605275720937183,1.0,0.0,24.389910483439785,102.0137924925922,0.2346754336672626,0.2126148952803076,0.2722135295790031,7.540828989611955,3.242003397645035,1
72,19.00762643169689,450.2594559693589,0.0676700526771928,1.471372377722496,1.0,0.0,11.743337966080572,89.89478448165875,0.0223986710725905,0.1382273155144467,0.2001799501889804,3.715685278562488,2.717790218928042,0
73,18.734712355509224,810.1335612148157,0.09563692073188959,1.99659654712388,1.0,0.0,17.075620308595262,120.93102642862613,0.1651940649404203,0.2411430501393254,0.1989066391919734,9.051308903209051,2.6329626419472243,1
74,15.493819044791325,558.2458409515278,0.1106887044633419,1.513254148094809,1.0,0.0,13.416854262502772,44.110877777041054,0.0697887095244954,0.3244450809816787,0.2100124714588255,5.115097350467314,1.3734937183320874,0
75,22.78435766113348,571.9777248375943,0.100232473154305,1.6213646366478438,1.0,0.0,10.017138562218266,62.16466911161024,0.1749182844842403,0.2664438205315377,0.1379417161284499,4.415068187041688,2.198884460652386,0
76,30.666272896313664,782.5864263061542,0.0468137657485581,2.0633378817521573,1.0,0.0,14.991173796732824,79.08017037180568,0.2868713312356746,0.2215422441124188,0.268794135542703,6.9040355632853245,4.268956383705898,1
77,32.05957013518054,1187.676945939431,0.1129614887184805,1.987753389311592,0.0,1.0,15.5338931531467,123.81039212761831,0.1345442516238089,0.2661173313157311,0.2152965990621453,8.082604347828632,2.924927297219944,1
78,19.98250077159417,291.6027933697269,0.09563692073188959,1.47401419255953,0.0,0.0,10.945525277870052,109.68929608252196,0.1788143445555393,0.037567097546336,0.1617007727208372,1.2937410181079216,1.2877066534272574,0
79,10.678522112903543,321.1761417978352,0.0424627769012578,1.825869985262098,0.0,0.0,12.428877303727411,81.83841198241788,0.1289890608946512,0.0165602654438436,0.1769728581140079,2.333787064366684,0.8156304647477621,0
80,19.19834123173539,335.7369967821522,0.0715606268973353,1.3060201117382135,1.0,0.0,10.159208006487034,80.86026904969522,0.0646639833684929,-0.0034274411439968,0.1696223366405628,3.4116079644635504,1.3241828398425737,0
81,16.92405898085683,647.4499517940413,0.0546213124763353,1.76082791345087,1.0,0.0,12.226174326611272,98.78743593725,0.0911970332822808,0.0796857124217461,0.164293537359466,4.533609411434321,1.6753261497532643,0
82,11.438132036842644,447.2755017900396,0.1218035100606391,2.2861588460026314,0.0,1.0,18.05283647109965,128.17870709707367,0.2117392279704656,0.2455261747377944,0.1333234894211486,9.17907603001963,3.4176564969697454,1
83,26.936476837209675,520.7884046645302,0.0826930458992204,2.221603819817352,1.0,0.0,19.596525996611,104.13053785492914,0.1798625099814389,0.3737524537806767,0.2100250732734567,11.50788712258617,2.98630288351654,1
84,25.984811001696794,498.8711806309824,0.0785402304723736,1.21540013284698,1.0,0.0,11.694326580549022,91.5503373069606,0.089107700877388,0.0618712489206593,0.1440822588852371,4.6902957475226765,1.953171419685216,0
85,15.452505756327575,678.2440067442711,0.081216185045863,1.2234018293520157,0.0,0.0,10.321392471417958,67.09239123349676,0.1392263217768403,0.1258326648413901,0.1196855336750169,2.8481002801044286,1.2383373062916916,0
86,17.633896865024646,445.07180170125633,0.1077702562132905,1.591513705909664,1.0,0.0,10.419764706199762,76.41602267814318,0.1189552323881956,0.1553663358150409,0.2095120373923091,3.3959036816294184,2.2794653442847275,0
87,24.02491885995855,500.97235031764535,0.0804715730135158,1.7037315488242748,0.0,0.0,12.510742631081484,70.38972509753599,0.1184835578623729,0.1101990830451687,0.1210326923181389,0.8741402061867958,1.2797675805614592,0
88,21.362027607527946,3028.050802278597,0.1011324513917014,2.7840480042807885,1.0,0.0,18.546628133176824,134.18427303627314,0.354267126798814,0.4378705004242783,0.2359701799908504,4.260989555148206,1.7117775586131356,1
89,39.258426136129074,782.5864263061542,0.1109299549234067,1.9481964402686416,0.0,0.0,14.96896111162221,143.29285334990695,0.1475945085694911,0.2235176551543632,0.1904061030747265,11.267634769508554,2.08272722276303,1
90,22.06591915988561,788.4466258568514,0.0919931138294698,1.518375224146309,0.0,0.0,13.141060781783276,71.15914107724336,0.1863977950165227,0.1595288590145839,0.1122331394668939,3.5100498970936167,2.258649248304656,0
91,22.00221876695163,978.5041734632682,0.1110947911965777,1.6894157492709596,0.0,1.0,20.36085735102701,147.36384978878155,0.0987760969520069,0.3398594108752675,0.2140883599896523,3.2852118175237965,3.609519541437087,1
92,18.805322603302717,542.4559965670394,0.0651031207354289,1.216497775065588,1.0,0.0,7.733264846104408,95.5619165526346,0.1678791996635402,0.1826847110838085,0.1618626578744975,4.3903056840646215,2.267386721955324,0
93,22.41564818216881,154.25083412464048,0.0780425496537833,1.845296618339522,0.0,1.0,17.181095790870987,132.91051074833948,0.3018587577475742,0.2858162873486607,0.1829841405210454,7.507331243473841,4.066609625025028,1
94,27.49956887505138,1039.5106218582775,0.1013614314645627,1.970398787845231,0.0,0.0,12.375563661197983,118.0668953520423,0.2572902092397851,0.360650418983712,0.2160723885526204,10.18778989136122,2.9202631435012023,1
95,15.834348698838442,996.332588965952,0.078066622701331,1.2598265859441504,1.0,0.0,14.589076990851094,102.97463699223556,0.1514493675209264,0.2472379438519745,0.1898533543873787,2.8877827303809034,1.956926665716769,0
96,22.563290470926205,1455.2160625423558,0.1185308592920856,1.4663046431526536,1.0,0.0,16.916832152962332,121.93395257003328,0.2701003886241154,0.3906265062330102,0.1756072218267046,10.562621273751386,3.5344679103708936,1
97,21.972688142350336,990.9473014175876,0.1330944463160994,2.4951035475190158,0.0,1.0,17.857881128501006,133.9616877487218,0.3192131645401792,0.4519667095251887,0.191593201258283,8.920184866427695,3.3156501279761748,1
98,18.09659441947315,1160.262927947984,0.1358249019774097,2.731943667347513,1.0,0.0,20.067893973787825,127.49164618634488,0.1964050281803315,0.3022584932513853,0.1752155865302405,7.339667506222825,3.3829003053512285,1
99,18.02028207341565,931.3871004902348,0.1068606103017479,2.544736329726421,1.0,0.0,10.505981789897412,130.37296175936396,0.2102739119476577,0.3081261416150271,0.2261759808371265,4.449162168086317,2.70837734558782,1
100,23.50659779411066,1276.905327060589,0.0902308321686237,1.6898263760992331,1.0,0.0,21.48831684702965,103.44771564270194,0.3470469644893139,0.1500558503259291,0.192490976984526,11.844424884717782,2.2414976017967896,1
101,28.517603667482742,983.6211688421392,0.1150000166457915,1.8485465772657903,1.0,0.0,16.453494616691206,94.35042064210256,0.1109439493776697,0.4340507467151122,0.2410377231494735,4.350109788380726,1.318697632009711,1
102,23.51069969569789,481.6575903086851,0.0764626150152476,1.7871582045789247,0.0,1.0,14.760516563508116,109.72286400624004,0.1286536802094255,0.1209084571004496,0.1627086781206576,2.509314082993681,1.8490538874706184,0
103,28.183175428025617,1113.416883589411,0.0988703646960438,1.3295566585725365,0.0,0.0,14.921754927520148,132.13992489832526,0.226859348282408,0.2552092633845197,0.1975869817068549,13.376826721240125,1.4906866989165644,1
104,14.213555736873142,1074.61763738913,0.0789121081918977,3.012843367226904,1.0,0.0,11.505116015967984,114.42896030928635,0.1873201601023683,0.2592894765289265,0.2169411210453798,9.450558124130977,2.464772639225232,1
105,26.568209083591945,1441.2348632409946,0.152422245489516,2.293461005755596,1.0,0.0,21.033877228589944,106.06104544834668,0.3871782114138842,0.2417528774667804,0.2172201853555634,5.72409418141707,2.8149898451464157,1
106,27.646487871638204,935.5188577574468,0.128613240207535,2.9250560910664785,1.0,0.0,14.268564601279357,134.47810239986455,0.1819931180492927,0.1486052248108773,0.1820803351784692,2.7210705794664136,1.808875084053492,1
107,27.914786623924076,1214.9737635130746,0.0897974588618572,1.7252744603932224,1.0,0.0,22.771178035012458,124.87032070405758,0.1653247620692683,0.6251857332594012,0.2627079072788953,5.565774551395395,3.649640595041578,1
108,19.821945842350186,455.2206533519736,0.0939061378359417,0.8584746229780462,1.0,0.0,12.345838793141338,75.29653830544153,0.149745309747186,0.101999459211455,0.1547063645938854,1.986000605122268,2.153178381197644,0
109,16.056230621250055,452.1158175675836,0.0953591570996203,1.066260029326097,0.0,0.0,12.509130173328291,70.94021211176185,0.1545508284237501,0.1152906013994374,0.1742744201918026,2.031753805216906,2.3457378744058897,0
110,34.59997853353017,1209.574828613283,0.1652346781475729,2.6022274649335317,0.0,0.0,16.939017283484798,101.43695077604882,0.3066404569996087,0.434712308604862,0.2545284130017687,3.4797066989498155,1.455063062858846,1
111,29.312783131037637,865.877999626884,0.0615402234684446,2.101839101383266,1.0,0.0,15.21043274017192,81.36542929342332,0.3704518282354797,0.4583045679393763,0.2736489279907296,6.29541030610886,2.6109678388107733,1
112,17.560608771758602,532.477925316594,0.0815151568718668,1.5971130455401352,1.0,0.0,12.277500108846043,57.115731075526256,0.1657364485808152,0.2216833565617905,0.1666457215299268,4.9374446091903765,2.376840549679998,0
113,26.22204922970901,830.6706088963737,0.1333667539525133,2.843808392433663,0.0,0.0,14.693876917334451,89.18113499349566,0.1513784225672211,0.4087396979155308,0.1977274881563863,9.627092092214706,3.1915253123765748,1
114,20.11279415175331,693.6059768463681,0.0669259763543479,1.3798841670059432,1.0,0.0,11.801269500871015,87.54195941788366,0.1611247228715679,0.0987540827062454,0.1432169527141462,3.97392890061754,1.0627114722822577,0
115,25.39421841913553,755.3421150278859,0.09563692073188959,2.316698937106098,1.0,0.0,18.970443015453743,128.9075447280346,0.1534440513345643,0.4417309212222958,0.3043960085324337,5.384376175297456,2.491705910697959,1
116,16.93458551634384,1193.3517119403632,0.1309364300589628,2.31108263619481,1.0,0.0,14.026358903260912,107.90462957682472,0.2328744669293147,0.1937011693349136,0.1093107849347865,7.329797227786255,3.515645482297503,1
117,14.47281989128425,500.5609408461661,0.0840431234969935,1.200562195472275,0.0,0.0,8.447153903109529,109.95920753426972,0.0943177511171029,0.1777929599768336,0.2062064867278057,0.5736860360705989,1.6065568494308964,0
118,18.752978864426986,1400.83912656873,0.0848633001941939,2.348257786520344,0.0,0.0,17.06539576445263,81.95401423275713,0.2336272231632691,0.1327568071825779,0.2162636602154583,9.36597191077315,3.253085608060185,1
119,20.91281282692156,816.3463562038071,0.1023116832676363,1.5524272382645814,0.0,1.0,10.205990879312903,95.42915466955068,0.1985574448546768,0.1435356647465829,0.1541946249829512,2.7003676451764704,2.6071489290949077,0
120,10.037092564199249,603.1609407389118,0.0802901004512357,1.29645485370664,1.0,0.0,13.686442124389794,83.28147105177156,0.2314927110268706,0.0743663566180604,0.1870033240644663,4.586243827299058,2.0509339684179464,0
121,10.95944763455048,723.7229980306183,0.0774702504410537,0.8635448012130528,1.0,0.0,13.896768265286967,62.861070957691055,0.0881377946945234,0.2223245105930542,0.1870361108701262,7.389148202647925,1.62250479976991,0
122,20.007572965274417,1124.2881559354191,0.1049696130526977,2.7602415007664742,1.0,0.0,17.642752411108738,151.33212327110945,0.3458395824328897,0.2388178610337956,0.2303989896283358,6.283242487525391,2.758560194841801,1
123,13.133554152215972,561.7807534664237,0.0640177010742922,1.0253902267295534,1.0,0.0,15.29134047943793,84.79331151829815,0.2095791238772254,0.1673126399285835,0.2427728899416475,2.212065270032388,2.3647161589065533,0
124,23.95545442862876,632.037569976991,0.0878146145575791,1.4780957372716306,1.0,0.0,14.899358403631792,149.00858592918186,0.2417792595161087,0.3568077519677475,0.1259558863898829,8.689158641836295,3.309189346762646,1
125,17.52516463401881,712.2790014221166,0.0739207147001145,1.5569929323824478,1.0,0.0,10.69363168589064,100.1303412648987,0.1753658180829391,0.2612434878187374,0.1921457754764182,4.535309969976837,2.7076050280187696,0
126,18.690882234265228,665.2133482029383,0.1264637900501002,1.834087458215403,0.0,1.0,21.84626967509787,100.50463083509052,0.1836106050718991,0.23877646246933,0.1963095894037431,8.291297258926999,2.083117722160563,1
127,12.513605335317031,592.5248328897312,0.0756603909768456,1.232006030404074,0.0,0.0,14.172945779217535,74.3321766682266,0.186711699778255,0.1936444744165754,0.1656919515698855,3.804915795344284,2.3987013056992748,0
128,16.593635078585308,544.3045019252755,0.0599808685470911,1.0508722204104803,1.0,0.0,9.54831525667469,65.2659011978277,0.1677303191376948,0.1779670535345981,0.1735853865622011,4.552490497981967,1.265011522688054,0
129,20.171265176532888,1479.630325805053,0.1642190291980356,2.1926075922710613,0.0,0.0,15.960609256245784,86.4964447099859,0.1749300256839738,0.2058277968856806,0.1806013060529312,5.865462333220405,2.644099443750536,1
130,13.29465464735252,548.9757407519213,0.0739880742286206,1.5608345605142306,0.0,1.0,13.195621926603488,88.91789190451942,0.2814736127709661,0.0445660319553021,0.1550561851935472,5.366744316819469,2.5861699381872603,0
131,18.034356919543047,520.3973267479817,0.0831756944130913,0.8871387282237192,0.0,0.0,10.59221230900672,83.64434528197027,0.2381111373690089,0.0281840660491777,0.221119213151961,2.859647174795203,1.624228541775794,0
132,22.921091750540537,1305.4105923331044,0.1323052468202496,2.3946770423018005,0.0,0.0,12.266497319899832,103.26942013814728,0.3427611168803361,0.4649326457644316,0.2506152608953627,9.514312402104306,3.3034860978918754,1
133,20.8761292580784,968.6301022011504,0.1067127047002693,1.9860589930953971,0.0,1.0,16.561847266636722,89.66206574146813,0.5015953857800568,0.2339630161811301,0.2349840207289622,6.15463982790231,2.7476235875114856,1
134,14.718350681642551,324.5194599862392,0.056573446406215,1.6596145150930188,0.0,0.0,12.437756082939254,83.12573468779432,0.1832298600644834,0.1029019481180154,0.1805299877530917,4.505074046452095,1.7327119660549757,0
135,18.5813187307548,914.3528552784812,0.0918365946508613,2.523283814392143,0.0,0.0,18.32962283700386,109.7135702251964,0.1907404422481039,0.09704444872727,0.1859002452434785,6.855634507527568,2.303455527921211,1
136,16.627634723648978,493.4710309057063,0.0924519256369871,1.5932162770002685,1.0,0.0,9.833261877395971,78.77433961787632,0.1996188937189712,0.1241108129486708,0.1379011742643475,4.544476599607164,1.4477955425528264,0
137,24.73716321682505,404.7722759822209,0.0620176855285758,1.8217476989226016,1.0,0.0,22.754023567051068,132.6183033806649,0.1447799183873195,0.1673925350447966,0.182750242060235,6.7791808079993086,2.183814052366077,1
138,32.829385467475944,1275.849985024508,0.0975327143797576,3.0045414570481728,1.0,0.0,18.15618499805155,126.02668432179487,0.1568515943314918,0.2547136267412798,0.2087510816470451,6.6968507683755245,3.3774853451150677,1
139,14.85066088041502,420.8854798582549,0.0862856496478624,1.1405490116958767,0.0,0.0,11.33146543041723,75.57458971828764,0.1125959460254687,0.3216298552705529,0.1905039583455026,5.946649538836888,1.4137913738334449,0
140,9.021270548310923,746.5588318221869,0.0905601332788473,1.7019281172597849,1.0,0.0,8.86114587715152,85.6775322337628,0.0717079184175688,0.1560437128969309,0.1673478477728554,5.529204887544231,2.3496141726951745,0
141,24.20453812340549,1015.36546207053,0.1039093904322143,2.1220488205315484,0.0,1.0,14.13241024324845,129.34158073992327,0.1227408556300623,0.3585691916323137,0.1725202308431982,10.90847890681229,3.0825264488403543,1
142,25.498680703713163,759.275511957443,0.0773050023311731,3.0037163435946725,1.0,0.0,21.77447195031914,143.14476273535527,0.2763054528143559,0.28639329946109,0.2778583288097772,12.2070489310609,2.968561845946029,1
143,17.080092373145973,434.4465021147775,0.1290337140843358,2.094479845958511,1.0,0.0,15.808529534094156,127.06962020603072,0.1296619766582871,0.2711754800555729,0.1718050307579775,5.749634047015261,3.5449636700687366,1
144,12.89595176692223,672.7614681290734,0.0615404256950557,1.488129048346861,0.0,1.0,13.925962054907007,92.68776776703506,0.1328735258871218,-0.1109460918323703,0.1688328469873838,4.02322377182472,1.946686422284616,0
145,21.03942951807237,639.7196392215704,0.1106401089083309,0.9614161731939312,1.0,0.0,9.749820122992087,103.83508638159304,0.1053494053502434,0.0500280063201783,0.1952557646812561,1.3691718898618173,2.110402090009789,0
146,18.82782309796148,770.4415238663219,0.1093898134181489,1.3982339125963723,1.0,0.0,9.031062027831656,79.3174721692957,0.216838303589779,0.0438730416883793,0.1435890585990021,5.213591831447419,1.5087664175803184,0
147,18.876609118901424,693.4849608415899,0.0524879821238818,1.7238382289385656,0.0,0.0,10.324652217265628,86.65096925954086,0.095411283162488,0.1486614465783335,0.1332085918473054,3.910500253274513,2.0247359187975515,0
148,20.854044311078766,864.878692504837,0.1040714022640956,1.7871582045789247,1.0,0.0,12.581524347007475,85.86824053481273,0.1451265346282894,0.1616008197007945,0.2459333698644264,2.261087389620787,3.613507716598869,1
149,33.845378638869775,774.6899824139997,0.1534747952581713,2.1650280038446894,0.0,1.0,14.671524481035028,137.23244303017418,0.1238627345945002,0.2136044837202312,0.1869264702532196,11.548365580568785,2.599644706498191,1
150,21.92541521368304,679.2670971582533,0.1455822987105958,2.0290436894534998,0.0,1.0,20.451030570163446,122.4897115518257,0.2845018749403417,0.3040599243969604,0.2266968812499842,9.571001990118678,3.2193233920986,1
151,16.18224825286778,473.9826368378064,0.0866669440220769,1.7871582045789247,1.0,0.0,13.156112068300802,75.18880417048163,0.0329189834137842,0.1319612793159844,0.2015095221811094,1.5452369880922254,1.131509359762081,0
152,29.67452388002994,750.7748965225483,0.1602537712522283,1.9400182895946083,1.0,0.0,13.67361584180773,120.07413438983626,0.2304514466982932,0.3207216071500207,0.1761181272332554,6.123462689979559,1.991061714239153,1
153,16.272600722550102,661.4071211069353,0.0826209351189247,1.0362423090642066,1.0,0.0,10.812091423344969,102.4770098620556,0.0836381510128077,0.1222009649176484,0.1536413878847176,2.4845543131222247,1.3565339957175246,0
154,26.215240472228487,645.6793993204411,0.09563692073188959,2.333316026810863,0.0,1.0,18.522238125027496,87.18211737482457,0.2307527992508951,0.4133097822227134,0.1952631682855209,12.47284349190295,1.831821004191338,1
155,25.354757073502725,1496.3577204061949,0.1047523052223009,2.261073282111829,0.0,0.0,16.206099106939302,146.59659437447235,0.2496843395108564,0.3786568839373372,0.2164052461104241,12.04852445973464,2.276739623549936,1
156,21.029775253199585,1071.2364614835597,0.1002797553635156,2.8016874299005576,1.0,0.0,14.589853814862424,94.49332218935096,0.2607295186021648,0.1867908988675869,0.1978958790628431,9.93200772524569,1.969722805590304,1
157,22.936354014534537,986.9045280819796,0.1501024555549759,3.138532864931011,1.0,0.0,17.62172371791068,113.1225089005328,0.0889533670596645,0.401497710092587,0.3450653563450911,7.1139875416489415,2.54708709660892,1
158,27.68820550653823,317.7421481293586,0.09563692073188959,1.7508351459568428,0.0,0.0,9.637942824398792,57.689601249113856,0.0290582675596484,0.0729005839398873,0.1440990571469412,5.56961795076953,1.577901348428615,0
159,19.547495956575904,1012.9800450562004,0.0999258707809888,1.4953097101632484,1.0,0.0,12.747496854043863,80.69792698900562,0.077708600421236,0.1490259795338721,0.1563649489746923,3.933796335747763,1.526850343721659,0
160,14.944628779376613,806.9886473729645,0.101402943517013,1.6131449515875862,0.0,0.0,10.78439216324728,113.1277502001376,0.1773008951875959,0.102592615079449,0.2357983250918183,5.929982710821771,1.8060127923959712,0
161,27.90986867636957,872.9723633671032,0.1265432183755399,2.39798411128235,1.0,0.0,17.624153409994133,136.44393431876975,0.2840268349329068,0.1638723416339371,0.1457091518477711,5.162691369565657,4.04752335096777,1
162,26.583525231736704,952.1524539938628,0.110099587040602,2.1836510771665867,1.0,0.0,18.1192234508257,143.4750815061456,0.200772441053853,0.4526333636593971,0.2424522202279103,8.219441878802998,3.053564527688489,1
163,31.660477435765497,1382.8445704409155,0.1090627307068795,2.115105443721331,0.0,0.0,15.89385716796297,115.89746471319404,0.3363066577409243,0.318555751704319,0.2222696523750437,7.23982376372548,2.994781789040329,1
164,22.552307522354795,990.5598586268862,0.0793704125357081,2.101438584468249,0.0,0.0,9.9000019141035,114.34899553824572,0.2158121937345765,0.0473705382515271,0.1363555307031973,7.785057645938943,2.64617381989967,1
165,23.32667012495252,557.2802365632002,0.0410244948067188,1.3973630491062108,1.0,0.0,13.642784007265217,105.39988453610572,0.1503810266094045,0.1545859563952878,0.1752260402707721,3.461567440976186,1.9378992045405168,0
166,24.538467804793022,1183.841171727737,0.0912711836283234,2.1434392208818216,1.0,0.0,20.556105472854124,158.19478521321997,0.2947731208975498,0.284502021619134,0.2097483281979974,5.5793899242460885,2.982179594536556,1
167,22.274305383828636,1079.7722476487393,0.1061237835287092,2.668162407777193,1.0,0.0,16.944359449132943,134.42843729632412,0.2948654229702205,0.1029975202886075,0.1607412731828526,8.07959389771385,3.485012029374265,1
168,17.74765201343293,933.821174454271,0.1203625680140716,1.614945600719487,1.0,0.0,15.079442989587443,118.89814410524752,0.3440803242228494,0.0977347555173007,0.2397710330645092,6.269656380913792,2.73557897648746,1
169,34.45266608152023,1103.8938147295448,0.1131760673003725,2.2594975116882923,1.0,0.0,14.92640583420655,108.61019858854662,0.2188774246628899,0.2154859151512776,0.1758942036145739,8.460521106627857,2.9655266731517305,1
170,31.73593786518434,1436.930631069608,0.0858006902406132,2.3763065849381806,0.0,1.0,14.817502787986957,154.8772587846519,0.2951183871497608,0.439299699713058,0.1833757768836351,7.303504516216079,3.603980110516242,1
171,22.010592082667824,963.2334895480848,0.0980627100789724,2.3474407175288423,0.0,0.0,14.77582763907996,116.87466606347706,0.2025470797750792,0.2132786594003942,0.2477734741918683,7.967839045083371,3.2003897533100454,1
172,25.891959915771064,1026.8078386415557,0.1204642331557362,2.150853076834029,1.0,0.0,16.393249268004148,117.42654565491254,0.2891300994815705,0.3383986772216267,0.2231662620337288,6.1225807554919225,2.89648930401693,1
173,20.980630738340064,1671.05986154915,0.0986029316156995,2.719658347570091,1.0,0.0,17.46067857826975,117.75791551749812,0.271150339647408,0.3816169388222656,0.1368038455534642,10.600874051683096,3.029326270839331,1
174,29.028134640889707,782.5864263061542,0.1453443681873232,2.096942427652801,1.0,0.0,18.173770519369143,100.8774277562779,-0.0396455317725797,0.0533834604871465,0.2510925602388001,12.637203950332196,3.4981212568287066,1
175,24.320890863910325,873.9908182745783,0.1457058553618672,1.656197097850944,0.0,0.0,18.66169122954841,116.46116384299124,0.1621511792177691,0.2109589607414702,0.2371701274280084,13.608800932491295,2.8402642960766453,1
176,21.93328973013274,803.9686407773155,0.1004982008276886,1.917666562754489,0.0,1.0,17.27319017832504,119.35159072685924,0.3957110801640995,0.3230950177788001,0.2281762223728567,6.041051736595955,3.530036576909424,1
177,13.010276890912367,1307.682980951891,0.16281298227407,2.7469717008191887,1.0,0.0,23.19718695939349,108.14586892773472,0.2942027858864083,0.2844432701091346,0.1995742665577949,6.96596123617608,3.18951815193,1
178,16.894630111536625,1419.9563622564342,0.1094993200789119,1.3603286986348084,1.0,0.0,23.036204751022257,107.6963476741253,0.2599395518151035,0.3299460983880088,0.2232305157303364,9.95726748725805,1.956905837231776,1
179,20.892954720661287,603.9420038504603,0.0976876254723472,1.782631641110718,1.0,0.0,12.503296725987068,79.90927222041373,0.2545006448851878,0.1750517869664392,0.1747567455718801,4.311187020397616,2.480522798829962,0
180,20.984930678381392,1176.7888226200769,0.1075596280275386,2.6526423859337296,0.0,1.0,18.461830545598705,119.65721223929152,0.4239510058467195,0.4939759921903558,0.2477467491842785,11.047330329016791,3.3270615367712124,1
181,8.25730772240005,1212.039620398128,0.1141194132266982,1.8262003032730512,0.0,1.0,14.972646573297652,141.18273283926555,0.3125059520484538,0.2076065950325682,0.2660631255599778,5.910005778896093,2.054382353987813,1
182,33.888051441438634,1106.234476431101,0.1334607214395046,2.047257000099826,0.0,1.0,16.423399532896287,110.77862660229611,0.2273127466475283,0.45612727237562,0.2330054041460451,10.547962134654115,2.631702405744752,1
183,22.30088575505661,242.20390184317068,0.0777298196044405,2.081123021094647,1.0,0.0,12.90380035511017,53.5185695371144,0.1206013509527544,0.1183143582296371,0.1268853863056637,2.5283818264106275,2.513783179577466,0
184,23.09973673670482,790.9640763610937,0.0909225138248944,1.9524407246316464,1.0,0.0,13.90977122870826,100.48284470609282,0.1372817812776199,0.1463702078208345,0.2010046187830508,3.235455296656171,1.834410432298765,0
185,18.008872618760105,636.3796014104224,0.0990274085091802,1.5883658640927,0.0,1.0,11.277722102919844,95.90432961330976,0.1168627433201363,0.1121961340200735,0.1617927936946693,1.6409967279875488,1.247697522922313,0
186,14.854255038495763,599.2357750754614,0.1023201972654911,1.8117331393573235,1.0,0.0,14.89451142561432,99.30247507284749,0.234741479458278,0.2624221125511104,0.2532779271085299,7.1961681051393285,2.9224036397464177,1
187,23.44582111577251,865.799534524472,0.0683246116373112,1.425378190365674,1.0,0.0,10.13232728912058,99.48764871304454,0.221222568624631,0.1758766932976718,0.241787105241931,3.991068433637732,2.45089638332271,0
188,18.362831544652444,395.5734156918039,0.0823801904744841,1.2597088495365087,0.0,0.0,10.098665972274263,67.04201050406449,0.1075223139207198,0.1331373213055823,0.1292030044062741,2.614661018977753,2.353387312630133,0
189,24.40840508571197,1174.9393106639773,0.1122645980870374,1.943752185045851,0.0,0.0,17.669536332557577,89.17920850300158,0.1942704076782122,0.2574342996973205,0.2521494127059573,9.237851621169126,2.9287505283901174,1
190,24.245979646102995,974.928335427844,0.129701760040074,2.651779607525927,0.0,0.0,12.813632368160189,83.52740857916405,0.2282013829012826,0.3301814943201666,0.2303873536298486,5.237043604350934,3.059920442007679,1
191,20.17372165876693,544.9327600596519,0.1188715411163749,2.196054722362202,1.0,0.0,18.173078666139027,127.58350182101404,0.0712553983546173,0.3690620266077529,0.2291199754978775,5.938054934065013,3.215488597188082,1
192,18.786127948951016,328.0757434568653,0.0969022542660674,1.598092225485703,0.0,0.0,9.975112603722796,90.54088509906934,0.1991486928947496,0.1166056985196618,0.1855705094192203,2.6348923654465595,1.4906429026751378,0
193,22.546511165070108,373.15624092794303,0.0568781830911995,1.384689397611512,0.0,1.0,7.365919410829328,49.23800216008778,0.1036269200735471,0.1682275670653227,0.1769889425523476,2.766552831640968,1.8210463670623915,0
194,18.4608521578514,869.4416825113952,0.0583015302778382,1.7871582045789247,1.0,0.0,11.518770446470286,103.62423048961458,0.0585342345091427,0.1632110270690391,0.1578014316480639,6.669417360602517,0.7663798596704987,0
195,21.06773263716458,443.50537522040815,0.0797088209401441,1.0717924688664149,1.0,0.0,9.49785381126778,80.05941921386881,0.0263807309445247,0.1093514874316127,0.164009680944306,3.2387431570534324,2.048646591066609,0
196,22.86051518672324,1320.0270038491683,0.1360448529755398,2.04921927763254,1.0,0.0,18.514062441895653,93.31512492776582,0.3506082795454934,0.2700469192141236,0.161274063517229,7.789561627983663,3.1858091826807566,1
197,22.095423332308822,957.508503140539,0.1141647644924776,1.7858364730975078,0.0,0.0,13.716222763622106,127.552224251849,0.3324897132551552,0.1237365066347318,0.3359558658018749,9.340903006588388,2.9685086266197462,1
198,23.66247282739289,469.0738917018811,0.101731719480043,1.9196494078481396,1.0,0.0,18.61741993564793,112.0019777068324,0.30003907575514,0.4347151424952801,0.2824349293437797,8.155858799890044,2.7812380490440884,1
199,28.855505117227253,1053.6155743657523,0.0761087674182995,1.076718990110635,1.0,0.0,17.33978008609417,134.3846117522395,0.1577183857017204,-0.0309122849990418,0.2585458341678591,5.805681661692745,2.0161470872651868,1
200,31.073790537086257,1113.7012718530707,0.1159650018316525,2.481945370906066,1.0,0.0,15.349121451937275,91.56991183660764,0.3110851785680928,0.167937126451582,0.2793659209673774,4.609569847012581,1.6791123114601043,1
201,20.35291613095903,275.6687314711325,0.106405509497691,1.4962571848165056,1.0,0.0,9.24257543000436,102.05648454518808,0.057073882873002,0.2303714537929531,0.1405864131209419,3.905496173565092,1.417806151072258,0
202,13.160075994627036,546.7450452966895,0.0686312455444765,1.6771031735631383,0.0,0.0,15.037843720627835,103.96858790294613,0.0889836933302212,0.2504506587932686,0.2263234410787838,3.559301387035004,2.415126490899603,0
203,17.638990562290196,737.2567541195605,0.0958755378846946,1.0980577648018972,0.0,0.0,11.030889438462795,59.17066978197524,0.100887826700689,0.07783079458032,0.1330672082220269,2.660150824709962,2.7028335873036493,0
204,22.95239726506774,1352.9415744690132,0.1028927943057698,2.3229823871560136,0.0,0.0,17.5866638200211,95.08104018433536,0.3673614990352227,0.3567193324353536,0.2069581124406433,8.933706625742833,2.8827854295320616,1
205,23.160761957324578,1002.5124596809858,0.1203590521044697,2.801462186965353,0.0,1.0,16.3723032099417,73.57640234839067,0.3049239819859644,0.3264273171753345,0.1967928570091924,10.357341019393148,3.395515933991369,1
206,12.71383917288306,783.1413669995243,0.0943992687264449,1.2633822146705929,0.0,1.0,11.510367521754072,109.70112850166028,0.182291866584333,0.2320845663461457,0.1479667999974286,2.4511764470434136,1.0669442100629736,0
207,19.55093779208738,47.24009576540798,0.07705974641447,1.2102832228028904,1.0,0.0,15.475163630382124,73.6050977769761,0.1472754655049446,0.109118144240758,0.164396635877642,4.176712101081861,2.5813079123353893,0
208,17.641098066354996,582.6685038403813,0.0847234219423586,1.5622996710937176,0.0,1.0,10.040128424460928,65.7238329006242,0.213855316249511,0.1234331666816682,0.1721482298680166,5.514780241118564,1.4316945332462412,0
209,14.598095357798943,604.2602503559776,0.0864232648277589,2.0953245354712164,0.0,0.0,16.492154017334098,74.2447361738558,0.1893033217753449,0.0524100531637309,0.180403127087027,4.70338509383178,2.106353164809651,0
210,25.53820439185465,1288.9025576239817,0.100663673600489,2.6261133131808903,0.0,1.0,18.52373194550368,110.28089027953644,0.2804957401265903,0.3067743703887761,0.2316570852230081,10.955681126648848,2.890296211064286,1
211,24.12905067419124,609.4993363155735,0.0798007389028245,1.7871582045789247,1.0,0.0,10.136524175335555,91.1113456775466,0.160330165868401,0.1978913873488041,0.1477929196851511,3.442479491992781,1.8235313065920715,0
212,31.52182033771816,809.7269497198333,0.0715085145261777,2.6804248240459354,0.0,0.0,11.86233325004863,128.44069891310883,0.3620432074046511,0.3699898092028424,0.1673332504890095,4.607939623616908,3.1784278427733668,1
213,24.73374593913688,1247.250948239442,0.10694619384763,2.288811813321516,1.0,0.0,14.85414118246238,86.47772565713791,0.0987355937208046,0.2090315235149862,0.2284792684358194,11.81661741198246,1.210324304610655,1
214,17.55107017337465,684.4270422558718,0.0748657444915719,1.306069607167436,1.0,0.0,9.984554041223216,74.60751835031873,0.1971532745788859,0.1320421261490715,0.2576147121326183,1.6108502590337537,2.318744108023616,0
215,15.276155227872554,723.0020678338425,0.0977041099336725,1.4049430760573791,1.0,0.0,15.801517748402144,58.19302173880591,0.0733584253197983,0.0548213141356091,0.1380474985205018,5.839420620126559,1.9892777959094816,0
216,12.69112807070476,514.6865387309722,0.0887400732770719,1.9348076915050425,0.0,1.0,9.48943320192382,77.17845686682422,0.1254661794426672,0.0798977198536977,0.1348796214948891,4.496234087947957,1.8086433818831071,0
217,22.24817185120655,423.10329773595095,0.0915252920550718,1.254536490911894,1.0,0.0,9.50035054193441,88.88800579380866,0.1448256345148166,0.1531175516742376,0.1709173264404073,4.304729995908488,2.3585980821708983,0
218,17.956498677704506,751.6239303005124,0.0610484772307716,2.0041049861604723,0.0,1.0,11.935378035599028,71.32669750068621,0.1012775306666658,0.1795246707503414,0.2080620937138932,3.3809496374500627,2.0774857645500684,0
219,31.530206742540223,689.5893920412217,0.1014352596465675,2.1511852067075745,0.0,1.0,15.607200148950607,116.62697766693528,0.1982539341895988,0.1576767813564306,0.2343156603686614,9.57094595097804,1.310478263726106,1
220,8.13145504477209,364.0615999409928,0.0507030579779266,1.354724933868522,1.0,0.0,14.004401617174054,67.02485535483737,0.0872340171228944,0.0862603436019093,0.1422692860442456,3.514153081709636,2.173695179296544,0
221,27.964435071731323,840.2844804257111,0.055965972684366,2.1675810989396145,0.0,1.0,12.296226043676269,106.42650406237388,0.1987506256431391,0.3421174660443911,0.2128981251924375,5.856900111041083,3.4453230383709426,1
222,20.032187546998088,900.8956028546738,0.146635753858193,2.747541207262489,0.0,0.0,13.404728374431176,99.38060585679692,0.119508203349015,0.4254723133931481,0.1274295091021831,4.188364858771806,3.530755319295901,1
223,8.119764918146846,741.9592536215824,0.0952582251359675,0.969218975310367,0.0,1.0,11.314375679044751,95.05536066668004,0.1721891639025013,0.0375263229678088,0.1700681381109655,2.8987252548147127,2.4311718983701147,0
224,21.27132466717073,1981.620017342292,0.0914266475927179,2.536274237742494,1.0,0.0,17.72100806009763,123.309503030125,0.0785271148778589,0.3070964047401163,0.2201153310852033,6.427548976987963,2.3766004448703018,1
225,17.720328227374004,484.7108088988881,0.0758237848787247,1.687732954449185,0.0,0.0,10.60362479549398,65.21284255286791,0.0607187347575044,0.1601275076316988,0.18956684244829,4.464282624348094,1.387359875192446,0
226,7.370208544653662,1500.1378260075078,0.0918200637851731,2.4203053158467323,0.0,0.0,18.168257420373468,95.40322454917016,0.3868679105747492,0.2537550585799575,0.2265428326523441,10.46528135359116,3.4181253202078845,1
227,18.19372024413025,438.3669956911705,0.0775259098733052,1.5376923708442558,1.0,0.0,10.942730130088488,95.29014900873028,0.100258981408532,0.1712581322265788,0.1655423147012767,3.093380636879452,2.3154399988393863,0
228,25.61222928396064,1222.1408428995594,0.148820733004971,2.1854366005412342,0.0,1.0,17.803237671147638,161.4200799212361,0.1790772248987933,0.2491662798318291,0.2159823839054868,6.574890018957476,2.771250629011427,1
229,16.53271386168571,353.6757471453624,0.0866996928348656,1.1785749360115416,0.0,0.0,16.286101818535837,63.9041715556411,0.1165713313166929,0.3270029376132772,0.1589307004545989,1.2117072939916498,2.529037697520531,0
230,21.332000252789232,984.8240950121263,0.0950990862538117,1.4438142797657632,0.0,0.0,16.285771755202163,98.31142532964704,0.2462374442799166,0.3405652026682828,0.2729796520186078,7.5779195045512,3.178004273431493,1
231,21.378463089525557,726.1795806719567,0.0723365683299919,1.6683323246202892,1.0,0.0,11.389996999871313,92.9535703870372,0.1310932609141418,0.1948999470442176,0.1447611877512736,3.53512897712962,1.9266980767446125,0
232,8.820929481342159,653.3690044954205,0.0823109041551563,1.3740456854781038,0.0,0.0,8.940071507054778,100.43097435391216,0.0852360144271719,-0.0192925123465576,0.1429268491651548,3.580714754944076,1.6516379935032417,0
233,20.360518618113453,951.9813481069472,0.0876195713961861,2.509697005375203,1.0,0.0,19.4227958525952,154.2617176936301,0.3191820950321964,0.2345339245715916,0.2037918434853296,6.45723517282207,4.348398739673895,1
234,27.228747982494564,1341.5863681627557,0.1033536176138285,2.2398514879345512,0.0,0.0,18.30379747450387,127.8255803882115,0.1619118750556949,0.411969147571966,0.1748334421825397,12.137146087469578,3.7723242728837385,1
235,14.299539146477262,604.3878191727075,0.0815369932419086,1.124780313479688,0.0,0.0,14.991926268495462,85.56363185952931,0.1746322628359523,0.0432496985319932,0.2520702711481592,4.459252148146687,1.3271420373852942,0
236,14.471068461370518,1141.3499646489477,0.109479011180719,1.7871582045789247,0.0,0.0,14.102222127041482,148.1788060686313,0.0773319119012194,0.3072277572758479,0.1978239623952599,6.353243235489016,2.251250826381993,1
237,9.003215502494658,687.6658782300761,0.0849795134754095,2.16918540556938,1.0,0.0,16.579418206989015,102.475508087271,0.2327727702110686,0.02229559090333,0.2193841936425032,6.750504313481761,1.969964956057399,1
238,19.785022907607622,1325.8700914140993,0.1095028051536965,2.2472728520196035,1.0,0.0,10.14296545626309,91.97950581084532,0.2913985647440055,0.2571988992673393,0.271445628075751,6.55273865399919,2.128060420472313,1
239,21.17398639189628,950.7457323843084,0.0820015215748845,2.617285086506711,0.0,0.0,15.196137131667609,107.8308898632638,0.1827469996747348,-0.0002788985926693,0.2205557007398632,5.161509147934448,3.2799613074910976,1
240,18.081594161545205,1079.8647125264265,0.0777852072905601,1.7704723681669905,1.0,0.0,15.92294561563301,122.68557669971902,0.1490827085874875,0.2843945808048699,0.2060021039250231,2.2333194656580764,2.967688234977452,1
241,18.74040999688504,543.965035776499,0.081701660006764,1.060962102545832,0.0,0.0,12.417448451635764,91.09317810793908,0.1821201740655347,-0.0546463558392337,0.1582074084862196,2.526492218569409,2.123224488618907,0
242,20.360518618113453,626.2482122004677,0.1081069453791979,1.1201491906479826,1.0,0.0,12.561186415338303,81.30439553055754,0.1004663909674132,0.1405900792476313,0.1535375966791964,4.092391662375533,0.9271496985399352,0
243,19.94087405800198,740.6956675291991,0.085653532151348,1.0661691815944323,0.0,0.0,8.455634322272587,81.24050005457856,0.1711749099901349,0.1982263209892956,0.1900943128901043,4.670019442076008,1.6445630925615229,0
244,19.130938947144507,1191.4153357920147,0.0896105786390455,3.0269846268851768,0.0,0.0,14.114300833190246,119.93618636361704,0.2984261833471491,0.3399732684078578,0.2337079232363292,7.098380356270535,3.693152390102507,1
245,21.756181379318285,645.2637715347191,0.0791085274370611,1.322305638565055,0.0,1.0,13.759692489874483,60.73040606918383,0.1051432350324483,0.2601439116089008,0.1902970978516875,3.181680741109639,0.9025100491383388,0
246,28.8948246041008,388.5682609823338,0.1015257987294166,2.6417120496687647,1.0,0.0,15.768750717107016,126.2130503915755,0.4015190608108059,0.3932586112238939,0.189761436360848,11.371644093982445,2.7259529745852977,1
247,17.78443673963022,519.4497906033175,0.0670472073265164,1.1294130979827492,1.0,0.0,9.75880241180454,75.12657778039663,0.1866563299352709,0.0507588992808019,0.1388993805860051,2.814399275907707,1.4128719474686162,0
248,14.256858426363888,1293.851132917285,0.1156352535657498,2.2556126180241303,1.0,0.0,15.71281941338862,132.8002025365286,0.2656402148408253,0.3320159423420729,0.2242019068582037,11.370556417642495,3.5459056111398968,1
249,19.474915793868405,855.2662895047788,0.1224305059610842,2.1073177468798754,0.0,0.0,16.848203979726144,113.28783902143758,0.2530550411924389,0.264541990592295,0.2493439329245881,7.916888149862842,2.75684785123847,1
250,26.01307431921405,969.752827212762,0.1202607471812725,1.7715443160333877,0.0,0.0,16.872444375761535,146.9685291071568,0.425686461470946,0.2009988470605342,0.200053772657389,6.552375683797157,2.4889814664141587,1
251,27.271683780676177,864.157811846438,0.0795295416695586,2.3267086222596696,1.0,0.0,18.236458505676843,154.48793488960058,0.3073588508430448,0.3215270081525443,0.1894208761032935,10.030476869172158,1.9708054190306576,1
252,12.610252564055846,334.64312903843955,0.0506735700507431,1.8450093445620015,1.0,0.0,9.11516562209158,74.59584729684536,0.1790192140579588,0.1048446276899594,0.1922270097760465,5.424489037918658,1.468974522200851,0
253,27.433491582388957,1100.3181856330125,0.0915262244024531,1.9099622602139437,1.0,0.0,20.62439984195228,112.14691603821592,0.210455783742289,0.0053637809425603,0.1977099804613047,6.256236155889286,3.275922772294256,1
254,18.055225783386767,782.5864263061542,0.0491545873663768,2.066849445282704,0.0,0.0,20.51190084368583,105.4720447879697,0.2971640165228278,0.1359911725933029,0.2140624932876561,11.777971767753598,2.829390987640759,1
255,12.910239849471106,1002.7895354474596,0.0583281787184755,1.173525568939168,0.0,0.0,11.46235062367312,75.69511721313502,0.185527188719275,0.0655975083181572,0.1847696919173702,3.544503588445044,1.9507842642931823,0
256,27.363137321123943,791.5082649701707,0.1212872120618736,2.7057399230613672,0.0,1.0,19.97735398311761,96.56693760443476,0.1802085353364924,0.2564822631161033,0.2611337680662372,7.624899318975428,2.550501311240543,1
257,21.345235580531785,782.5864263061542,0.0847166413264126,1.370025570078595,1.0,0.0,15.217454133626347,110.8987686262171,0.1467179965672329,0.1513977631833868,0.2011122587967971,2.0241710875522867,1.277451023083887,0
258,25.37478827661232,550.6158301305898,0.1026618859133209,1.0295709845583492,1.0,0.0,13.579515970536749,77.19449556687918,0.220388231522969,0.0148016075282795,0.1770311829001521,3.865840764459173,1.8527811983690443,0
259,19.41830535815571,818.576876911778,0.0648858098399046,1.7130323238140122,0.0,0.0,16.21387979753292,90.36387938195011,0.1980713878348306,0.1226199656184037,0.1498506863559214,3.953213745540943,1.024320389551711,0
260,16.67980544333055,608.7454673726991,0.0888615142509505,2.129569771367773,1.0,0.0,10.816271428390376,111.31618978812716,0.153523534111126,0.0868984758780441,0.1930720519201836,4.7724617383456405,1.6169041806756828,0
261,18.83152256863309,571.9285681810043,0.0925482293259042,1.6985099211146588,0.0,0.0,12.056957455144522,76.47851972841774,0.1246773691196496,0.139271156651204,0.1662855397221319,5.86849381365856,2.0061550970167668,0
262,20.86370323474101,959.21286924143,0.0982247740163139,1.7871582045789247,1.0,0.0,15.724552409057749,78.72433491442965,0.1356625156756327,0.0963670176753099,0.1171155133347135,6.067352140004547,1.4008695355671317,0
263,28.61572597016257,1090.321905403915,0.1035652683428767,2.464851576585622,0.0,1.0,20.04387120134029,118.0243668799028,0.147269192607975,0.0781265008966915,0.2441142575760705,9.071592756903147,2.792095444063808,1
264,13.940054265522829,385.6049098399637,0.091259691668084,1.7907108099527471,1.0,0.0,13.824000003298178,51.35793473148115,0.0833691579853689,0.1542281679583549,0.2386039286748155,3.2609922420419872,2.4234559641215885,0
265,6.003498082336737,486.9127596342485,0.0617258125163874,1.4839156753537903,0.0,1.0,9.284705799136992,45.590876227302175,0.1661549694298635,0.1001443115840957,0.1855008660237885,3.840463003855304,2.217618273513923,0
266,23.186180629988563,1785.7121743306195,0.0429847216481541,2.430857168853079,1.0,0.0,16.115726980605615,140.3369448113425,0.22489997141927,0.3851468445818796,0.2189845466622661,9.040597935037011,3.456187545678117,1
267,15.721420738973292,440.3174879983114,0.0925519079544504,1.2451589957368514,0.0,0.0,9.196434685021702,79.78520835926341,0.2076007770099623,0.1393490832689042,0.2317862846559783,3.3312163017502687,1.4495785072318683,0
268,23.23408649588894,898.8576377636639,0.0967041671700918,1.850512870181166,0.0,0.0,11.75317388903138,72.55583700365452,0.1363675707189245,0.0844631595082775,0.1758940625308778,4.486425437233821,1.7972308228933225,0
269,28.69074535986161,677.578217090876,0.0775112882895356,1.628653364523758,1.0,0.0,12.528676298531954,54.27072173820501,0.1258794204633102,0.1740513110400098,0.1973539983923223,3.68544141757178,2.861241705343544,0
270,20.07005722412496,1291.533484227876,0.0738255821122209,2.5517731173778366,1.0,0.0,13.587888241931518,95.5141887834674,0.0549058889707113,0.214192208713683,0.2297392927588754,10.038723330749193,3.243432312942909,1
271,11.120070259304766,784.4615191683135,0.0558851839736516,1.8427986848747224,1.0,0.0,7.122532023429434,61.79944894628128,0.2211516245168548,0.2355121421546179,0.1563553534834047,5.228706721105027,2.1861140507077947,0
272,15.18368013041884,924.7164369172366,0.0832610472725763,1.3901490565451164,0.0,1.0,12.377555585779463,70.44807347675665,0.1460002140711714,0.0705322066746567,0.1814659763576036,4.905839518542416,1.0351654868903073,0
273,14.621845897502286,813.0673476979423,0.0498054071363517,1.4438644828084,0.0,0.0,8.368348618266985,52.69402927892247,0.154080162421852,0.2454020314106819,0.1496658417275819,-0.3161930501302255,2.063233782307342,0
274,21.46431221470601,661.6045276891961,0.0835515834497772,3.411307603216521,0.0,0.0,18.91463409453248,103.09153594247915,0.3575431640984003,0.1010291757571694,0.2474439457831032,7.70140529340733,2.067341906472331,1
275,12.4452666407428,207.5207052822231,0.0972054568968743,1.7871582045789247,0.0,0.0,20.161782577860667,105.8907923230758,0.4144196085740013,0.2894052848497448,0.2375399386231649,11.293887176414684,2.2563553880406046,1
276,29.288160577429664,1288.61588462064,0.1382208186735861,2.395485917695368,1.0,0.0,18.70338881936945,132.30313100240525,0.2555388898226181,0.3132884198424142,0.2341000387923547,7.595103021724944,2.6096876176633823,1
277,20.929900454734447,989.842039550945,0.0787041249595355,1.660865677554955,1.0,0.0,10.261776185971444,77.98811931432265,0.0951456522936978,0.196529132127056,0.1605235698545186,4.139052052452339,1.8023579804586456,0
278,12.110308376370298,792.1258374986778,0.0728293170630691,2.0381573665246826,0.0,0.0,13.120435414882152,84.92649485872323,0.1275439345480033,0.0253238087875009,0.2090195061310772,2.384630533905789,0.9589474526635974,0
279,23.273414575467907,344.99000817903845,0.1148366342747059,1.9137217030444529,0.0,1.0,10.969761365049214,118.47602329754676,0.1232741356405178,0.321032857272672,0.2433289811257985,5.877195741998558,2.200670882168538,1
280,18.6894164624516,1405.5757238473768,0.0841883756007974,1.8542102108155407,0.0,0.0,18.87952555983972,140.68874105554767,0.2988244917803214,0.3269344205999779,0.1703944443302307,4.315120187453552,3.394899551216477,1
281,13.010276890912367,1307.682980951891,0.16281298227407,2.7469717008191887,1.0,0.0,23.19718695939349,108.14586892773472,0.2942027858864083,0.2844432701091346,0.1995742665577949,6.96596123617608,3.18951815193,1
282,13.556831491831757,788.3421057512439,0.0750336247133661,1.5952828903635217,1.0,0.0,7.1236016299486415,83.46045977501652,0.1210011669397665,-0.0149583808596229,0.1221242606010042,2.747839020361005,1.8540291253973944,0
283,20.360518618113453,1769.0441641974369,0.1251274458157396,2.782288243527683,0.0,1.0,17.041351821779628,112.55353235734508,0.3096002458914419,0.3578222265080699,0.1664994394552928,4.171623992967992,3.135131374147367,1
284,15.79331661054781,646.3439210563552,0.0659815341596097,1.284976677057095,1.0,0.0,10.911701183559549,96.5857186376494,0.1769693503019617,0.1162529862485932,0.2361435682736345,4.529323472179179,1.7966329271188144,0
285,14.244234899137558,780.183783781372,0.0969896153528767,1.3615587744688338,0.0,1.0,13.000123727800862,111.28115933138224,0.1999399661492306,0.0612653175455407,0.1359380214443942,6.187299788219898,1.4137413399176202,0
286,32.69959924318453,463.7459191138819,0.1483267206462826,1.5929703380458156,0.0,0.0,21.099638650882586,87.29181216363742,0.3787979601338864,0.2303643476263647,0.2256817032767413,6.375877835051002,2.0594625704663816,1
287,13.064878714270089,669.7676595364004,0.106154040200221,1.5633951088276632,0.0,0.0,9.69481607477312,61.85281704413132,0.0913120176745509,0.1437864321698861,0.1392612962438369,3.1787206188904307,1.8583122700056305,0
288,22.79014127684276,1410.6290977562564,0.1376370338085528,2.275071507158933,1.0,0.0,14.901451955554906,81.48117961801796,0.2483546849821694,0.1202268999822856,0.1633290482838539,8.681930352511348,2.1855909154192403,1
289,25.79671592653879,1099.7838975175143,0.1416240889942914,2.21540049386062,1.0,0.0,13.110624913445111,117.8261024820962,0.2110146551426963,0.397780252423727,0.2306514358962949,6.227150308414262,2.5129462129688624,1
290,14.341507726004137,866.1897049307141,0.0550079895849048,1.201667273601852,0.0,0.0,8.891239168866642,65.99369395789854,0.1505847753381329,0.0964084295623344,0.196845100644337,3.228971628713317,1.605267037301149,0
291,22.22098615748238,913.3161469418684,0.1058930911177148,1.338465721425982,0.0,0.0,12.11963628301434,54.41672613650592,0.2232888568566157,0.113634133061213,0.1733445445145323,1.90299655714402,1.538529986752852,0
292,18.0527626259827,658.7115958663818,0.0972887016594441,1.6070020326155785,0.0,1.0,11.255782691829609,88.65789975781593,0.1050496598847056,0.0793145482402984,0.1716573053172772,5.397665898287691,1.7739355383970712,0
293,25.25119747240979,593.2970386874869,0.0881527799319965,0.9623825175651362,1.0,0.0,13.907997631603283,74.15479036550667,0.177184704585463,0.1714172365155809,0.2068148052877027,4.140488315822438,2.6843306197895966,0
294,16.77481083203812,766.335990656006,0.0860717188521579,1.8460363922638237,1.0,0.0,14.49997784722862,80.03219423189813,0.1325880664565626,0.1871402757939826,0.1701566424602681,5.372407337315355,2.617430583308211,0
295,19.911791416810885,1255.5463467050297,0.1054610269601191,2.6612575751672627,0.0,0.0,19.181512080245323,67.18435691349525,0.362031680211096,0.3392205664344637,0.1651259669999809,8.31195565848161,3.467343778665243,1
296,25.4706278885312,886.7655634806978,0.0871502201213041,1.2643932026381042,1.0,0.0,10.300144433548637,90.53414641327367,0.1717590134698295,0.2009947315489958,0.1765034621514082,1.950988125744609,0.9325462616743172,0
297,21.236018974406047,1021.3500137068028,0.1504594619222828,1.328158579958579,0.0,1.0,20.14894950197109,126.64753891905504,0.0680445941739535,0.3865590989876991,0.2102627814034936,3.9896526444809233,2.0602300734292265,1
298,33.344656966693094,1060.8664751159142,0.1350109169324173,1.3063173557394532,1.0,0.0,12.111394561226597,124.32891601679611,0.3458303346026945,0.3778832884983952,0.1508621031891667,9.482677783070244,3.255085130241078,1
299,14.167665148971606,897.9961830123733,0.077359282302385,1.6128690813743831,1.0,0.0,8.90281215841653,70.39051654796057,0.1124130398598155,0.1679109002740433,0.174426577577223,3.3441131751704205,2.3862124599837604,0
300,29.14059761370373,1266.6240927755543,0.1339379444410831,1.5914303163628687,0.0,0.0,16.377907290783455,75.71935684058181,0.1232937308790702,0.2729206208286376,0.2432717570118293,11.434118929252325,2.1363202220848643,1
301,21.328487250920556,512.2235761124281,0.0518434388096967,1.3278879940075703,1.0,0.0,11.782708708214724,89.17680573503995,0.1731142146577556,0.2084866374366892,0.2176750172972491,1.7162835216843342,1.6828448345515032,0
302,25.241734700839213,1373.581028755851,0.1130989483126474,2.19564028381298,1.0,0.0,15.119757555064886,69.90778243414566,0.3027284494673466,0.41511154999134,0.2247891496413576,9.886496059829984,3.4513377156464675,1
303,16.263058993794278,420.3980325488788,0.1047390373023169,1.6266983400069053,0.0,1.0,17.145919347678635,80.6084682214304,0.1924187479827103,0.0642301170518879,0.1474740374863085,3.453851920172592,1.6359746636385306,0
304,20.897700467369745,782.5864263061542,0.0957685146462646,1.3822078015247905,0.0,1.0,14.284986188686302,85.8834601333185,0.1870559886791862,0.0825751378685356,0.1398088921095798,1.2428604206210991,2.029239930238842,0
305,13.725383952605648,710.7982470224748,0.0995144818111748,1.7323264210816465,0.0,1.0,11.965014003576169,75.52804131101234,0.1280430513391964,0.1809805517976655,0.1847668536514388,5.421141358470768,2.059367217938242,0
306,24.795084461404475,895.5016172088822,0.1253779713956356,1.4323268876266302,1.0,0.0,17.427187965275746,96.2710789670198,0.1719998294124202,0.0722924154935018,0.2069416179664209,9.398568136413957,1.8223332850190817,1
307,26.100095506224694,784.6241904571035,0.1236859442853887,2.8042337003231173,0.0,0.0,19.165573293859072,89.62616046313654,0.1640725977351584,0.0908327889625041,0.2324323226064396,9.85159762214628,2.4025544352226085,1
308,13.504744141062512,416.6254603539194,0.1061181236432829,1.6211425577095475,1.0,0.0,13.417332486581238,89.70929846069046,0.2113146893141751,0.1365537883107675,0.1267103081371263,7.806338665984054,2.10987806203318,0
309,24.64863492312738,429.1230069281481,0.09563692073188959,1.35647208003159,0.0,1.0,9.233732363332448,83.16222616938786,0.1739987385562227,0.2206992507239442,0.1476156888938489,5.084438134387662,1.8386881638097357,0
310,26.76737664025857,575.420070150856,0.1083459611548604,1.7002429531717898,1.0,0.0,18.59410918845552,87.58881915865982,0.2996223108611394,0.1635430777317658,0.1992082727917088,4.546717914013499,1.090845988756608,1
311,17.081249489095015,400.43153942634433,0.1064837644780888,2.026316808081851,0.0,1.0,14.056500562423029,79.45435064510744,0.0104403210659279,0.0375249935332891,0.1667569597380939,0.998510252251858,1.2677036647787183,0
312,29.62628790281463,958.0517885882082,0.1023652845198977,1.718601521408151,0.0,0.0,16.364976416814933,129.78818977232925,0.4582405468788695,0.4693815121830947,0.2070759985734332,9.286892244409565,2.8034200186511358,1
313,23.38716250646615,1119.7711991421734,0.0584880767766625,2.0500046062184865,0.0,0.0,17.57953200118329,114.29219843652348,0.330415122520125,0.2378404214783208,0.2210735659252096,1.9297923073473984,1.4513480305975013,1
314,31.23293568740305,294.8108317514849,0.1289536222302669,1.6817893699911408,0.0,0.0,14.94263406514881,118.55556277169973,0.3172067526619349,0.3293486291161121,0.2282525223183476,10.11388590364055,1.5171036404418223,1
315,11.095046026809207,513.1958159288707,0.1155005055495028,1.6485017237262454,1.0,0.0,14.30639147933521,69.56421313299371,0.1387457972952945,0.2242384916219313,0.1629075610916409,4.985356634026499,2.0739947446627904,0
316,8.090788647936005,410.3064155058148,0.0561439073932563,1.441349557220252,0.0,1.0,13.175825591158738,73.73737889727452,0.2175260335842917,0.1534878751477101,0.1756258928090879,3.3756096046755246,2.0690191819624584,0
317,13.737393928382932,650.6848941805235,0.0485268967953896,1.3319149901483458,1.0,0.0,12.16501221452382,81.6739957535227,0.0968806035828009,0.0740659349875525,0.1843708061398886,3.079732762131939,1.4427639968070258,0
318,29.273285150216854,663.5200408948548,0.0742567335940998,2.923344647925384,0.0,1.0,17.15089397355309,119.66359047589717,0.2049275603024301,0.2979882359949574,0.2293764352480884,5.196020618163044,3.5473533982016554,1
319,25.14872671674739,821.4058951494922,0.098693229020161,2.501541890210107,1.0,0.0,13.70315177276968,118.37026804666858,0.2455102586103966,0.3253767071147792,0.1819874040095693,4.691239118414372,2.101112691974345,1
320,20.5607821423524,782.5864263061542,0.0830756831783666,1.045170425459959,0.0,0.0,13.880544320544352,84.45851408746275,0.2158210087970364,0.261608668498412,0.1468002996367488,4.618714508722233,1.8968861481411765,0
321,33.925230714033894,1204.6723164443158,0.1394426588588754,2.3932183339328152,1.0,0.0,15.822629955970273,90.22707745771848,0.2318660212559572,0.2879821274647297,0.2110176272830012,7.14576196952011,1.291019968269233,1
322,31.264015843538797,1072.9393122883246,0.1211836389826584,2.4769878978956568,1.0,0.0,16.022012582928127,134.34545950123373,0.2936870443588026,0.3221577004790882,0.2427287166618259,11.840862868048422,2.774202838751672,1
323,21.1409958992107,396.3024319739697,0.0982911720830896,2.012330947144753,1.0,0.0,12.754959357206914,77.49743132892858,0.0866355356162224,0.0454577768778294,0.1858931750484551,3.862924664005151,2.1034246242770296,0
324,9.019890665569449,641.3418741959083,0.1295533253550986,2.6578023438871647,1.0,0.0,9.880211224015744,105.16242615900693,0.3069721607648401,0.3971173338470814,0.1976372791105455,10.979377813894995,2.6861066113799232,1
325,18.843111441329263,1070.4501006896598,0.0956895603554988,1.6181515689763677,0.0,0.0,18.80112194243139,105.87790300500468,0.1780995922230654,0.1056325261147544,0.2042831907097048,4.990536684510952,2.987376312087519,1
326,8.270751930900438,77.01463497353515,0.0786025425256861,1.2627998999041143,1.0,0.0,13.24464768531836,92.94314260849612,0.1399965390931396,0.0356433790086695,0.2098357978252464,4.950501911872837,1.6148622138087825,0
327,18.279063984896226,778.1506476422624,0.0871433782280429,1.7186653292384404,0.0,1.0,10.16490678590579,66.94068465311173,0.1336382153154688,0.124989267796337,0.1690593413787192,5.262214779200066,1.5518847197559855,0
328,11.730545306025816,1015.635979369902,0.0739546377091548,1.5322931001408584,1.0,0.0,15.176391334320057,69.47374336803821,0.1472019076539659,0.1257321915429572,0.1563169545285066,6.178953000215053,2.9687059015385158,0
329,20.279742274061427,599.2816283393616,0.0772427216793972,1.559571903502274,1.0,0.0,8.979231832818094,86.55098833347253,0.1177089022285041,0.1577196554298122,0.1585761243849309,2.3703247387766644,1.841483034315918,0
330,29.69570473989048,471.2334018071385,0.0949839537526388,1.2423998119654005,0.0,1.0,13.88911167812555,94.92935599283048,0.0958874381023302,0.2626248747024903,0.149466215317565,5.844505489584634,3.35817401650901,0
331,13.517402924012297,864.2635471752203,0.1038712337165492,1.6412632285098472,1.0,0.0,5.206578583110337,68.56937708918525,0.0883001098626845,0.1315935911891684,0.1882245068005042,4.700624112263788,1.6004234722344752,0
332,20.827931315118025,641.3041982754553,0.0970409257383238,1.1948782646916218,1.0,0.0,11.51347861044679,80.84629179910706,0.1608088506362055,0.0290795267215509,0.15796128692086,3.2791199561331537,2.812249659641209,0
333,18.693963021032523,589.352604003234,0.1153570622934532,1.7871582045789247,1.0,0.0,20.26754637818788,106.70595226546064,0.3115283758934641,0.4640606510571774,0.2486966540477876,10.204603729486662,2.432564611815551,1
334,19.870501997682208,629.6114367448536,0.090590124706677,1.554213346783731,1.0,0.0,13.222914615932066,73.66892172365456,0.0939670647965106,-0.0190482987057301,0.1574941948786474,3.6527783956433577,1.8788883016733056,0
335,12.085709661719314,639.9092740610873,0.0767096398034634,1.6710591166569568,1.0,0.0,9.66754911194574,104.13070824573342,0.1637713470677038,0.1404556066486972,0.1565506017486883,3.886205360509949,1.1015865955485395,0
336,15.430280228462356,813.5059223952671,0.0994762893042881,1.0888987607999083,0.0,1.0,13.286844907999107,69.29788522839442,0.0805970883707777,0.2656382962461379,0.1753740137072897,5.552047513717049,1.4230113523064414,0
337,14.309776910478286,782.5864263061542,0.0797163171828301,1.824338242235985,0.0,0.0,14.737497311182567,57.400807562849096,0.2225634298743717,0.1181856278680423,0.1311672948230507,5.350972896270145,1.329647738859611,0
338,16.61826483731119,1021.5412319715274,0.1145700428182685,2.1581098245690757,0.0,0.0,18.34918851793897,151.68404071712547,0.3195305685369976,0.5317801772216734,0.2099540174078133,5.155350912248437,3.121535847349953,1
339,29.11619622306813,1135.8215394717056,0.1001468882360551,2.0509432850839646,1.0,0.0,12.292879560608323,99.8513845049442,0.1841600118587193,0.3162876777518865,0.2838826887155366,7.580209850830579,3.621761960390975,1
340,15.879966910561516,691.1538453369766,0.0648696599319913,1.7572339164529651,1.0,0.0,9.54790996764272,99.6812662416084,0.0831275095159579,0.0761144236986698,0.154577776660984,4.569313452028249,2.077835251428756,0
341,27.688047329813973,1133.4988949429662,0.078322460964954,2.1110615549776504,1.0,0.0,10.364888832785374,136.06000054597482,0.2021455673858526,0.4280430866317267,0.20842961264499,9.14325524903313,2.649464329811149,1
342,12.836671147340937,459.8769445322544,0.0901688957968499,1.3825076728638663,1.0,0.0,9.778227423836048,74.54159315736615,0.0531284461112126,0.1864520483538138,0.1715843660748279,4.658257452901702,1.4030592274008395,0
343,21.84436129592532,979.5900712002136,0.1050687339911925,2.394592276376015,1.0,0.0,15.44917955582761,122.28217088485336,0.3312699917994924,0.348567677624177,0.1394310976546119,4.670162706436573,1.8857154687946724,1
344,24.43109335409664,1316.1943196815173,0.1039645041120443,2.618054062868958,0.0,0.0,15.164555023162546,118.6021093493083,0.3161698933513542,0.1416742868855969,0.22780929451594,4.404423967157133,2.6988218456861253,1
345,18.065160246094045,782.5864263061542,0.0589085766273017,1.3314306509383311,0.0,1.0,10.79415063286748,66.20559592343665,0.15169069493021,0.0954230072153215,0.149707163417623,6.051144361391694,1.4828757677986557,0
346,30.255880684175917,1229.250610467394,0.1017440722243938,1.7115191397963705,0.0,1.0,19.509906148318667,106.82116221517455,0.2559463399183908,-0.0632529039975203,0.1962596388359977,8.595493797377472,2.584793343236877,1
347,37.739899815061975,1394.78048558788,0.09563692073188959,2.104842752489874,1.0,0.0,18.37212959388687,120.56716332890726,0.3730878970350118,0.3085349921072377,0.1810914852645686,5.844591460239901,3.3614095219109794,1
348,20.829107605448726,1373.301985890728,0.1224308287839465,2.8603953074556427,0.0,0.0,14.77938121339568,156.81059803943225,0.2934067995248183,0.4418700449157822,0.1715785026563449,10.542816980262764,1.910507704248095,1
349,9.69324309820104,688.6466777437637,0.0882718401169087,1.2067657000094942,0.0,1.0,9.770287175109406,78.23602321012802,0.0550593689066381,0.2496975226305793,0.1473267199111391,6.069702329781869,1.8853143727052737,0
350,18.75768689385984,136.12195849012988,0.0868786380736495,2.0906945132397494,0.0,1.0,11.728595590825778,78.14460215732326,0.1586710512769219,0.1344903306648361,0.1605517652065187,3.939502684603261,2.615098400088025,0
351,19.47833837937068,1471.5538844147022,0.1035695990788826,1.8999854557854312,1.0,0.0,16.47273909224756,129.7764656690073,0.1836826207769404,0.4306469102223975,0.200530246093923,9.333841598250109,3.6354376206840735,1
352,19.005837521875357,921.38401011715,0.0956418661231004,1.8748311842238208,1.0,0.0,9.564827792362587,42.82042821308115,0.1438727570238365,0.0675158969802075,0.194764146259854,5.738263235498087,1.8432449087029688,0
353,13.90945250477773,522.421979575642,0.0873214979406141,1.2795762367638257,0.0,0.0,14.83799799458731,84.39576636382333,0.1113325954379483,0.0387454473021245,0.1630434078374896,5.4357436603336025,1.937106409108828,0
354,18.5436556548282,1052.6511335129226,0.1240833875764726,1.902977729272583,0.0,0.0,14.4456351049844,94.9230054593823,0.2243672838753235,0.145104144936603,0.2728118205328656,9.1236616299362,3.0065885870057034,1
355,24.654986429832416,939.4063293326132,0.1468225811416294,1.987228110620519,0.0,1.0,10.601457309763688,105.18858330228268,0.1333535123050511,0.3389820099789962,0.2330401380005136,7.489813668027855,3.071618338606352,1
356,24.08847534568461,1247.4917304932442,0.1198452209497816,2.706099455107032,0.0,0.0,16.85540133734786,130.09798333099766,0.3010031077525409,0.2653773578080821,0.1471949887341742,8.985083762418679,2.594997335274746,1
357,22.440808607553866,779.213013794022,0.1175198177578618,2.025380821967683,0.0,1.0,21.000404495224917,145.250614046051,0.1575029814545562,0.2805212320578119,0.1723194667952573,9.540707280818015,2.7736805929966324,1
358,24.416569462916787,782.5864263061542,0.0535820686614231,1.68853475388846,0.0,0.0,12.642867279912618,88.9389702055875,0.1667575354366168,0.1420627892030386,0.1959539627347994,4.184986596442882,1.527257732073245,0
359,14.772594821112358,768.2208730453541,0.0870414735675668,1.2253917714469198,1.0,0.0,11.449382526701926,89.29494677243636,0.1235639111557509,0.1450162477285286,0.1781874234569977,3.0108094322131143,1.9806994856329625,0
360,15.617870276672694,562.447495477109,0.045946334520678,2.0172886342300376,1.0,0.0,12.950060514818787,61.2452962556103,0.1563673486229344,0.1502456585828949,0.1679771301097175,5.751142111061184,1.779098876124185,0
361,15.533000773800593,708.0374470747684,0.0938133627644227,1.5127873213266818,1.0,0.0,10.544446594281304,63.323325512983374,0.1333581337354051,0.1770569297006197,0.1190572412660893,4.827368300097784,1.419547109990087,0
362,19.090753008780982,537.7352090844906,0.1009571584373594,1.245302745624536,0.0,1.0,13.224827437150385,74.2648708853652,0.0739056580645773,0.0359576204881647,0.1801632447169882,2.385087469385456,1.9595097590325885,0
363,20.360518618113453,821.6575643180523,0.0828019405351585,1.9864126887954676,1.0,0.0,19.57271780871699,79.03172157284371,0.2233995270763043,0.1621209524548936,0.2084319522920898,7.684027365958821,1.609788892459552,1
364,7.615352468129873,938.8288675931336,0.0401196991273116,1.2290854869792265,1.0,0.0,8.978371790129044,86.01810745224493,0.1969404594375546,0.2044731531715636,0.1923333641969942,5.424978126081376,1.5877426277443734,0
365,27.978453428059343,733.1437893781401,0.109293556167544,1.9168828352374172,1.0,0.0,16.18200563141941,112.31237863639876,0.2100677414114376,0.1068501190945972,0.1821791939918638,3.567022719550594,2.4031594513344863,1
366,22.90999691103689,513.4995164691943,0.0988827216662381,2.294333537763229,0.0,1.0,15.137883543287115,124.06509002571542,0.1816386832083558,0.3088808487249674,0.1997090043942818,10.767900948589157,1.903948964857199,1
367,22.02643498278059,329.8999055845203,0.09563692073188959,1.846396771616696,0.0,0.0,8.08512979454457,83.15369330003439,0.0516303255586904,0.1376158272253852,0.1617365460390557,5.122925548074166,2.010313803027024,0
368,21.78550264896713,1349.370507378818,0.1161108836994754,2.130532581907596,0.0,1.0,14.563663956857974,141.44334292442252,0.1710620958003455,0.1218696067397347,0.1842913871155894,6.939370713469787,2.4701547092402647,1
369,21.978909428444855,513.3800235296204,0.0800323214240785,1.733100888755184,0.0,0.0,9.35536036007168,96.04870153116458,0.1505694344275822,0.2731907791215541,0.1576451420802589,1.475582000491967,1.5900719044428164,0
370,12.305333334131726,458.0548103026772,0.0844207498276777,1.370477202808949,1.0,0.0,14.170964614717,99.10497581195656,0.1637692559229837,0.1016953075261007,0.166334439266936,4.284866349158721,1.3955513643945796,0
371,23.574681992621887,1132.3234385331052,0.0902261529865396,2.000212757261646,1.0,0.0,13.213757673585706,110.42402984371309,0.466377015931823,0.411178053498441,0.1528448818188462,6.3203318450178125,3.261320038544806,1
372,14.903405982829437,1147.0235191413362,0.09563692073188959,1.472994092534106,0.0,1.0,11.538996215192892,130.67935302433892,0.4164228139108792,0.4142706370084212,0.1824306971145867,5.953292812096591,2.8631777246412597,1
373,26.39222941454693,1208.6665122531665,0.1187274500601376,2.923727421368688,0.0,1.0,16.895109026017558,119.08828743002827,0.2181800764836949,0.1080398799213738,0.2378177894557021,2.80688988970599,3.076296263322167,1
374,13.65417526080305,737.6004172914542,0.1002381250764027,2.2384220396957457,0.0,0.0,15.606277516150422,112.82624566826696,0.2509477817157476,0.4642481824413003,0.1504669834592585,8.79982923034458,3.143830008749399,1
375,18.50016635018808,713.8331317944965,0.0832500119427145,1.3147593981007617,0.0,1.0,10.383104301815184,82.00683594297658,0.1958415104597288,0.1090062334856512,0.1730207221657972,3.3556103128625425,1.6765405819129688,0
376,19.780835445567515,585.6379319268658,0.056230362673783,1.33441762007282,1.0,0.0,12.612014199666447,80.45219598173021,0.1449921292032143,0.1043579939218763,0.1502598244693359,4.835729116811175,1.421506837905955,0
377,14.836536987417732,897.9600204908727,0.0993983971448344,2.0523939083152056,1.0,0.0,16.064847559690648,60.72805760102296,0.0736891861189933,0.1269484096422042,0.16741602276483,4.197910361387729,2.047590220424309,0
378,23.671473141960625,501.2207402654191,0.1194087102160784,1.375925302902974,1.0,0.0,12.08635919313787,93.0567375461196,0.1497143630934871,0.3229702349055954,0.1635337436458933,3.913282595925109,1.3161945699100346,0
379,20.360518618113453,1187.1364686250986,0.114618970319711,2.5013447289577995,0.0,1.0,9.447557009328609,143.36805092073166,0.2916537636244258,0.3115424684795399,0.2121958239405884,11.148147492107626,2.427675645263815,1
380,25.37286974465898,740.3607800302585,0.1168439926365988,1.7136140968497588,0.0,0.0,18.608769567613816,108.46642868182026,0.2581380318384071,0.2899325405282077,0.1896831469418774,8.428682976119072,3.00850620406984,1
381,13.935869611144613,337.79473729659986,0.0585712716346831,1.4134397672446573,0.0,0.0,14.08121237295238,73.85866140453773,0.0847873083277283,-0.0085286779358743,0.1527264971197097,1.831878629535664,2.1491087754018747,0
382,29.400337985240498,589.5905821912871,0.0822631113790064,1.7294629597576074,0.0,1.0,19.06664900142787,171.66991223788546,0.1333567997322375,0.1612707704474534,0.1811959193688445,10.317929243003142,2.323375898746081,1
383,14.84901066975223,902.9426351010392,0.1044147120900137,1.7241441374528907,0.0,0.0,8.54210277174081,74.09680520190219,0.2484226143658374,-0.0479611930945947,0.1532645643423969,7.552328543895983,1.5538961045159776,0
384,27.61711818722701,782.5864263061542,0.1068408500485965,2.279152188381391,0.0,0.0,17.34122118478274,116.0642439420708,0.1766331509168495,0.2626249501786249,0.145071292202008,11.160885913757832,2.6002035353313486,1
385,33.698740256808144,1438.1353841518448,0.1106650780313391,2.4258142862294347,0.0,0.0,15.393858413439212,119.40735097676009,0.1675572144146212,0.2731888286799159,0.186920589298116,5.897345364993152,1.6897865209201794,1
386,17.329351034294714,1764.9503612105038,0.0811681165136084,2.0371226920551027,1.0,0.0,15.692094190808088,96.2072969742039,0.1042625421532606,0.0599076428332558,0.1408175268695964,7.007047914016573,1.665269545600249,0
387,27.612448183033933,968.1092546716272,0.1539804150890607,1.4297172419488628,0.0,0.0,17.527382301147284,89.86705498741904,0.1276483960457023,0.491984806291725,0.2214599443715734,10.624031987425443,2.9075213439057266,1
388,33.227909365215964,1378.0476322785496,0.0850812024398558,2.158215557300903,1.0,0.0,10.908439765854371,158.7699797219198,0.2728923592243432,0.3995098234036858,0.2328058929858784,11.748785073481944,2.6253490200842955,1
389,22.49573630247456,974.3676950974616,0.0738240836946292,1.5144897581806145,1.0,0.0,12.42491249124162,88.36255731550756,0.1866336125386735,0.1398460588773328,0.1835915469878576,5.703873893898982,1.9356669010726475,0
390,13.898391612091974,507.7957626015243,0.0565907732292926,2.048598638408821,0.0,1.0,12.55270894945388,87.26331161520262,0.1521610132217518,0.0382107818098457,0.1229840019071848,2.7639533261118965,1.0213726636943057,0
391,23.162149188598463,438.4616984059704,0.0976394724096933,1.7871582045789247,1.0,0.0,11.369552585921843,49.68773623121079,0.2153201840122269,0.1275823471142487,0.1787946666799908,6.855451405850194,1.6646232542221508,0
392,30.35334976779357,752.3078657550145,0.088292981705001,2.069834307747868,0.0,0.0,18.239202907612533,115.610729899907,0.1433623540522331,0.2806573684087261,0.2664604715415904,9.942847369967346,3.7997184863632993,1
393,6.248614601283487,640.4758363330437,0.0940618139412444,1.7209241385169731,0.0,1.0,14.656158925375316,88.06377960565709,0.1390791604451603,0.0585896393800666,0.2082889216859782,2.54284910811635,2.3143203050365404,0
394,15.454382849190017,650.828395007969,0.0931718031588318,1.5040812219962565,0.0,0.0,12.783559985772076,94.03803243829763,0.2218592409015504,0.0657314862739481,0.151919249390288,2.6745746384879894,1.7615124756894929,0
395,37.81151388228084,1555.2257309916652,0.1133310013493703,2.931350235379592,0.0,0.0,17.14705291209613,112.68607034168664,0.1799569742066673,0.301146521028564,0.2504384474344462,7.814594967784786,4.021069232723193,1
396,21.47389572352499,1207.8778140285913,0.114169548466391,1.7871582045789247,0.0,0.0,15.929401459988917,117.18681152681818,0.285903976144851,0.3036958175371328,0.2224325094419982,6.393756612851816,1.9933813816547377,1
397,26.839025165960848,1554.6690265836976,0.0988735664028186,1.999227206763452,1.0,0.0,25.06459160214217,144.02509313909226,0.1400569104628093,0.446938343359407,0.1501860149521178,11.68289689328616,2.26459118550721,1
398,31.175506805308817,510.6654554789524,0.1049892259272239,1.58789186466065,0.0,1.0,11.799290234814151,85.61661836677747,0.26149620901362,0.0375010002218399,0.148701041778988,-0.1531349734586173,1.5689702646108463,0
399,17.29915106485198,605.7856192324591,0.0820776800530278,1.5444156412756196,1.0,0.0,14.575765812067845,99.59092192764088,0.1579927869914253,0.014397504281315,0.1893842078180627,2.321257248540329,2.1325056812163234,0
400,10.80110325532578,626.2990431809181,0.0893118589756461,1.5365389921256614,1.0,0.0,11.17513471717998,50.28134569169329,0.1649496134688736,0.1681564768267894,0.2209133444141939,2.4390078420036696,1.746529485979318,0
401,16.751285078508133,654.4529548372678,0.0642825190808727,1.8987236021967056,0.0,1.0,15.802367945702454,58.97705229601223,0.1564501044415924,0.1517204163183733,0.1612968664905422,6.604729005762947,1.2674565579106254,0
402,17.740893804322532,645.5114423202353,0.1136834319749706,1.7871582045789247,1.0,0.0,9.67776795274386,81.73747923514347,0.1233034841261896,0.1628963792715076,0.1068781298716855,3.592668680844219,2.4539046646790275,0
403,17.513907986656395,942.257468912583,0.0850157605523311,1.3731462904851703,1.0,0.0,12.21856197481084,81.36794554057141,0.186371083775868,0.0294863203489868,0.1786599684963788,4.898546920382643,1.8586459339821255,0
404,9.613254309602226,239.59698300815103,0.1001795201397932,1.4599230999298909,1.0,0.0,14.345074251420549,70.68899380096165,0.1414928094028315,0.2064779546798634,0.1570085205578489,3.1476916386877623,2.6627810930550484,0
405,19.02947246907281,1897.963260240924,0.0505046429392409,2.2335762878642536,0.0,1.0,15.899535956281516,221.39685433403005,0.2698240393911528,0.428201404266446,0.1501847127020509,9.4547032489401,3.961045254331607,1
406,25.34641792721601,971.0038903803594,0.1025522168000482,2.156722528911565,0.0,0.0,18.938100254013023,108.00296512443744,0.195373346895591,0.3149856460120841,0.2054951979708348,9.42983942400267,1.588114452422883,1
407,22.32180824022276,1017.6206273435566,0.1112762876685837,1.7443988509060984,1.0,0.0,17.18769913408881,96.72413296832956,0.3081670504530486,0.3004368902670862,0.2068103294040934,4.775530783347508,3.786361483484936,1
408,17.944091262790305,702.8017392447729,0.0983397861088008,1.268416960884314,0.0,0.0,7.092912490408487,67.47263592706238,0.143615214011935,0.1825836583902029,0.2325556090519274,2.218074207136419,1.412942385240722,0
409,21.207947604553745,648.4124491269871,0.0832703580549628,1.832918542630361,1.0,0.0,11.520780308386286,60.03786107207001,0.1679406222638694,0.1052208560956367,0.1634928051561661,4.721415457413304,2.5055355311727614,0
410,10.373683237269288,250.7403808821209,0.0893016115251477,1.4347683850609938,0.0,1.0,13.196998144293966,48.98554168867474,0.2034920118612002,0.1869738354919404,0.1729411879386025,4.505523067902059,1.4962012428478229,0
411,35.25014622752586,700.2620537503841,0.0969239892595853,2.0615226103316147,0.0,0.0,16.678390947614883,114.90389627345424,0.0758012312836364,0.3228206345890527,0.2252820271021332,3.915839263199178,2.012967139008362,1
412,25.511571226749936,2438.9781083429043,0.0897030082783317,1.8522284112075464,1.0,0.0,11.20803235753049,236.9095228271335,0.2445988479829202,0.639249249425282,0.2131724590561123,3.792890762039881,2.677077371684003,1
413,13.157165274162075,425.7557739200112,0.0788188814549627,1.242940014080211,1.0,0.0,12.68011883088281,88.83536254888575,0.2162301189315477,0.0756227751560177,0.1899549693182713,4.657124922395818,1.714015164245306,0
414,24.51328989660946,1154.6893731300668,0.1194577639910214,2.284551309883505,0.0,0.0,18.157158207274723,114.67365575307954,0.3003545882722018,0.1703681642994625,0.2273461065663697,8.217866484394841,2.222070143789016,1
415,20.020258280896776,1.0953399554029488,0.1031054617203854,1.5490817728853363,0.0,1.0,13.592828252758494,88.43358589637398,0.0933862268143312,0.0682218483286291,0.1945561115730545,5.055291770089754,1.1588940484855164,0
416,16.094651493258542,561.4467085480144,0.0853536002072952,1.444332478960186,1.0,0.0,9.262906288863702,88.24144261153646,0.1581061645315172,0.2619249234508561,0.1747950852851963,2.9858991499455687,2.5900820938489435,0
417,21.40193459033131,662.6577768577042,0.0813236711860269,1.5227931626642557,0.0,0.0,9.996779391785282,93.15031213812648,0.0506870222493933,0.0219276064075584,0.1602789976746448,3.261860554551705,2.280931415325545,0
418,31.5807639973988,1156.6037106530648,0.0866514523145497,2.2580975831900294,1.0,0.0,15.893334887911996,132.23929512172973,0.2669284436263296,0.3692138812991792,0.1777275218527345,5.563501736114907,2.6638280100633493,1
419,20.343703345004823,349.5868031538199,0.0895297119822335,1.6284704844049056,0.0,0.0,10.295001400650497,79.40086829624204,0.1218961986613437,0.228902865791594,0.1723968785888914,3.135480607399373,2.16716873413286,0
420,13.138518349602494,936.1687242115796,0.0687529619945641,1.5322844894657277,0.0,0.0,9.06044308926856,68.43818895439586,0.1056145486342504,0.1976797246615391,0.1726603195017546,3.207903981598056,1.8932983708634712,0
421,12.321906471125027,277.2523875949023,0.1076676984381109,1.2208079739075868,0.0,1.0,16.06508891739528,105.67102633676204,0.1464441188133831,0.1194397563061654,0.1908393253501373,5.861097965910513,2.3712023127913047,0
422,21.14250107888568,1135.9615299516054,0.1083636505394457,2.497132501455711,1.0,0.0,15.995538318293768,115.58537967809652,0.1957699173012328,0.4765054202169028,0.1912071964198833,7.412541294889843,2.7426037655531736,1
423,21.37152644290639,937.7727811094874,0.0702235631528888,1.0091974262546215,1.0,0.0,11.324621406137451,63.38220770665234,0.1595146739168947,0.2206963291462348,0.1404974062297707,5.220828473069304,2.158273576367232,0
424,18.8391348784264,873.9192690473028,0.0549485149126941,1.2411433435495554,1.0,0.0,13.497793044772733,101.28377107869026,0.1332909930123028,0.1748715704251058,0.14395474942182,5.376339715679533,1.456338787371272,0
425,19.412356365429392,816.7923476998533,0.0711360955348361,1.7289407524952185,0.0,0.0,10.35980272567782,90.67936200075896,0.1393925966627461,0.0932702794942016,0.186922732981442,3.0808044453082566,2.5156563064506847,0
426,18.49124374132855,867.1485293345563,0.1035893707717855,2.299998601029304,1.0,0.0,21.25096770192453,81.87238945717948,0.3232635707210095,0.1801828139153135,0.2240863905294494,10.496487773600853,1.8887345856887572,1
427,12.065997873141288,625.9120587876004,0.0480829610992494,1.9898828833072355,1.0,0.0,15.283438815911923,117.16824946705805,0.1794698228475455,0.5079673209740975,0.1983797935784491,4.662255384455616,1.1420958950015778,1
428,9.20813545848866,846.5520527297158,0.0369826651370843,1.874781784255044,0.0,0.0,8.702199761341753,106.54005985100936,0.1097099929272358,0.1256367117433517,0.1863445502731909,6.24579425314772,2.143831311897508,0
429,9.915330549912408,728.1825199669632,0.0882038088328594,1.361320865081458,0.0,1.0,18.365617598068223,39.11046724850787,0.1524390302307249,0.0595691790172523,0.149572465780359,1.2012496013090157,1.8162700506436236,0
430,15.25998640445489,522.7649623866006,0.0819044642940624,1.7613544585771472,1.0,0.0,10.792082546797388,97.43011556406816,0.1379141588106545,0.0680161120939406,0.1639012248475733,2.386587628590995,2.265479569407441,0
431,21.794155516591783,437.41927282277805,0.1103029355810967,1.933388533989147,1.0,0.0,9.49628113568636,68.376251994091,0.1566888915467351,0.2085561340906973,0.183055642247932,4.677820362272325,1.4589942732899748,0
432,16.764032388626397,465.7500637545197,0.0647491169281483,1.702724295253676,1.0,0.0,13.962370207585431,66.60587047805507,0.1806209707553638,0.0098568245214645,0.1778171961809146,3.861264922730406,2.07770576292464,0
433,11.50739787964054,472.0136619156388,0.0847984149137241,1.8265478859732305,0.0,1.0,12.100943610484247,81.2792610309986,0.1299127213691642,0.1658650036571833,0.1919091123991753,2.8910538454591825,0.7690663030221652,0
434,27.930688676797857,587.6188843475984,0.1187233456837778,1.9822074736615285,0.0,0.0,15.406109597753202,127.803392722461,0.2082442473311726,0.3379752664827485,0.2167309192527677,10.11754894286364,2.315991037225981,1
435,27.817724100883424,1552.3587044553938,0.0761198648164891,2.2196664367126626,0.0,0.0,18.45267595973476,120.31865172636525,0.205001611149395,0.1286568513615064,0.1720486365769218,8.602507910814486,2.7454228256232414,1
436,15.014255244007018,1091.9614697343054,0.0913597007305304,1.1059637942833396,0.0,0.0,13.7857415122983,68.18648195410856,0.1007093467030339,0.0721325125137708,0.1718617479411619,5.155159867530029,1.8542199948637368,0
437,23.77147366065539,1548.3062661550168,0.1297442757159176,2.5150247065993696,0.0,0.0,17.17509243434934,151.41743620246947,0.0901703478951259,0.216722795616292,0.2912989464454931,10.615821539240688,2.5337344864602414,1
438,18.23748502400147,840.1962334076135,0.0752155214161574,1.5463580335355074,0.0,0.0,13.88493111920218,65.68106526066603,0.0716336789745538,0.111883784405688,0.1419456500483399,3.841930383284264,2.2022330453431374,0
439,16.71971503974558,726.7089212164497,0.0758554715300359,1.2634753100417715,0.0,0.0,9.540237733535491,80.15954402523022,0.1471629519664428,-0.0161404764425621,0.1728438487902821,2.8835879351888978,1.6118044976142496,0
440,14.41761027256345,402.05278719492486,0.0852842974190327,0.9558657526444893,1.0,0.0,11.07868824510614,79.15977992249493,0.2308784845698482,0.0311804279874049,0.2100666853489371,3.914594932977908,1.3907048833754918,0
441,30.745779536363663,1580.70980159289,0.0811411026237966,2.076389136662202,1.0,0.0,16.80424681236329,117.87360890035464,0.3769495470225126,0.2779984120265789,0.2203471634193294,9.536300114188114,2.2721439196867537,1
442,20.03897370039548,386.7885060918461,0.0936255496589687,1.6552127637538523,1.0,0.0,14.784132044443746,101.10949559801882,0.1831933309551993,0.0141200582070094,0.1710478740126433,4.440349200841845,1.2322872297123375,0
443,10.100135109409369,496.58968367016826,0.0548485455916882,1.7425476823286554,0.0,0.0,10.037426722357624,85.56245314004313,0.1362745654853753,0.1564375508130368,0.1839291075644787,4.995437077481846,1.5379449521865138,0
444,22.78232734433501,737.9693698356781,0.0623623821196171,1.7043540400058856,0.0,1.0,12.54583938157478,77.38788924304635,0.1688394979756696,0.0821511062836819,0.1688736512622802,3.0072173584544624,2.327225537339463,0
445,18.75518632726216,686.1052994692791,0.1465593537855857,2.2275751193898907,1.0,0.0,18.71757337370104,103.46796446514058,0.2369858113997494,0.0851743105550744,0.209855819275462,10.010527579174113,2.8317033131064067,1
446,25.01443534118009,1071.3471719246118,0.0919674312385635,2.08150219632881,1.0,0.0,12.592903677039777,103.47476141943454,0.3106107143902943,0.2215064836431146,0.2523478090569895,0.6315843288994554,3.2002487231742456,1
447,8.736887978439947,241.2841752608761,0.0673375729251879,1.6896661316110806,1.0,0.0,11.242029988943385,105.71246536123336,0.2344311649573387,0.0623986810383074,0.1427672993757689,4.195659337983253,2.5287992392356227,0
448,23.20598928668621,997.5353420748175,0.1176380991556655,1.5913384620056488,0.0,1.0,18.887544148655287,83.92213991104914,0.2902997638110089,0.3514583605120329,0.2561926047805439,9.316457447907538,2.108321896180329,1
449,21.42178110637685,954.5439364369408,0.1476016901130049,1.8407174541605693,1.0,0.0,15.572649634956395,103.67970834526456,0.3190309707467819,0.2455876590391431,0.163680174532231,6.747352798767261,2.0729419105303446,1
450,13.518047542784023,424.4115877157861,0.0666730698617363,2.000985384893609,1.0,0.0,8.822525904891398,72.51573314411122,0.2040117866674827,0.1282904013219962,0.2074878479971136,2.7889202158957715,1.5656576441728598,0
451,28.699496703173253,782.5864263061542,0.0475129367930911,2.160030707758359,1.0,0.0,21.65223335289337,97.49279277830404,0.1031066476627851,0.1590437958613624,0.2309457828014351,7.91152801472363,2.9299811161895915,1
452,17.229500287226877,1062.7263856652128,0.1098365364082784,2.9377407737670778,0.0,0.0,20.320686533310912,114.89448805781907,0.1516344406874199,0.4387082769854716,0.1785150579871893,6.569447104314262,3.022041566009092,1
453,7.232284743169055,450.95768363423537,0.0955869395694164,1.7485885863410584,0.0,0.0,8.002871497527602,63.47774364534564,0.230154462341388,0.1165148390287869,0.1425661402558633,5.928075784786433,2.3892234426876606,0
454,26.45046759176938,782.5864263061542,0.063310901589031,1.511669118141556,0.0,0.0,17.26890552079498,115.17176277016364,0.3158896158019803,0.1403957113487822,0.1956544443684748,6.719552536234178,2.610264881324886,1
455,20.642730517752582,605.9531443202152,0.0738100839091447,1.3735402157925094,0.0,1.0,12.216339920231116,73.15395225739839,0.1589905756125314,0.0871122997936111,0.2012317941482992,4.4662460860208455,1.1366218997277833,0
456,12.120352612705606,607.9345423101781,0.0876330227886043,0.9426867145704844,1.0,0.0,13.635159227698257,97.61282247588984,0.1494917478823108,0.0515453647230993,0.1870542563524807,5.637814009371248,1.3323998170380906,0
457,31.37842723903591,1165.1412342585286,0.1055406270097931,2.241488612464479,0.0,1.0,15.901084955297586,105.73872111531963,0.1344392967668514,0.3284766666571923,0.2146644318252908,7.045549418394584,2.633826738251459,1
458,21.568248574027518,58.46055507222581,0.0932087125909065,1.7871582045789247,1.0,0.0,12.620053309629194,111.29563126327028,0.1049742438577285,0.1142371054131551,0.1845410525067285,5.771439248281297,1.3989165725190702,0
459,22.9112339252064,1399.3883478737034,0.1104570021439705,2.489553990355029,0.0,0.0,11.819966878525245,119.19831067966982,0.3564565846817175,0.5416676484505926,0.1359158698190191,4.6009511318208345,2.1947065500080223,1
460,15.274102960724326,793.8129063563006,0.0846632650850136,1.9023917624526856,1.0,0.0,15.746537224079995,81.48289167516529,0.1456389946153102,0.0944082214237751,0.15006706414897,4.541658037354648,1.803058033504222,0
461,20.360518618113453,857.7462460480342,0.0504645863645067,1.4670008673471986,0.0,0.0,12.974900907262176,80.33769461596592,0.1920924191376389,0.1451798786226613,0.18213812105129,3.0548591896758657,1.94272974634069,0
462,20.360518618113453,729.4309554100315,0.1115433602952722,1.339754442784929,1.0,0.0,14.248880278303329,85.2285611644261,0.2138161223711152,0.0653151137667553,0.1735995315151439,2.808039588414588,2.0567162057496646,0
463,17.42078705935163,626.5226430752743,0.0667812273101989,1.495537851152709,1.0,0.0,10.917932164187793,83.61500380095869,0.1313131008294379,0.2294112556641341,0.1652227655296412,5.265189844462929,1.284458840594576,0
464,24.9058424870877,994.5949893307436,0.1059360095631232,2.7530707715383147,0.0,0.0,12.162372154377174,102.03399345311232,0.3016542550659378,0.1131109355097729,0.2338308798644281,6.076928503819786,2.6665458075800625,1
465,25.5990804654951,1095.975743533665,0.0732595423998427,2.6881004872790566,1.0,0.0,12.987812377535608,126.26396806934623,0.2940406395187423,0.2411239112832973,0.2223147034990897,8.80837164075837,3.232409769470697,1
466,22.63545374285669,560.9040899430805,0.0930839456324269,1.1098358014028955,1.0,0.0,16.29854589666788,66.47945427736632,0.1604828707779458,0.2100967747049431,0.1854684290235629,2.1229344548124365,2.617750148611749,0
467,17.908249657892974,704.8452879695584,0.0834958740425284,1.6670769049525105,1.0,0.0,12.772764201396878,79.54621007411869,0.2015593491866401,0.1041446028089204,0.209586518763541,3.777180576789344,1.9559688127703143,0
468,29.13899869480053,723.4978838636368,0.0793217715772494,2.3048590728260168,0.0,0.0,15.940438926625992,94.2073211435044,0.1923283288952303,0.4131043463732898,0.2182907501252086,7.241050120159013,1.927922805813264,1
469,18.27606402512949,454.8589680057028,0.0729007305488772,1.427533769863926,0.0,1.0,11.26723403641478,72.47795864962289,0.1912118336817132,0.0992171841167761,0.1484210590460003,3.0122970220968432,1.4860164709373518,0
470,13.388947050832066,1386.6532935583991,0.09563692073188959,2.356279765047133,0.0,1.0,14.501769657464706,152.22514747961057,0.2584955493709861,0.3895212192784307,0.16999677029652,10.16594780868839,3.0526501060931017,1
471,28.050614687188432,701.7263595287134,0.069645591625879,2.878524104711692,0.0,0.0,15.703349843537712,96.08273384207352,0.2870937898648172,0.231193428540472,0.2109814234700304,3.865619162292962,3.259733384860758,1
472,24.5276473046696,924.911520456276,0.0947884979641934,2.50762888797274,1.0,0.0,15.569233575598972,120.1506630625797,0.3038794779819631,0.3037525752707779,0.246142855681424,8.072368802448198,3.200333508258773,1
473,26.8604281427897,1110.3816043039828,0.0798155149473073,3.2018986018019597,0.0,1.0,18.61716699813988,109.31419778893324,0.2619851695266653,0.1775991454599935,0.1683736168233127,9.42459593911241,2.8153742858849475,1
474,14.259268353942188,1159.4154108882735,0.09563692073188959,2.5557766948791687,0.0,0.0,16.294692715759027,98.94383930102484,0.2315629947342513,0.4266580959526976,0.2885896400659709,6.614789199440139,2.2653059360862287,1
475,17.522259177078375,413.2285369296019,0.0785836585515452,1.2136211472902194,1.0,0.0,10.920467863877043,66.8949666211606,0.165268449863415,0.2354789516315293,0.1739586844218874,2.276081408945764,2.226962211014341,0
476,25.02906535865493,1001.1830715286968,0.1112462312960726,1.7871582045789247,1.0,0.0,19.335999669252494,123.50266493427443,0.3977406746081822,0.5480050273513499,0.1974037771232715,5.2588958901474685,3.759358091499132,1
477,28.465985063119412,1010.0510382842796,0.1050625012282834,2.583813253955632,0.0,0.0,18.28699417532644,105.00773352757044,0.2207322291067547,0.3537940554124947,0.1173821865053752,9.02952930931995,3.525080148780261,1
478,17.344895205411113,645.0058777972079,0.109602570400965,1.539348660362756,0.0,1.0,13.1862599674059,63.69108973588472,0.1657556192016084,0.0464761289704432,0.2521904640626455,3.841525539302584,1.976778390828568,0
479,24.987912555312377,419.1906316600308,0.0689691928206615,1.5112450291324544,1.0,0.0,9.563812310489784,74.947006924392,0.0403341247212009,0.193605907831292,0.1932554548735901,7.358778347585044,2.415511025345279,0
480,29.01732830150587,1008.8073181136666,0.1373328344667079,2.4448484440825924,0.0,0.0,10.35891421072418,84.3042534180972,0.3104747524765739,0.2336134499940117,0.1866544229429931,7.014719062377164,3.478455959434978,1
481,17.56676787487126,749.6782779655423,0.0732658073102492,1.8241398480213704,0.0,1.0,13.572040704489346,57.59853895947911,0.1659714342592989,0.0409747222764814,0.1980072000634489,6.421847141135391,1.9237942413852784,0
482,26.379714484914658,968.9181908897934,0.1403038649592123,1.843178163810291,1.0,0.0,15.3700615710493,138.91952924967407,0.2670199670456512,0.2966026017001217,0.2422360377244313,8.632120628077313,2.6940868015434143,1
483,18.89817800699172,481.2639011906143,0.0640109538655899,1.1737343188767486,0.0,0.0,11.62151192105106,98.07676609421677,0.155314945889741,0.1835149228562438,0.1747659401935945,4.254681657849542,2.0975413463116697,0
484,24.441079185234287,1026.3636385443815,0.0960656917871998,2.237492012850016,1.0,0.0,19.738681861995936,129.59038701972403,0.2460762716534681,0.3965553900930277,0.2105358051888268,6.467654993163787,3.451619410179605,1
485,29.43993746038928,1078.4285323064566,0.1255210437008334,2.879298253437426,0.0,1.0,14.99189144611232,138.19192578750994,0.0893951281091533,0.3644518730735337,0.1998666503405302,6.244516262773485,3.5517204913036484,1
486,16.249421241556902,270.76236458765595,0.0804434809097145,1.8537311610401943,0.0,0.0,12.589382074319282,92.10891584503464,0.0873041926990067,0.2198703764674891,0.22900972647112,3.6217915763331145,1.0329549150245327,0
487,20.21778442390654,640.5314756387133,0.0662953696535124,1.6451658895946448,0.0,1.0,13.516566737711496,81.25549097923263,0.1023570923033618,0.1655886797983071,0.1532022248746027,3.741548925840944,2.295466424552473,0
488,22.52685728504085,880.6916157027347,0.1487018599636027,1.959137172124953,0.0,1.0,16.668377483704745,74.31502280978154,0.1800081720766207,0.3821166721625766,0.2839549622192899,13.823119257925253,3.1141981177358176,1
489,9.553531546991312,631.7872088119803,0.0802443166540029,1.0725380038480736,1.0,0.0,10.432399530960822,94.43474868320216,0.163026137822722,0.1274515357312358,0.164395538886048,2.370400170097572,1.639934018944385,0
490,20.360518618113453,295.85250292281444,0.0884462104506988,1.874437346931696,0.0,0.0,9.515330287621046,83.45083417318251,0.153602850124903,0.0654216825644328,0.1813557459073566,3.3849660375034114,1.9019420358798271,0
491,14.465156271652756,1064.5180700518322,0.089830738699937,2.04464252842053,0.0,1.0,21.132985535229725,87.63851782936021,0.3185088558769895,0.4323019527377227,0.2444489366039937,8.857788199265233,2.2428015983664515,1
492,32.443489040484934,837.0061714247468,0.1454031570520376,2.2146686709863497,1.0,0.0,18.09624314378124,110.43813536005932,0.2602458249984824,0.238177789435166,0.1635083340719677,7.223885336897582,2.7975679843976344,1
493,20.24110483588593,863.0892195318665,0.1018110144157755,1.4795722789955892,0.0,1.0,17.203215728201258,81.36239289954923,0.2796384760210488,0.2103991005175023,0.1417996490904616,1.950608959409328,3.243402558843132,1
494,25.51630028134733,674.4457345274427,0.0654218014948373,1.5053366221067743,1.0,0.0,12.232683880175392,81.77466722175004,0.1399918183115634,0.0653550708505934,0.1689485716303396,3.216345322063523,2.306551713614783,0
495,15.859020884054065,747.4339966625145,0.1119309614818038,1.3657129603421134,0.0,0.0,13.767620798303518,55.64347471925633,0.1214290712392236,0.1221521265609585,0.1153955235486308,0.1153717080135923,1.7148640685736656,0
496,22.21107328656652,780.3596359563438,0.1198251051714546,2.71093498845599,1.0,0.0,19.20431888543621,108.7024933587384,0.3003683125070088,0.2564362752768188,0.196497336454552,10.15481888399184,3.0109074445210164,1
497,18.434876467840706,716.5939178907639,0.0746915945722966,0.8210716378232782,0.0,0.0,14.5510087162879,87.90929809537924,0.1406200037164412,0.1744788048733031,0.1672076297194541,3.882250891754592,2.007457427858101,0
498,20.319134125641025,680.8793971729992,0.0853622302539227,1.3042128709683416,0.0,1.0,13.26070948139678,55.55400252130707,0.2030427385099018,0.1010202393929289,0.2222558486417012,4.320169113983797,1.0693049680321232,0
499,17.26912242141142,770.6802838071017,0.0466634166905224,1.6958169316787477,0.0,1.0,13.164563487076684,110.63386760766188,0.0983422234999112,0.1646987000144743,0.1724268327494514,0.6709895125700163,2.1341193041197304,0
500,11.769607294560853,409.922464055394,0.1068342649614401,1.944724095282216,0.0,1.0,13.062749284170268,61.71070421260906,0.1111172298403143,0.0344945549968299,0.189918925712742,1.9150012756296129,2.544751681808616,0
501,19.388382254452797,576.8177862775804,0.1741460414811099,2.319300175360561,1.0,0.0,18.392643253457543,126.65090109006354,0.3340569253736202,0.4903378018812645,0.2381222080636023,9.861973280585104,2.3426043348762358,1
502,15.19440765822189,592.9117991160766,0.0865786629590379,1.6534103794087445,0.0,1.0,13.150474237103095,94.7588530586668,0.1278325295371804,0.0406526233483986,0.1311356220372845,5.5685543379474485,1.3888301829262786,0
503,24.707842701973053,1294.837633373225,0.1548278581901874,1.7871582045789247,0.0,0.0,14.41992652498163,116.02770821248644,0.3178690106582936,0.4080255686829881,0.2513319600021768,6.087275529017597,1.9404075717035856,1
504,19.135092705917398,492.2721442307594,0.1163957768066571,1.3720126858866308,1.0,0.0,11.887084096680118,65.2626781565108,0.1224257083189927,0.1468930284750644,0.1488180840805043,4.168542303615782,1.4498855817280194,0
505,18.23748502400147,840.1962334076135,0.0752155214161574,1.5463580335355074,0.0,0.0,13.88493111920218,65.68106526066603,0.0716336789745538,0.111883784405688,0.1419456500483399,3.841930383284264,2.2022330453431374,0
506,28.44180688745133,1015.5357093689616,0.1464197362772626,1.9618610534178489,0.0,0.0,18.959584529637983,128.30543012580188,0.2430256374533913,0.1735095282705209,0.1794833190411637,4.637201672224866,2.2108718954784243,1
507,22.57860183881345,955.1845661599488,0.1333918594812685,1.6444371462865943,1.0,0.0,16.653554473570743,87.07576371249935,0.2785775830816372,0.3738315746203992,0.2203388274148888,12.14160601609157,4.158006586468654,1
508,20.65609652523502,702.2156818062083,0.0804586778341873,1.1325111730409163,0.0,1.0,9.639115294350429,66.9052510797421,0.1476785814528435,0.0826200375020267,0.1979513225123133,2.9949104712019903,1.717556441166122,0
509,13.889859911077616,294.85797037886346,0.0907541070263689,1.1083927746897957,1.0,0.0,14.681143807217069,73.89996921442335,0.1712441964708474,0.1796538528590477,0.1205582898980385,5.592094064903147,1.4974073612347658,0
510,24.45145243070849,1222.4902679383176,0.1001244533890407,2.135945846134024,1.0,0.0,15.307936537377667,117.82310829382388,0.3473448522345434,0.2745631817939728,0.1827852893404057,8.6799853113534,3.3128731337600392,1
511,16.419979140460576,608.3610364313275,0.0882861338325161,2.0234752388324138,0.0,1.0,11.777892041120042,105.71275199936504,0.1178466760714205,0.1064522311464846,0.2205145328999361,3.4686665533290477,2.015812993029233,0
512,7.954232208599013,867.2466907468827,0.0817469987767279,1.7510785305640035,0.0,1.0,10.187844680013605,73.65801718085204,0.1540605060847686,0.1002836485607271,0.1974566588751326,4.307053786356878,2.294575020071287,0
513,31.522811545736594,963.9432214307556,0.1154523201615416,2.14498852980324,0.0,1.0,10.886571020824064,154.51471736145285,0.3140304254204961,0.2589746624557058,0.2068143208717685,8.69507366894734,3.6296593858601343,1
514,15.126358613160736,639.6139653910761,0.0642083840469756,0.921301784095251,0.0,0.0,13.100785639761035,100.66411170761458,0.1743126027799025,0.129880268049409,0.1757751481105602,5.188620302927415,2.020162332785365,0
515,22.17896366903401,660.3362955451269,0.1167127631436772,1.9347599997500096,1.0,0.0,13.54385049103974,117.21446868372992,0.3271299099151709,0.3979082070163883,0.2678630581400714,10.746046609677556,1.5868358693909017,1
516,27.208148896480303,789.5677323484532,0.0763430969192035,1.5758740203990549,0.0,1.0,16.95265860749355,133.01415438083993,0.2492915147800103,0.2091075275186339,0.1507822429990913,6.931645969540536,2.439510832944473,1
517,30.317576373298397,1120.2520701860649,0.0967847508940564,2.4314403632132104,0.0,0.0,16.981009651859353,111.84315957919834,0.2763110044468335,0.3356598235453371,0.2155529902856535,7.416259121933085,3.012857852222892,1
518,26.746813748713745,1276.6715645370252,0.1292455225789446,0.8790291303552877,1.0,0.0,17.75844330014896,131.91679248486784,0.1909727877471025,0.3133941547807934,0.2186675032588797,7.906325276462424,3.5610466232399776,1
519,29.379356355933457,1300.917321389163,0.0808557345708258,2.350384119534507,1.0,0.0,13.764664500938984,106.35912371510452,0.1924632255068027,0.2828934051973194,0.202865427578357,3.9690632399226224,3.081852492933642,1
520,21.52803006823574,1327.7475034068134,0.0753280132368243,2.1799880140943,0.0,0.0,19.572191730019096,108.79557985500531,0.2216819580014197,0.3879422555762468,0.2772928885180801,9.837497496916129,3.307384289068682,1
521,16.25337158771026,554.9562337805819,0.1004032345355714,1.447522301313103,0.0,0.0,8.385319704230504,73.89837175559165,0.1417390949846566,0.1133101640402032,0.1317168297888131,3.4783039594684286,1.0440013434458246,0
522,21.188436098991797,562.6381897299287,0.0595916376677488,1.0796480982483283,1.0,0.0,13.270427251158926,77.37254396331565,0.162524346064079,0.0976759174222456,0.1466774707340242,2.4208919279931296,0.9161395676973074,0
523,18.44932279406388,852.4834101047165,0.0860645844704522,1.8715278968132287,1.0,0.0,14.490874909523182,81.19464034840846,0.079765177080653,0.2298102994761439,0.1219567984256639,3.34253158534079,1.7398961326021438,0
524,34.88804345192859,1089.3253773396743,0.1220360865577957,2.0365822867289944,0.0,1.0,12.607928746524417,109.4223272505366,0.3721693189243495,0.2820762366075961,0.2002043973980224,6.8149768552419205,3.221127337811291,1
525,29.679910775496637,857.0020353620249,0.0990111411228559,2.228579219185112,1.0,0.0,15.032196715772434,122.96441902840589,0.1091316066383067,0.4845400351513301,0.2267456926972122,7.94397034051531,2.245755556437396,1
526,24.98240801924585,1384.3855712745312,0.0743321923558342,2.4915629147501086,0.0,0.0,20.40965073001093,129.1542976573226,0.0826874422685673,0.399216703146403,0.2127819134681138,11.824025735411478,3.538115159006744,1
527,20.80751025574871,1022.4077687061088,0.0835491185285463,2.19081905179328,1.0,0.0,15.11634531558087,98.19879928916389,0.2469141772456424,0.4867129263302345,0.2008185625275907,6.529896884626874,1.8674316181886248,1
528,16.528434064982427,782.5864263061542,0.0756232175149279,1.7288581453291585,1.0,0.0,12.63847401976939,79.02349191867044,0.2001513143828554,0.1995104427305253,0.1874749288378625,7.880797364258151,2.177681307934236,0
529,22.79705571067185,1471.8172621218728,0.0825676932569326,1.1655560657071526,1.0,0.0,12.233890198155374,121.05766553438605,0.2334655080999454,0.2085429902731372,0.1911681004116851,10.952744818012697,3.858362781608641,1
530,18.871094654271012,1093.751256658097,0.1278083816703341,1.8839819839865612,0.0,0.0,13.10246460473951,101.96385243852582,0.2476796576478468,0.1185029002577238,0.2025728163126286,6.269542248709215,2.7284174490514035,1
531,18.66208602504316,626.5917413584644,0.0902796913267685,1.3814346372799846,0.0,1.0,13.520204586619526,87.28573762030996,0.2148867638828239,0.1385950333539368,0.1752078444933417,4.182582986410395,1.3270688969839834,0
532,30.30895977466385,858.8710545783495,0.1230987968484499,2.482101768767934,0.0,1.0,15.103684676125992,117.43158001078764,0.0223070225352879,0.3721347160522991,0.1890809159814741,7.70802477191755,1.5960406569783114,1
533,23.30497245842341,733.5580545062028,0.0886151152964939,1.903799899417207,0.0,1.0,9.611099910061563,79.66296534988149,0.1614824346619615,0.1570198814943559,0.213764826400355,1.5148923187832453,2.200747093814768,0
534,23.0275096361174,773.4554334401856,0.0893280550925202,1.4721316458248457,1.0,0.0,6.449168023355575,80.98906390141981,0.1154686893058748,0.1142580801010395,0.1676596613532109,4.1137221514859865,1.2531759833197444,0
535,31.255525546552747,1265.0368497495676,0.1338258841274439,2.010137916862503,1.0,0.0,13.66048881001947,107.3624131120862,0.2281515071299854,0.3449190744835219,0.2831567870082609,7.2415468296568655,3.460906533996157,1
536,22.68667828951017,945.548238063168,0.0787707345088277,3.422153853870446,1.0,0.0,17.056279646286526,116.22057167112642,0.2541580652894242,0.2649860177758357,0.1928779286340566,10.401715576729115,3.09680519988022,1
537,15.715802864629012,518.0354096309906,0.09563692073188959,1.6079045082238088,1.0,0.0,10.075672411088224,78.95932449589506,0.1591756666107606,0.1944023940198714,0.1775276449331179,3.751804485364029,3.042372522847965,0
538,21.65448936958842,454.97556646251456,0.0988350778780053,1.3721373299222788,1.0,0.0,12.652764259683826,92.36677700341228,0.1547546382410726,0.0793050460407065,0.2494479269870678,5.15186345105742,1.1854806490290173,0
539,24.072559295247228,1001.871022394737,0.1321431588470463,2.374078818790061,1.0,0.0,20.58659897435677,104.7536537908181,0.1135766373464347,0.4108761387116791,0.231428749933658,7.1104273027673806,2.925951218267937,1
540,22.80291654021517,1516.7435819903849,0.17504426178302,2.0326449728783444,0.0,1.0,18.47646198369885,127.48575913297684,0.2794539229777646,0.1731542502457536,0.2046977072143965,2.600895585803904,3.1872947120878057,1
541,23.978283838654587,1025.0561067769663,0.1216335998489469,1.2656348363573415,0.0,1.0,8.812544571990921,112.3297575423132,0.2953579196832488,0.4146875432604466,0.1525303104696675,5.695703909876949,2.912761158249027,1
542,22.022953094626008,1014.6174565980818,0.1080415527155971,2.378722198291016,1.0,0.0,14.08217155191781,114.49305450499152,0.1373673247780354,0.3267274150491127,0.1731122014754289,3.126164122156612,1.847910667114199,1
543,6.782503644967877,629.1520170683211,0.0732477642667879,1.0343694602607414,0.0,0.0,8.145488332270032,95.022956365616,0.1164797397088098,0.1164428986710676,0.1459341363379068,5.370370864321545,1.383631548207511,0
544,15.785059315736811,764.9072406571357,0.0985722532851008,1.7897818664579106,0.0,1.0,10.915765126562285,93.96311767905866,0.2283310494278265,0.0765176755256975,0.1556574040940782,1.493643348723427,1.637533632824028,0
545,23.28687360568576,215.5184963113029,0.0928279541265445,1.5373485286291908,0.0,0.0,11.311889648457456,72.39176678591683,0.2311553457328281,0.1453163983010326,0.1373303716438342,5.058153620111288,2.408035959560189,0
546,16.467249233531227,1215.4423221550014,0.0805833710653628,1.5753393159159663,0.0,0.0,15.490637867070088,124.72337195933,0.0759441332322032,0.2132997966334802,0.2380147787859073,5.474165374408903,2.6371785777931542,1
547,21.478000103366558,889.6052992502957,0.1167176363236718,1.302690390805643,1.0,0.0,21.15718293369584,98.64591696027854,0.266482699233507,0.4592626272287124,0.199564309220528,6.131232343839538,1.3252009906107838,1
548,31.88439836843884,984.8702267244204,0.1418135158146375,1.6288603992679918,0.0,1.0,14.36944737580227,214.79461651841928,0.1690524592807952,0.2328701810072352,0.2233196031911246,0.9390667779258974,2.8127055363125457,1
549,22.782706940991545,1089.5959005363593,0.0737102605362528,1.592260151510981,0.0,1.0,20.75755415867779,113.29853650349736,0.2408588056248961,0.3047584340594861,0.1738694517957805,7.75395674072958,3.409603462250683,1
550,18.614407629698416,659.8453270877766,0.0778928545392637,2.545747654384137,1.0,0.0,14.68249242405508,112.26406190485318,0.2050552447125161,0.3834414340328876,0.2203200399067797,10.993030087759694,2.28910081264314,1
551,14.516598043687598,539.2358454196528,0.0765116553395823,1.204318624941659,0.0,0.0,14.380203824303482,49.80499051535479,0.1251324895107763,0.1158676896562991,0.2042763417873884,3.3374374437833154,1.444607250699267,0
552,27.056613991787668,982.1000218384688,0.0968910609352307,2.4426040774319047,1.0,0.0,23.44677584661542,104.5037433263542,0.3793956752792473,0.3078849088311379,0.1866622489415567,7.364030232242511,2.901255974078315,1
553,31.50160792623752,726.5824537311954,0.1362722060236717,2.166754786907528,0.0,0.0,15.947465239608528,150.3500479153068,0.3446040219778003,0.2653592269481249,0.1526454538953944,8.555145146316958,2.8333250151123104,1
554,20.360518618113453,678.0304362860433,0.1243091735394412,1.80331271106152,1.0,0.0,22.880826578939256,80.418016451359,0.179371846977188,0.2328803224336809,0.1566891690028091,9.477626447898054,1.925154667979731,1
555,20.569306963206262,1607.4705418977958,0.1201193964443383,1.1910055448773105,0.0,1.0,18.2690820094144,97.78860421154876,0.4035297390946864,0.5141639349092658,0.1727836406423913,11.929051976220515,2.480502687241949,1
556,21.9480727718115,414.9794592864918,0.0942570315880326,1.4375947225923906,1.0,0.0,13.128738121347943,73.02610738376244,0.1918566578676811,0.1962824033007073,0.1674749721002266,3.748805972603434,2.683504313317396,0
557,18.75768689385984,136.12195849012988,0.0868786380736495,2.0906945132397494,0.0,1.0,11.728595590825778,78.14460215732326,0.1586710512769219,0.1344903306648361,0.1605517652065187,3.939502684603261,2.615098400088025,0
558,24.71416009130227,870.4839395349143,0.1204636080023493,2.471179554796425,1.0,0.0,12.59488794358428,127.24480029813829,0.1079765291309755,0.2859416722859931,0.1974670963198347,5.631678694215662,2.7846888037187227,1
559,17.018061843188168,760.0915889760848,0.09563692073188959,1.3139347604394886,0.0,0.0,10.383763336076491,109.83230080675692,0.1291479693899527,0.1934751625602114,0.2107716246874369,3.428405870258474,1.8164229056400425,0
560,25.71616143106988,770.9344712312069,0.108800501652036,2.515880350191915,0.0,0.0,16.66802373922465,150.4538332179983,0.2304268615534681,0.3454094788831608,0.2470065717153844,7.127243359400922,4.5694029353339705,1
561,17.61941980321666,322.85468108498014,0.1105161200302723,1.3055233601386598,0.0,1.0,13.48729418547214,89.63548388075267,0.1582720930389466,0.0947866280961094,0.1912690471921099,2.031535792015644,2.181152232790153,0
562,21.13778572320117,1150.7356602783373,0.1080392444928837,2.05322556636284,1.0,0.0,20.284238307133283,119.84266311348053,0.3835325934061747,0.4058007171211074,0.2028193285507384,11.494797286479413,3.3911079637770207,1
563,19.438125155468203,906.1617851365818,0.1347721280401086,3.31247715311314,0.0,1.0,20.775556816291196,124.69381559236815,0.2926522347307618,0.2958962135851254,0.2485265890141736,7.364024923394501,2.8017273638004268,1
564,20.360518618113453,726.9885909916146,0.117717959854846,1.7668166674120094,1.0,0.0,14.90336873231265,104.9232149222464,0.1189751916379143,0.0674218515644712,0.2573304527769568,10.819483642959474,2.61704665824482,1
565,19.7456367458981,1540.839612855454,0.1317633885759563,2.792944682872166,0.0,0.0,18.98489178823337,77.77031098889023,0.2995960416512159,0.1399955046892727,0.1553197888642047,10.63040920320352,3.4098990113198906,1
566,16.600079659144075,532.8528094282061,0.1019115214989415,1.2409275194981482,0.0,1.0,11.405711135392492,72.07678977725327,0.1964910260218356,0.2400754560062523,0.1361021695573978,7.10398703170913,2.0636072420075573,0
567,20.10151193137782,1170.011999844198,0.1118546402880541,1.7548848706868556,1.0,0.0,14.516654198772189,90.82818951515316,0.157312064650849,0.1747947262700949,0.1911203130950666,9.72774812517168,2.531960490101726,1
568,17.196447758226878,737.3154705275925,0.0651123474378608,1.3150667173237474,0.0,1.0,14.145866440833252,64.12147582615216,0.1113216856914795,0.2103595856002882,0.1706421596461392,4.445724873838118,1.9769636778634028,0
569,12.886074021037793,482.5993106622192,0.0648012565280465,1.6520219078122669,0.0,1.0,12.36889839196549,108.93265946032636,0.2486865686156688,0.0149300524483007,0.1761655721865114,3.569515123809878,1.8002529508599807,0
570,26.613596338857203,509.1702060758976,0.0767906630911906,1.8309697158364648,0.0,0.0,16.96964000411463,84.88318722983108,0.1018874900964369,-0.0461758314895843,0.2188215774377373,2.453872048734594,1.6203014820531023,0
571,17.075058440643478,755.6148282599881,0.0807582387907263,1.5471074451704367,1.0,0.0,12.18688037079854,59.32438291518967,0.0755064092340136,0.1768239177045522,0.1292486819448787,3.3724445858954444,1.999544672466144,0
572,12.151646078553702,631.6117981282156,0.0709054096252197,1.2946317270069838,0.0,0.0,14.223154588197556,129.145990176695,0.192830515956851,0.0760655583651088,0.1738215529948099,6.344797229885555,1.24708831700068,0
573,22.45161445903656,935.2328597538104,0.1724550029493528,1.4561603977219368,1.0,0.0,18.629441577814344,94.31057285964926,0.3201602623641347,0.3490720102479678,0.1634584063777512,10.106111752077627,2.993042864419152,1
574,8.938339375882293,790.7676345965247,0.1150753095299859,1.6485871666162186,1.0,0.0,9.665156573648565,90.71796036578252,0.1243578696481856,0.2047785713848374,0.2171713589913392,4.345025106632437,2.0651035070525405,0
575,12.700390534600905,841.8011294068287,0.1027516437555074,1.1327099357266563,0.0,1.0,9.960718622897112,102.04520895805577,0.1470121976528185,0.2373496942553645,0.1772568138391522,4.534735437675272,2.176243276905955,0
576,21.91214283807269,1120.7297051023572,0.1245286389252168,2.3647920422066377,1.0,0.0,17.62550265251604,107.71787557221576,0.2176991683905518,0.2118444485232453,0.224905545550528,7.518281364463873,3.975439765455959,1
577,21.58537770792058,647.418328267702,0.0772112626971324,1.7649280947595432,0.0,1.0,7.744418662687353,69.6691376521359,0.1106751744298089,0.0299864156046862,0.125772630384546,7.154275031711032,1.962823661894974,0
578,14.925361990270028,986.6329615771708,0.0898820610555848,1.2731239556619007,1.0,0.0,13.41277997344882,65.78856432408986,0.1834352431690615,0.1162524438607895,0.1077579253363235,6.563037307140916,2.548780403773522,0
579,19.01637991033442,1140.8198815729972,0.09563692073188959,1.838768184306916,1.0,0.0,11.152071369723949,81.91647119544683,0.2591618773724951,0.1197355691046848,0.2382014042933851,8.721041178446988,2.6744112150049504,1
580,19.898438196932872,1491.7060481240462,0.0950859267603836,2.299932002500574,0.0,0.0,17.38482328442367,111.22576800520332,0.1813926426407378,0.3139112483850304,0.1876512698458405,3.418544335755503,3.798310810501336,1
581,26.41006771720404,614.737359712869,0.0931431006992266,1.3405133716233486,1.0,0.0,15.157062788640047,93.85797523946262,0.1468091612952978,0.0558624189814974,0.1874266559507555,3.629975701532456,1.0284415725944251,0
582,29.17451622255964,780.0075248216868,0.1350310752023314,2.7194586343846865,0.0,0.0,12.701996238397456,172.2227313526737,0.2742957663497401,0.1525836541190765,0.2000927416761399,5.550371903083548,2.5956606746428683,1
583,22.249179364862425,584.0028112622371,0.0833845839517279,1.1538537340069206,0.0,1.0,13.764178593271538,69.70011186240022,0.2041226882384959,0.0801814107408173,0.1810521087509098,3.6285433677635206,1.3333059421840296,0
584,25.001840041111446,1411.7992212428132,0.1227580103111045,1.7871582045789247,0.0,1.0,20.603335188132863,92.27100122678593,0.3378491092949998,0.4476816496687467,0.2410612242895115,8.640862444128954,2.8074965866075923,1
585,20.76423292049521,511.0763896603546,0.0857527482621161,1.914235736009105,1.0,0.0,11.972659960417053,69.500519959392,0.1447687212956269,0.1756595888040711,0.155750189385275,5.911247920889945,2.321633377707248,0
586,9.960398863376504,496.2839111539898,0.1055164758925087,1.409686651367143,1.0,0.0,7.748749855902691,87.41936959361429,0.1207885910001535,0.2250518908081575,0.1589899160379243,1.712409293974201,1.4093576730395854,0
587,21.19117877044669,1451.9626038682177,0.1118034513462916,1.9860829820139256,1.0,0.0,15.556678762649131,97.9462996753432,0.191262238205594,0.1967962978701106,0.1731937474360713,6.793406572163996,3.793055704507636,1
588,23.051088112634524,841.3399340145356,0.0833759572377971,1.7869875899120344,0.0,1.0,13.111414200646797,73.82763138168079,0.1149856509419684,0.089157805055536,0.2095998934555901,3.4236832456069566,1.3783290853013337,0
589,20.360518618113453,760.7342741659066,0.1249357383882222,2.8485550234356447,1.0,0.0,21.396402995275142,101.96179929228724,0.3612815810134983,0.2862851692844648,0.2302397226627194,1.2549620003198214,3.606134424769915,1
590,15.167603734946947,427.78788731118806,0.1158826016718508,1.204814358781769,1.0,0.0,14.565222498818535,47.03129831638984,0.1256434900283265,0.1661332968879438,0.119048604210648,3.3100138718625374,2.081702252452029,0
591,18.399113079195512,1206.4499190496572,0.1083700278912544,2.37317485129076,1.0,0.0,15.981357817998608,52.58911954112406,0.3457277136107106,0.3924932530561045,0.2490666598090647,6.8139239783756045,2.534836868141163,1
592,11.633476374346197,363.79973546830007,0.074614193201341,1.3408953545902482,0.0,0.0,10.213537341594394,124.68582445702084,0.1825595847275935,0.0371759992950362,0.1518671669610652,4.311699674136515,1.3882008274153643,0
593,16.720239400079706,406.6404285421849,0.0928232033544749,1.0238991024905535,0.0,0.0,9.14942510801545,76.44859162943689,0.2365436762951435,-0.0052373999832337,0.1983900668859414,4.66677113898496,1.5143852300323717,0
594,14.446229253064208,899.1748422059791,0.0879614681981541,1.2702034160455518,0.0,0.0,15.698309497288244,57.31351265643597,0.2040165293863025,0.3438101614472156,0.1051937124860994,8.666581531156874,2.54608496226775,1
595,23.640249976959662,1091.2042492775304,0.09563692073188959,2.1024153887840216,1.0,0.0,18.845821644550647,122.96896091024,0.2408567475160943,0.3796110512282762,0.2439588118454113,9.58397235281887,2.6525197036073984,1
596,21.592743953966988,187.85926641309365,0.1097909389571524,1.7870734712822895,0.0,1.0,12.90894252780468,72.7299911189984,0.1372157082551617,0.1625133347467768,0.1947793116931102,4.470670559741672,1.4997754299867032,0
597,26.6952752532324,1055.824607080045,0.1025786276567007,1.6644557402108229,1.0,0.0,13.023296639038293,96.880697173646,0.2855049521528457,0.0887508795792904,0.2104375897030369,4.466665083993167,2.45562828316761,1
598,15.681135523475389,1839.3617157660497,0.1003301665535668,2.175785108947602,0.0,0.0,17.067802311489803,138.80704057912823,0.3063895035738371,0.3880530597833136,0.1774941177644379,5.41405154459267,1.3449401585492249,1
599,8.468924637904655,534.9745911727642,0.0755206669678624,1.842585183063033,1.0,0.0,11.234213623236036,90.20513866979488,0.2150732869424123,0.146540034702012,0.1905824131579991,4.274069732191025,2.0681275735330407,0
600,22.960190079245805,1022.4442436519776,0.0720996896571506,1.535267908334922,0.0,0.0,9.144136767806904,90.30516064172296,0.0320727346275695,0.1215254757086338,0.1061807137647606,2.5391737208238787,1.8084946401920172,0
601,22.79578474402,596.4153854337178,0.0879460917201349,1.2140766635101408,0.0,1.0,9.07667811830665,76.13887089222558,0.1351860007887323,0.1467881066683748,0.1467419161407391,2.4771738413306856,2.0384875093323407,0
602,21.736926624820555,766.3268350968929,0.0970548683667471,3.1055671512427563,1.0,0.0,16.896909704427305,118.3097878624512,0.2609266142382681,0.3962522479611197,0.2482451616517302,7.475123670544398,3.97657411710592,1
603,13.894274945315946,416.4134498553707,0.0754216712068404,1.8424493505401884,0.0,0.0,14.62205107665708,89.16446516369965,0.155977613396116,0.0989529546267024,0.1602461000500271,2.9100749500973557,2.713989124577785,0
604,20.410954494525264,305.359826428336,0.0728592308611461,1.2138684503511823,0.0,0.0,8.199186988398164,87.90964540099345,0.0563567729833675,0.2613575294761779,0.1692450143778203,4.200389865347885,2.7558789006549484,0
605,20.27700518498088,866.1184132016394,0.0911732128141955,2.2910840509738017,1.0,0.0,11.419451491111015,85.29250464728929,0.2338198633878792,0.245684177246346,0.2196984114412177,2.1475342544468257,2.317195811149781,0
606,29.43790654044473,956.0664897817022,0.1256838097136091,2.6605783488124173,1.0,0.0,18.13768197207047,115.82192763866412,0.265981634777534,0.4534987038923698,0.1981807706189356,7.944403615412265,3.104817770461948,1
607,19.377846765696678,555.6796660675957,0.1161716508972463,1.9014197780937083,1.0,0.0,10.84348084398584,76.79155267033522,0.1886194192478749,0.1268895947351522,0.1514564744252479,3.420884528454692,1.3744241532682018,0
608,16.532755064458232,819.8953538826819,0.0853315453513577,1.8343318995001268,0.0,0.0,8.567738522473757,84.19622001049977,0.2194060783809574,-0.005588807427108,0.1599348635056772,3.683620884553783,1.676472335302428,0
609,12.784179313499584,233.1173038002861,0.0752154890783128,1.1148676631229026,0.0,1.0,11.319512510510982,69.58734896171973,0.1359414851642718,0.0855816627450057,0.1728517123397156,5.918479623490981,1.6941532052145516,0
610,20.360518618113453,724.9786585870887,0.0991079843017902,1.2359552920039822,1.0,0.0,13.004711066774435,85.52277554618013,0.2071024333085102,-0.0537365369146436,0.1175808389410286,2.9554990829560435,2.4443560974016965,0
611,18.081806706413808,633.3711594417779,0.1178746883855125,1.172706760696176,1.0,0.0,24.11824070668777,155.70018218669577,0.3274114363084303,0.4037209681021259,0.218955027138756,6.686497563155628,4.315557552204223,1
612,21.556005931243348,135.66996317755564,0.0614163308523028,1.8823709090805725,0.0,0.0,13.96890397984674,80.17905170272081,0.1285690134528305,0.1816080715811598,0.1023075830494996,6.305924946042926,1.275447677061646,0
613,25.822483462548988,1540.6312042698555,0.1615172233431979,2.922035325799812,0.0,1.0,18.54479141938217,172.83405979913533,0.2529900334086153,0.1550858349481748,0.2036994404883965,6.920456725841016,3.16602524660034,1
614,16.443790948286875,707.6520425331768,0.0923433413023972,2.483936927513115,1.0,0.0,20.416420000488426,87.31153691283127,0.2180552731433739,0.4107176269536219,0.1384701005646312,12.66568269067042,2.5066788360917154,1
615,27.883756122934564,551.8435500144113,0.1048478656740349,1.78724293787556,1.0,0.0,18.187720364096805,159.18367933377357,0.3427405759268624,0.2501066261044399,0.2370552687881517,5.415752967981751,1.7142159482870822,1
616,20.360518618113453,1210.64024532802,0.1021060497945726,2.5417031317609524,1.0,0.0,22.200272876877097,130.8144203708081,0.1877606273658227,0.2374167145702084,0.1898161776500382,7.893792102827921,1.7854406970008638,1
617,13.512494627523942,565.1782474606755,0.0835041044485011,1.6240925083232414,0.0,0.0,10.154541917642131,83.60171746582793,0.1437338101669866,0.1378742077618146,0.1794829026638188,3.679898608152284,1.7436617492992674,0
618,6.013466247953183,782.9273998637353,0.102000588379573,1.6837452630893446,1.0,0.0,10.058647352472956,87.17795471224855,0.1576018469105878,0.0318246091055846,0.1824883049285669,3.5515099777408627,2.247861366086811,0
619,20.43766916799978,1424.9387937647805,0.1267421122329126,1.5603813352141662,1.0,0.0,16.85708257151661,128.17627949767797,0.4090901214275642,0.2529090395955293,0.2804928660864724,9.33988835610869,2.71834552717766,1
620,18.826458297162898,676.8431666741251,0.0924179656924702,0.932988220918494,0.0,1.0,11.750182107210913,58.32654015553611,0.1021713639655227,0.2779216440927194,0.14791633116829,3.90851772036796,2.323931901173203,0
621,14.698434715209723,473.1091398891666,0.0797901485683343,1.882141606584288,0.0,1.0,6.376971476359004,97.64735656452548,0.1990674649855696,0.0781864819329374,0.2317695708738301,3.688306593741712,0.9371975588102676,0
622,13.126733535332578,524.3414976029594,0.0698480876617802,1.19583830566141,1.0,0.0,9.158913195853916,92.09522616612396,0.1069777704522098,0.0763154794778598,0.1841273919067385,3.112078656148493,1.3912068941685092,0
623,15.043008319814492,528.4765251532431,0.0920435857747499,1.2455061311067943,1.0,0.0,11.047583320559886,68.05438287365736,0.1024450854744329,0.186659325665514,0.1788130424293832,6.03212011847776,1.293636368293554,0
624,18.4967021075747,1410.52504709341,0.1075628693505735,2.908025783498382,1.0,0.0,18.00167155741805,94.03497672561898,0.1959513553430112,0.0933081602444658,0.2543786472781859,6.39418820625143,2.9373182989263493,1
625,21.42825280490788,1444.9855580855412,0.073066269778628,2.419558640436044,0.0,0.0,19.48268540427641,71.31014529896382,0.2067428638595814,0.2033886674547104,0.2609779221022084,6.998921995874007,3.34030851891964,1
626,25.89840647964191,782.5864263061542,0.1291544399405304,1.878648805001164,1.0,0.0,15.67119119570564,84.05155743261697,0.3014793551334164,0.394573476614882,0.2225364821065539,6.438273419473075,2.816050280471796,1
627,17.868398635782775,736.7516874530692,0.0851769379992482,2.210734166198502,0.0,0.0,20.86761959669484,112.50955151122272,0.251934421812568,0.3735031731745106,0.2551293370463151,9.77868446845745,3.7894708635670926,1
628,13.01253409077258,904.5626225937904,0.1051988593074719,2.312383242535061,0.0,0.0,9.855433218469315,59.56707662926021,0.0968003458749371,0.2646373439974402,0.1388771553457173,3.326882354695108,2.325612190124481,0
629,30.894609550812955,1216.9591779234847,0.1358849112451186,2.681740108101049,1.0,0.0,18.709892146478104,139.24736235803806,0.3061029393760278,-0.0115075499724819,0.228948601061557,4.873148247812368,3.260579826559936,1
630,19.443425417800903,1079.0488772660312,0.1143787403892153,2.2696686660613064,1.0,0.0,9.493039715001007,83.70033155504085,0.1359626561217421,0.229517383608292,0.1883253936762748,6.422152475265619,0.942340365575486,0
631,19.54622828704182,590.7112241557306,0.1123782689441631,1.7871582045789247,0.0,1.0,11.525904691669204,89.6256386778699,0.1804953628184669,0.0018383423107731,0.1875539611779129,3.9369343480535344,1.451327633252871,0
632,21.136883904642847,512.9832981945567,0.1006511526760021,2.032003941831227,1.0,0.0,12.628551580762696,74.56095749480457,0.2260913891921967,0.0463230761625141,0.1732918186491293,6.125660636342645,2.2344416800442928,0
633,31.663156301582465,1349.427141190351,0.0948927642097712,1.7904916034269984,1.0,0.0,14.943290212705552,146.16367261525374,0.1966523460432128,0.4510760684934451,0.240353170731033,6.348468021581402,2.587091745615159,1
634,23.044718610013,1292.6910181039698,0.0927490178501845,1.7871582045789247,1.0,0.0,24.601821393471205,125.78803976418816,0.2472974080803455,-0.0209680811678222,0.2096001875048863,9.5798160307379,2.172336146537816,1
635,10.188520539741845,129.14304810368566,0.066886820430917,1.8216983702232343,0.0,0.0,14.1977444345817,54.17476137609566,0.1544263766325669,0.1543452092491538,0.1523088411646631,6.6914938060875375,1.860120417161984,0
636,18.013355844164543,982.4343698268328,0.0765161229357329,1.5318910349020216,1.0,0.0,13.979708148988747,90.95425728960448,0.2406069073920594,0.1080411877806177,0.1447662682348313,3.773301132851517,1.0161954939741278,0
637,21.49486573916533,429.15532344970046,0.1216542552638119,0.842350822799809,1.0,0.0,13.76372782871629,71.48954291589341,0.2458802823313961,0.1053417159653529,0.1910615145158004,3.6553012389208126,1.7599704700597452,0
638,22.40618903579211,1946.319316510533,0.1364442161825559,1.859502868854225,0.0,1.0,19.90826281033569,265.8808970042613,0.0789625156973768,0.1456338472611736,0.2295408871771306,9.52401931787847,3.655908207059684,1
639,19.74176985906019,1184.1709724974028,0.0925950381923955,2.850885844491001,0.0,1.0,18.36472091920313,107.27391003044188,0.1796860419337873,0.2031847591595013,0.216450983752124,8.102382274190546,2.298746868605448,1
640,21.80902608355912,903.2109822370692,0.1432268024248524,3.0650556269499902,1.0,0.0,19.66425745281093,123.94504310984502,0.1824044106096283,0.3759092861559172,0.2455104102269856,7.349230557197986,2.9092934739355374,1
641,17.37681971857028,865.9383785529424,0.0801750610738967,1.3325097251892355,1.0,0.0,10.62399200278419,60.48121063411853,0.0769791508452838,0.0892463522988025,0.1489857668079581,-0.3611553185309502,1.37461509582941,0
642,29.312783131037637,865.877999626884,0.0615402234684446,2.101839101383266,1.0,0.0,15.21043274017192,81.36542929342332,0.3704518282354797,0.4583045679393763,0.2736489279907296,6.29541030610886,2.6109678388107733,1
643,22.858263253563315,506.3105797359315,0.0788225071312404,1.753941490178225,0.0,0.0,8.327814764453471,75.38664897228107,0.1102928095413701,0.1037482275023436,0.1873459492336125,1.8930206240799257,2.011141564751681,0
644,28.41277082807533,1189.2733959857233,0.0923105527245371,1.8196837362654223,1.0,0.0,21.37082338499395,101.71125635789303,0.1596881900633377,0.3316088729945962,0.2158408446817775,7.25069651347247,2.6345376232866773,1
645,25.85217032913137,1111.2236139792756,0.0902946208174521,2.4961799643291016,0.0,0.0,19.1214706756538,106.20600098128382,0.2668125802975005,0.2986962280104712,0.2074908848408121,6.818315255150175,3.5906066350131147,1
646,11.263780904619226,223.33405638609224,0.0875600536125349,1.4281694690235032,1.0,0.0,12.45209890396132,77.12664262297633,0.1469608605111895,0.1988143071450352,0.1796810500193894,2.897178432396199,2.7578131525873224,0
647,20.70239282549332,959.3249019809848,0.1042363723658603,1.0605528417686527,1.0,0.0,9.58759802336832,93.966738625864,0.2073955042713506,0.1720788107929274,0.1778269125817136,4.792606201885472,1.7188255495486071,0
648,12.543143265154583,445.5881159874108,0.0438696381292229,1.9760856332639023,0.0,0.0,7.877657278464929,72.57055893678397,0.1682361773738414,0.0993341121000718,0.1617647177713169,3.410184650826216,1.4554218719343244,0
649,16.099570295013756,493.57480454484784,0.1057934711250625,1.9409476856773624,1.0,0.0,14.22234429594956,93.310735462117,0.0858468194736364,0.1301967640839707,0.1798275041653249,6.646802686117242,1.97063297273632,0
650,40.02240454726732,1514.8641602307675,0.1126619076126206,1.7871582045789247,0.0,1.0,12.407994589424108,125.69087226912382,0.2071439699922455,0.4149829212529586,0.2813263380633451,7.876598333225388,2.8994021736655453,1
651,27.8655725879379,1060.078203513308,0.0691471037040741,1.496289165233377,0.0,0.0,15.142203253828145,78.93365492622561,0.2039103244654206,0.4049498330278063,0.1938989200557318,8.938510244940293,3.624969975206095,1
652,24.30583354176648,1319.9993750879098,0.0716746833185567,2.3947109482731146,0.0,0.0,16.74737074598682,138.5851866922025,0.10449098536594,0.236526886732746,0.2107239985729558,11.813676054233111,3.774080858343659,1
653,9.42032621578618,858.4900430227138,0.0897895375792067,1.403331548165575,1.0,0.0,11.14361889574653,58.76343480416264,0.0190616969036252,0.287969990741226,0.1659591839854803,3.0229587524605623,1.418823814163992,0
654,15.00199179588567,620.383962200255,0.0810831597559723,1.9020400116418827,1.0,0.0,12.388153488800343,83.88700482626508,0.1206533547991444,0.107527630190972,0.165711669063835,5.585244413798071,1.6161464579817155,0
655,20.18706245135819,313.854688602454,0.075206934075661,1.3506728810947195,1.0,0.0,17.496570644778664,58.96706021365935,0.0507935221770598,-0.0142932188617581,0.1171984165954156,4.263754774816711,1.2764025040581546,0
656,19.981545171619636,508.51807610896407,0.0800700859628604,1.648986993590834,1.0,0.0,14.130074367136954,58.920771691176654,0.1966446887833312,0.0809995382394907,0.1315027229856207,4.234235246345862,2.575470649673479,0
657,25.37286974465898,740.3607800302585,0.1168439926365988,1.7136140968497588,0.0,0.0,18.608769567613816,108.46642868182026,0.2581380318384071,0.2899325405282077,0.1896831469418774,8.428682976119072,3.00850620406984,1
658,37.5236217308692,923.8995962932784,0.0935885269924484,2.3052626465488784,1.0,0.0,13.888340498682382,106.05253500317568,0.3003581489369452,0.237856464163353,0.2233797283338137,4.955005398609122,3.689103895376512,1
659,9.716786845843885,705.88742476794,0.0798251623577584,1.737139974949353,1.0,0.0,8.697769113063774,88.8805523872997,0.1137245633321447,0.1408056629346985,0.2145659218705351,5.400369432752217,2.411966174433063,0
660,30.64944481235929,800.3231417636046,0.1064394816228108,2.959010829869076,1.0,0.0,20.002625611541426,84.59467838210696,0.2836619930475856,0.2378083249683014,0.2613717497224118,11.824994952703165,2.21119438462,1
661,25.957466934840344,1180.6472529190114,0.1263970997672847,1.8065174966209856,0.0,1.0,17.388997143126097,112.03612917234967,0.2369806372032796,0.5107366577214686,0.2127015911627978,6.81489714890569,3.253380702957562,1
662,28.663167618131418,657.4274444359827,0.1154599911352693,2.778841691094175,0.0,0.0,20.270519051813054,130.0138559025797,0.287799098456908,0.3408641405126688,0.2394345497504774,9.501002373227765,2.65858829695081,1
663,25.58378852752488,910.3294850035828,0.0595954717599861,2.126476741877354,1.0,0.0,9.77584146038614,128.18616239022654,0.2445794553180132,0.2752909577055952,0.1801862281980085,7.552702510532766,2.394487965642572,1
664,26.62641845812277,939.1465207741652,0.132051870382237,1.7693785548863166,0.0,0.0,9.74145205161646,106.0178506234137,0.3483346600177174,0.2623534665217076,0.2079361645321694,9.139319036240115,3.642652059665471,1
665,21.75781081978176,1411.6287387146715,0.1095340436101415,2.0820340571257385,0.0,1.0,19.241822342383763,112.58983606468207,0.4690611921057083,0.3901890443824115,0.2486271982510419,6.527420874003267,2.0266356188071297,1
666,18.56668515959664,342.6748187464147,0.1094567403791948,1.5465065601420755,0.0,1.0,11.489394707761967,80.08055568254005,0.1223723537090827,0.053028735655235,0.1522145157437724,6.454965587211084,2.0963736422539165,0
667,25.754166095363445,724.4645705775905,0.1070404981236467,2.8482104827305745,0.0,0.0,13.634470143339788,90.2667406662987,0.1804256881240498,0.4181103738152169,0.2940366455693964,7.580332345047218,2.7969326396527507,1
668,8.681594237662207,650.0102615178866,0.0862876869241108,1.7735577434570178,0.0,0.0,8.532027504858153,79.30907893813301,0.0862385253118881,0.1763848859827774,0.1851348703056592,5.234032444359444,1.7010152790893611,0
669,11.73227220022111,1024.827704669497,0.09563692073188959,2.040903733130075,1.0,0.0,10.23700526867523,73.81479959864889,0.1415844738354512,-0.0428177397494382,0.2017817170156909,3.7577907744724977,1.8818103988874928,0
670,3.474662367716993,528.8501378181352,0.1206688252477243,1.4383213706863986,0.0,0.0,10.921894020615104,78.9755727906479,0.1713300353596105,0.1108031640644418,0.1924935903232547,1.523304289553368,1.8740516097134543,0
671,20.857129144385908,1241.9934530636094,0.15260276302167,3.0191198489632267,0.0,0.0,19.699870778858347,102.19362481641168,0.416295857395088,0.2045751165560559,0.214564630005334,4.893155291976271,2.8189546267744663,1
672,25.059791519981527,512.9146500819259,0.0930815705995901,1.3110523801412004,1.0,0.0,11.214647761057064,77.06837189310673,0.137448127788223,0.1196686675527136,0.1657735513247991,3.997308103474624,2.1928421247863654,0
673,14.922624384648014,564.93823232552,0.09563692073188959,1.3984731125600165,0.0,0.0,12.874698880864669,75.01872879988707,0.1386378272000787,0.1189579619286779,0.1171705934047288,3.97147103561669,1.0024421388162374,0
674,22.185956872959203,917.6343304096522,0.0936933374224171,2.025951161215772,0.0,0.0,17.554921833589795,153.02241462535216,0.1370252625541251,0.1073991009319269,0.2279270930872375,10.118510521231348,1.7211240031738584,1
675,9.33374323881266,739.7820718870457,0.092301960229598,1.6257011321599344,1.0,0.0,12.723296911240022,67.46884576412262,0.155839575172397,-0.040219739445528,0.1294934570926374,5.167145447722285,1.3416437521237194,0
676,23.17078773017438,931.0430496029646,0.1085193457832306,2.226388923928768,1.0,0.0,17.934124737433994,96.46011226650874,0.2448124049633358,0.5826070605973371,0.2328906149160661,6.494715209428486,4.132319156996973,1
677,29.50525475848345,1337.0106601121554,0.078129859618178,2.706993203367443,0.0,0.0,19.501547260668257,142.149227313666,0.2109613333799843,0.3982637574238484,0.2778964890575434,8.461222209004948,2.737678982476897,1
678,13.34785807006874,795.8227207165816,0.0919246075428483,1.320268452447055,0.0,0.0,15.38673725534683,140.86598990482517,0.2052693759481079,0.1707070818555167,0.1212497898143455,15.917975360033331,3.7599933013329383,1
679,8.65633124174207,581.0476273007794,0.0671083351490057,1.567556369270521,0.0,0.0,10.782911499074473,65.81417618722291,0.1892447736471819,0.0853005643456924,0.1621499753526308,4.37828298743865,0.9793625634021562,0
680,27.81559286120001,545.0495714505802,0.1211129385933238,2.175764421466968,1.0,0.0,22.28079470111401,101.07959676798096,0.3885451954334116,0.354899144737743,0.2431656592223354,9.950897122990249,3.9611950329121535,1
681,17.877371895443424,946.0872701055636,0.1473803624467142,2.054931317968731,1.0,0.0,13.412343002461167,103.66736150761116,0.2631021834189455,0.1570074508454135,0.2331586237233704,8.560345253847586,1.2562586143235377,1
682,29.76366025397058,1139.6940579820607,0.100510998126771,1.9823793376269152,1.0,0.0,14.374806212672384,106.05601213860032,0.2351475816811739,0.0638072113217926,0.2478291645060093,8.522194106125852,3.470150218578244,1
683,26.39222941454693,1208.6665122531665,0.1187274500601376,2.923727421368688,0.0,1.0,16.895109026017558,119.08828743002827,0.2181800764836949,0.1080398799213738,0.2378177894557021,2.80688988970599,3.076296263322167,1
684,19.107465734258504,755.965812814688,0.1003505062100219,1.801196501502667,1.0,0.0,12.756875342782257,68.1060267509018,0.1281612066031482,0.2257529679324526,0.085109530882776,4.626723472758928,1.6857654713388277,0
685,18.07352598744862,1242.005721290266,0.0742908893187481,2.7668280951260016,1.0,0.0,20.8433666443501,129.70682308395592,0.1394714671785674,0.3796784239334608,0.3034698581609998,8.814223077278664,3.271611341792863,1
686,13.717494654944808,610.3917139573437,0.0986578932584774,1.7439667333268385,1.0,0.0,19.318948758830647,112.204021619785,0.1994599024707215,0.2655519094629598,0.2598343632475338,8.113333794154665,2.90904351910725,1
687,29.55615195267849,1306.89868444863,0.1138437382202119,2.6419530439061174,1.0,0.0,18.052592612126134,137.4607859526293,0.3868731994731062,0.1651975947273073,0.1802275284897157,3.813549920423863,2.80875351074054,1
688,19.446356896703684,324.26431279429534,0.0580852109199743,1.7915775280990682,0.0,0.0,11.066527932483403,79.38134440041419,0.1763736307681535,0.2255987174242102,0.1907734877913264,3.848209724098574,2.614934577375537,0
689,20.28742710197584,861.0032788973489,0.105001463406177,1.442321756332249,0.0,0.0,13.498224138188142,95.54296626518166,0.1552414383173279,0.1056994790441856,0.1363277251459547,2.831901026110444,1.529953146873304,0
690,28.500291029311214,1296.2999531109149,0.1225622080905525,2.081283122651958,0.0,1.0,19.82444669475115,124.80363034981482,0.4342987361109238,0.2690502594279201,0.1913880334606265,7.890015814243669,2.533299840352361,1
691,20.360518618113453,958.6098961771576,0.1088072960831025,2.4288064762667743,1.0,0.0,21.658359459709157,98.51029388692976,0.2574682307958991,0.4661447923882205,0.1664905711950688,7.114532762475445,3.3032647039065486,1
692,13.795344169222677,916.6621553384804,0.0849601712207244,1.544185885207801,0.0,0.0,10.28579848280752,90.16780962261544,0.1419770650018087,-0.011301675006793,0.1053232778232087,3.73252647864868,1.245525523647836,0
693,19.423799039162184,1169.9776999194582,0.1592361345332995,1.85681397713057,0.0,0.0,18.66302701741636,77.85042434673193,0.2960418966235876,0.4086539308448115,0.2288833038109683,9.40643542591213,1.1791889721083877,1
694,12.865814157296786,662.9156406894452,0.0817237287583089,1.9104346254149136,1.0,0.0,14.487044762917098,66.85409384787862,0.1959411161793063,0.1491638758935271,0.1222662208394518,5.496916545158946,2.1136029485824084,0
695,18.662491700376776,835.905634969065,0.1257636052170863,1.6619600060568294,0.0,0.0,21.696281698515897,96.8638454794628,0.3572887131950665,0.1730370726203702,0.169261478803003,16.520126764614986,3.6684803156003394,1
696,16.755385311199365,364.8686997704922,0.09563692073188959,1.902269880590668,0.0,0.0,10.435102018965589,93.35390797200802,0.1077868449361903,0.2448309050514082,0.1733435959164581,3.431065279620798,1.4353173246820268,0
697,23.600386854118973,522.5312905556762,0.0840855978682039,1.754139346056943,1.0,0.0,7.783551901531406,55.65877392016228,0.1195230228868832,0.1769872206121341,0.1744330084839942,4.094915529865197,2.1755639157097706,0
698,26.82152822835258,562.2471374722904,0.046032055439583,1.5034576728305569,0.0,1.0,12.509142599478665,69.1264395226281,0.1407027005451772,0.1106753057305346,0.1265816188040534,2.642509009758801,2.097101865743022,0
699,22.263715324462805,845.0546377360841,0.1542297792309166,1.9055334316115315,1.0,0.0,17.93649693913407,92.90547389804652,0.3011024798230683,0.2598972478947656,0.2103728535118426,9.393575718678136,3.0950374467033237,1
700,18.257739122043382,569.2634117593765,0.0993327303914844,1.3491609622983338,1.0,0.0,14.706254605123098,85.10051913808607,0.1360360023379651,0.0527367967941157,0.1789626593596456,1.7578793160706092,1.2459727213520488,0
701,19.368061796111068,621.8082376852625,0.0780037889178345,2.1257012859073146,1.0,0.0,15.498036499552851,63.69537119524091,0.2037042096387759,0.1054166146733631,0.1785804846619113,3.2443293265828146,1.634931982356323,0
702,24.769840598345716,1255.9696076430455,0.1140986236139506,2.4019128400983503,0.0,1.0,15.124168839940236,133.46026473789,0.264031231469097,0.2945601358215512,0.1449663492566561,4.919896833097921,3.925555153517917,1
703,18.209266950324967,312.732717841742,0.1058191246104702,1.272535278582426,0.0,1.0,13.032696198663142,99.86723938761604,0.1005265975565352,0.1566687013186005,0.1554291378088653,4.696042808771023,2.069027188217426,0
704,20.46696191677748,574.515890251946,0.0815992317099725,1.7871582045789247,1.0,0.0,12.38103246180632,94.2733606659575,0.0828327830601992,0.1573706789232851,0.2058040528564162,3.867309331221459,1.2659582801963063,0
705,14.290236934385325,427.25218410407103,0.0565994847053263,1.1561078796016673,0.0,0.0,9.529829664249185,71.4812378212107,0.1168381489633144,0.1257916819835361,0.1610574769004552,5.255707506577179,2.2743997026822087,0
706,21.51989515024132,167.1004348970222,0.0960669574181984,1.795457891541261,1.0,0.0,11.72142703622109,59.47219785912175,0.1721469654949128,0.1659207451648219,0.125192643046221,5.477260997496601,1.8510793154748748,0
707,18.780037937592684,809.8101437026523,0.0914786443379834,1.9002157220783265,1.0,0.0,16.499109409779713,107.48128560172842,0.1891457668108422,0.1765335735948199,0.174461121333203,10.390024844074023,2.112745354808991,1
708,20.468183385003545,1174.165513918703,0.1113260196067611,1.942332143616452,1.0,0.0,17.558448066679333,125.34674589367282,0.2904950712697274,0.3053882500451232,0.2092305964352429,5.822793197832514,3.1841481291112244,1
709,15.460131581033574,741.1506035900933,0.073509905760522,1.6574495234143043,0.0,0.0,11.940653656730245,96.75302243406108,0.0824345752409426,0.1232834353269005,0.1259862101102446,4.6799807496272985,2.3319317320389423,0
710,11.937526192493864,360.6012662302494,0.06072794051744,1.698584451798924,0.0,0.0,14.203226004804735,104.03317083097514,0.1534781984815123,0.3139324792785788,0.1716702291949018,5.862761732737323,2.355721123190329,0
711,21.48944902466199,1170.93408209689,0.0830998340571301,1.824456942083232,1.0,0.0,17.497693581925763,65.04305760865438,0.3443636853817061,0.1180311609736002,0.1841218778352791,6.613557455455345,2.6443566181413374,1
712,13.11262169204595,592.5320398672985,0.0679172747581198,1.7871582045789247,0.0,0.0,17.34436647521044,72.68963951024051,-0.0099939198219231,0.1271484066496298,0.171550105667013,3.059475212925484,1.900148282398645,0
713,19.244367268620167,411.8728387730624,0.1029212381606039,1.3407793937001562,1.0,0.0,12.921685074387602,94.03186047273164,0.0946359094850969,0.0496505872572689,0.1251506528371207,4.602479385579456,1.5372879803604442,0
714,20.233480690970225,1555.0334483608265,0.0798316625878623,1.4981481077160053,0.0,1.0,10.669513089515386,139.9023648930469,0.0811962021650775,0.0113045617846994,0.1942734299886518,6.250642044601964,0.9706318740791924,0
715,26.54067070440709,638.0731050410632,0.1081858378260202,2.601077365959213,1.0,0.0,21.07756540638549,116.8855858722856,0.2844818039260139,0.4035345207357915,0.2478707818402773,10.921412605022065,4.229297860804169,1
716,15.186218261346644,1086.2731995351255,0.0917497119283878,2.02967773347488,0.0,1.0,16.92624609152485,94.66951275634796,0.2115689099737729,0.6866207166114454,0.2051075849572289,5.8848957006764895,3.084850712250192,1
717,13.669542428769333,694.3873782825627,0.0765796456484295,1.7871582045789247,0.0,1.0,13.995103998273798,105.29894204033282,0.2419943914297365,0.0146591429176893,0.175844928713487,2.9998303031930327,1.3833038110289428,0
718,30.122193166869277,1324.8147943546137,0.1410609321631422,1.41435426491878,0.0,1.0,16.358994360243237,138.2069636193395,0.2197464204769714,0.2548435409659913,0.2463985654964518,6.156043893606372,2.2835952596160127,1
719,24.46056743371633,745.6350551206285,0.1282991034348579,2.304109136447434,1.0,0.0,17.808029298349854,101.50243007139764,0.2734815954030914,0.2651740542686143,0.2214121602195325,7.512488087747753,3.756480678656605,1
720,19.804919730777367,322.2910054652633,0.0628897222257177,1.345710207646722,1.0,0.0,9.998293165309816,82.53868107228448,0.1442906392773992,0.0105613572523914,0.1817163971127996,1.4427346294961447,2.006005241288264,0
721,20.77181303061325,611.2816520124495,0.0774377864091059,1.2658087132688225,1.0,0.0,12.604660552576794,86.5019847508346,0.1415080478253157,0.1802669312039772,0.1721806018184618,2.950810416191422,2.038451712792442,0
722,21.63478595834371,850.1537596814302,0.112847439299962,2.818324909446704,1.0,0.0,14.263030822852206,116.85860468227976,0.1971912294144037,0.4480445521530947,0.2270188556632037,5.334929583213723,3.5483906052520093,1
723,20.10457794377885,1088.7362925034304,0.0832751125463505,1.1744501036688324,1.0,0.0,13.671664132905915,62.25776746543566,0.1441321835691829,0.20316943632663,0.1369971397709581,4.221350941832341,1.556467144420453,0
724,31.355373112458928,2685.0758942095067,0.0932561175052513,2.494408339652444,0.0,0.0,10.600831754217449,229.957155836048,0.2524430337954478,0.3067048890850125,0.1626063975809992,5.944749527879962,2.6326558442887933,1
725,20.48857152573504,990.6587997148616,0.0967397814968108,2.1824031837134923,1.0,0.0,18.9663818984616,120.20943498141762,0.1888066858935322,0.2846837604997953,0.1999084108651755,11.577285202494313,3.5232239989582856,1
726,15.784728341561026,407.159006289272,0.1011279497874454,1.6730064065344676,0.0,0.0,9.077553128194902,89.65663071406898,0.1065701606736981,0.1288217631541901,0.1484838090859562,3.28329028869968,1.8969462580509733,0
727,12.089656220482029,643.0833653453708,0.0896151920663891,1.8489843927225067,0.0,0.0,13.71228823599783,81.87060354545697,0.0642437179553422,0.1595265832072955,0.1372211451671597,3.786879621566318,2.443276560459915,0
728,11.554479859396944,457.704503261336,0.104629318145368,1.6544526578620349,0.0,0.0,11.457810225452832,71.18351142543261,0.1595788884925439,0.135467087128486,0.1647227259334535,5.765579405360837,2.3479124179920867,0
729,11.114908036508297,872.7223871876826,0.0393057518902335,1.199794002669364,0.0,0.0,10.685026593160112,73.264945694427,0.0903193920166316,0.1292255998514251,0.1874835756209636,3.3541903361535383,1.6377156677022655,0
730,17.031840769080382,643.9809845914408,0.0921364054893192,1.1389989469242174,0.0,0.0,10.879031490958477,86.78145932676031,0.0845651115317531,0.045308336825216,0.191451293210437,4.79041932855148,2.050065825411175,0
731,24.24467822700924,1492.7373098133278,0.1308067397143552,1.7840558033451812,1.0,0.0,18.111258728410544,129.56690426139085,0.3055095575374889,0.099552630723691,0.1724084676666038,10.648622098565042,4.110624588503804,1
732,20.310250894746023,1355.503490759227,0.1251800997436061,2.106316371861789,1.0,0.0,22.469786967027154,102.57723822375203,0.1724595294945922,0.1335003507600132,0.1792154894789086,9.070036189414749,2.4756321043665896,1
733,16.38813377507787,560.3321081637381,0.1376829546628983,1.9306222790233645,0.0,1.0,19.9454340093073,90.56385813673072,0.3052196141689804,0.1363798448999239,0.1830352408394685,11.272013061125412,4.232279938367902,1
734,17.525193023717495,565.0262251807985,0.0707269449462502,1.3440579515544706,1.0,0.0,14.000361372898125,99.36058272968197,0.088105354148949,0.1706493818723406,0.2060192584771777,3.754145634962245,1.8723471065965425,0
735,22.78589753612389,594.1339624028113,0.1083408419557236,2.556429047466749,1.0,0.0,17.195226770980952,145.76660878105105,0.3079679315756484,0.3188365326653564,0.1853019035597758,6.568214591086999,3.127155690039598,1
736,20.360518618113453,519.16210608865,0.080867916885933,1.782374890275539,1.0,0.0,7.9864241248875345,77.8861111415178,0.1222245909633507,-0.0050074316749476,0.1157953160647944,4.473192298408621,1.8214924465461777,0
737,18.55359656213962,1388.2670934473515,0.0977615832002358,2.626087347856309,1.0,0.0,18.45975136650792,100.69558096401224,0.3895320467886923,0.2652108715046399,0.189748534728557,7.885279623143369,2.406125891702383,1
738,25.792581180000184,742.0847913088193,0.1304142255992758,2.359740191662188,0.0,0.0,16.651704458217306,112.6182771300788,0.3006369253103094,0.2971407388337678,0.2534745266429832,9.068879502773392,1.0942467957876585,1
739,19.0051828913175,1103.8348676709472,0.1141139472657161,3.336780752115189,0.0,0.0,7.963275010172882,96.38229512593612,0.1622957624923469,0.3969819014171745,0.2188655861955728,8.4863426452486,2.727960529165724,1
740,23.8841771140482,1235.7010806996966,0.1064954701597285,2.108094931270813,0.0,0.0,9.754211996991517,100.94684509766698,0.2878263441210042,0.3997617274192051,0.1945144969339767,8.977098270473517,2.6887695673986864,1
741,20.596559314541302,857.239737414308,0.111738408077174,2.0388298333124157,1.0,0.0,16.397407905995372,123.21349170839602,0.1879122509956714,0.3426090676819672,0.2269366342170071,9.097104127230072,2.455169476475925,1
742,20.72372858089056,998.5666501535928,0.0932627958749454,1.7871582045789247,1.0,0.0,18.667782694839985,85.35171717882255,0.2516795075322449,0.5032555083507524,0.3036257316473232,9.771118262371624,3.0580057891508288,1
743,21.519438025196752,1086.3739204091737,0.1166120100268283,2.564841711890052,0.0,0.0,13.168531835606254,96.22091704062264,0.077186435504025,0.4729166720136925,0.2692077807695681,7.2487565266114835,3.0520715022509406,1
744,21.38546403350141,1043.8460916904603,0.0923010157342,2.24964474121649,0.0,0.0,19.40320321061617,93.20312829959047,0.270318215490029,0.1604987339970645,0.2504594117826638,11.296765874287424,2.8176939092039284,1
745,24.206630300120807,782.5864263061542,0.1231216894471327,1.9951148154865,1.0,0.0,11.62391811587,118.49086119906204,0.227321287106205,0.4848308987320486,0.2230927897091155,3.7856270562597576,3.46495479266336,1
746,25.794757606322705,584.8308542846381,0.0973238357380548,1.6078180261403383,0.0,0.0,14.914789178333766,71.58808296140037,0.1988985402031808,0.180733083699576,0.1719336524968398,1.2307159383143915,1.952268699257979,0
747,18.72996346483401,311.5657677192967,0.0772766202825323,1.5533373815313496,0.0,0.0,11.11918019993541,103.16663148311396,0.1462486138735639,0.1986787761432258,0.1109823300859757,4.912242894148357,1.7804853618752468,0
748,20.319914284736868,488.6412704644663,0.0843646734906037,1.3296513715743734,0.0,1.0,11.717048123746103,83.45986887812535,0.1792586252113104,0.1241336472900298,0.1559684737034767,4.021115231997147,1.5513779302253738,0
749,15.399493663599127,550.0367453780292,0.0855402491670992,1.6195660054474712,0.0,0.0,14.441191944092706,94.08738369716272,0.1393693884724488,0.2143892790182263,0.2196834467864107,4.024887879046641,1.6054774649715198,0
750,13.118373665618895,808.1446867954854,0.0872645791627352,1.8000873211560893,1.0,0.0,13.390994240532944,97.45288789439488,0.0940016745859018,0.1942990935818779,0.1371967872284432,5.733320894302324,1.716847108545838,0
751,30.896920038625243,944.170958504768,0.0968920471507648,1.7666988881691066,0.0,0.0,15.35460592104478,86.66127183048695,0.2178848382199448,0.3844316501034776,0.2633766759818235,11.146583351257934,3.844368459159001,1
752,19.710305313329343,1255.0481615545002,0.0857425125976496,2.40553224706084,0.0,0.0,18.15140064189408,113.64565605294592,0.2114370628100796,0.5367086474359735,0.1870335678480749,5.76881728709042,0.3908945269703721,1
753,22.4547132749308,847.7475937809195,0.0898503275797454,1.768262449500761,1.0,0.0,10.481198128015343,130.4462916888141,0.1454451153768541,0.1329202194921079,0.2828407909302075,5.198900074688168,2.96189343503308,1
754,22.259557854803628,634.1353875978364,0.0460188581107395,1.843970050890912,1.0,0.0,15.173077257602628,90.21559394066784,0.0934644755130211,0.0363090064210298,0.1591370481712413,1.7630165732073997,2.1260667554242376,0
755,20.456805229176148,518.2579807365424,0.080863533340316,1.6338669457734871,1.0,0.0,14.645230699917503,92.40415190697794,0.0808893886366833,0.1916524014684978,0.1817682426462617,3.821399824142324,2.3615950037205264,0
756,38.70892602593926,1243.8194373635747,0.1393748840562895,2.155139906967238,1.0,0.0,21.15646739334925,111.75435105665171,0.0657614242745198,0.4399104776894937,0.2276902935877816,7.447378293329557,3.1599392288549275,1
757,25.010410572703595,1028.4990561905497,0.1086794565118105,1.984731195212566,1.0,0.0,19.245933216668597,114.75713177722469,0.373294247418399,0.3241946514368095,0.2149224946610513,5.859978785134523,3.623069956390944,1
758,17.991513469456326,850.7501993288631,0.1228677065850243,1.6453514113209695,0.0,0.0,14.904753611046075,86.39069730867494,0.0866386552682076,0.1341875923470694,0.1713854780657082,5.554096645599274,1.1269963641933265,0
759,19.48761574188214,453.9361909194397,0.1159810443176667,1.7947950741337146,1.0,0.0,9.892339927898249,82.4357477769957,0.0964294984140134,0.1151001983198737,0.1426678674116126,3.408410346748628,2.171069461690316,0
760,32.877359089763246,1379.870499124773,0.1325324052801506,1.4922927538272173,0.0,0.0,16.379055827516016,103.41292334324685,0.1140030453933075,0.4771338437122028,0.176236397560195,6.879293283969564,1.8464262269629867,1
761,21.086329536801625,782.5864263061542,0.1285130038324998,1.948744296269254,0.0,1.0,24.56261197999608,102.39434398441104,0.190795247344445,0.232740020405047,0.2091494379195141,3.188515303420079,2.2825103905635657,1
762,17.233233981013584,735.2844116594654,0.0844080574143497,1.5735390640590172,1.0,0.0,9.310602446742974,86.56735649365359,0.1754679312126198,0.0556586770709978,0.1619540710822576,5.905699291129704,2.227871721778411,0
763,18.34628790746437,371.8643645419068,0.0969816998305103,1.876277035404044,1.0,0.0,13.25144495723569,86.1171502192663,0.0825230533645448,0.1165268818061427,0.1395511276031395,3.0720285541090595,1.8675216764818543,0
764,29.734476842416356,717.909904007852,0.1047012767669015,2.348328205479164,1.0,0.0,16.21786554386868,112.66472004436848,0.3322606893033679,0.3392575188946425,0.2329932300019456,9.124056261071084,3.9149433500599744,1
765,11.095046026809207,513.1958159288707,0.1155005055495028,1.6485017237262454,1.0,0.0,14.30639147933521,69.56421313299371,0.1387457972952945,0.2242384916219313,0.1629075610916409,4.985356634026499,2.0739947446627904,0
766,18.41695065712365,248.4245578543102,0.0850717940892002,1.399084063079326,1.0,0.0,15.32905249006004,90.61313526401251,0.0208896334731839,0.1717998748089212,0.1870473113341637,5.456943398188272,1.4761898329940335,0
767,14.56577508730978,578.1721207512978,0.0780645512966903,2.216214792892841,1.0,0.0,19.304124356406763,136.56861488397422,0.4323046546048725,0.4407265691297581,0.1628051327781024,17.516793415298984,2.2554173374340274,1
768,28.327471816314013,782.5864263061542,0.09563692073188959,2.5906997148397624,0.0,1.0,14.489321876313436,112.16758033978944,0.2096827062670102,0.1297380472421886,0.248401567235817,7.473031188553572,3.0625613002136927,1
769,25.944103345259933,725.8980346558102,0.09563692073188959,1.482831532192138,1.0,0.0,11.614550305669342,82.99260989658333,0.1250944546867004,0.2901659692009202,0.1251596812709719,4.1855189067926775,1.336048167120466,0
770,10.432057627263577,516.3322237372093,0.0808197616961769,1.126796995399166,1.0,0.0,9.407692992915054,80.39857945106459,0.0440001111616227,0.1049928029211196,0.149196109149607,6.806873377495879,2.000034340670119,0
771,20.61911281548526,664.0245113916707,0.0832570257992768,1.7871582045789247,0.0,0.0,13.054535808129126,103.17856569145528,0.1611131081166529,0.0200064368927189,0.2180783231563746,2.668463510726429,2.337783968999997,0
772,29.758407214252948,649.0633120416832,0.156082901153149,2.357081702846442,1.0,0.0,16.393562923019672,92.58375786222048,0.2759239867475472,0.1535031208294576,0.226445827901184,7.325149430947422,3.850430770994513,1
773,24.448741865283463,1233.669824867461,0.1510666629464087,2.4041042855577075,0.0,0.0,20.673916516821045,68.47276880521605,0.1659207013537108,0.1514393627827848,0.2157001559468805,6.406651496557046,2.2021321817790684,1
774,20.360518618113453,831.5199736912061,0.1426368235142669,1.9297647697087847,1.0,0.0,23.6484060406444,122.54067675656026,0.2267169287634094,0.3670457709736592,0.2700279311063785,11.104926912287752,2.83001991945708,1
775,20.833827792077336,747.6286244352351,0.0859590167901676,1.8210571384925245,1.0,0.0,11.311873656759031,117.09899124144216,0.1376831141899243,0.0817931599357428,0.1999238942715867,2.9510060344470386,1.6283592028520155,0
776,30.58785530851524,1597.3877543419308,0.1350009361456478,2.0311667220346026,0.0,0.0,19.98312196956115,99.27391893723342,0.3310516430790395,0.421922811609719,0.2844584089871705,8.052234017873914,3.412936953851013,1
777,16.72325351256426,1177.4935921260844,0.1080015580730223,1.5833750387756949,0.0,0.0,8.041364907978721,97.4364012120581,0.1232217082309127,0.1039193839224818,0.1248703672073683,3.833288012207273,2.0661431272069666,0
778,20.78605012657116,782.5864263061542,0.1220087790531113,2.2936480356573,1.0,0.0,14.789950183567358,112.24073802513682,0.1877039475338167,0.3088866185648627,0.1780903400617405,11.815768967251238,3.1797134927049067,1
779,20.956096006651254,769.1339107780616,0.1238888120458139,2.581084162029633,1.0,0.0,17.709457923432918,76.90128445164228,0.2809937977151981,0.3927937562692117,0.2495760425467884,3.521801732683864,3.294806748619084,1
780,21.975803107974475,1167.6679742821393,0.0979132745005625,2.7107699699987635,1.0,0.0,21.62164886617753,141.3126372437649,0.176187368962057,0.4950454481688474,0.1749598843918519,9.80111860813972,2.5914355719934763,1
781,30.54250409492756,1110.4209999911077,0.1049941666152493,1.8569751851362977,1.0,0.0,16.67536943184727,119.6107425565661,0.1207869597101375,0.4426374210381298,0.2350575900181575,7.11988661157079,1.8058923385344987,1
782,20.267414179329943,517.940056614978,0.1084765935968673,1.29347451711316,1.0,0.0,13.344361495093006,60.78588800000978,0.1286444237008782,-0.0079575713373922,0.1928848743675774,1.07517813648615,1.74630157427559,0
783,26.74593382992964,1554.875635524442,0.0981266344444688,2.3278509829075835,0.0,0.0,17.4022708002571,80.34252696708741,0.1364645304607577,0.2482996674787355,0.2413635852964989,6.401553041294161,2.105382886854809,1
784,16.201162749366688,892.5150272827881,0.0788328196627411,1.1243105597513332,0.0,1.0,14.07019475309692,69.18899019236854,0.1384418015818225,0.1072154474877628,0.1342126856220025,3.692464799842901,1.7692247901638394,0
785,19.5702615658968,594.3169183512871,0.0872064592362485,1.1008814300736107,1.0,0.0,11.287748348729297,64.6180448823327,0.1192436211541639,0.1062093644783176,0.1997638111627118,5.031387784973802,1.2785526531971425,0
786,27.10754929882752,984.428230174732,0.1074788795405385,2.3434465140166574,0.0,0.0,15.395587680873891,113.06740927606656,0.2444374576464477,0.0935061923089422,0.2349040935269128,13.557079787128334,3.387455218777643,1
787,29.223773959018597,598.0313235571658,0.1085025118921434,2.165901297658618,0.0,0.0,13.25551126168153,96.84108572954769,0.0817349914341674,0.445325867690548,0.2267145610479776,11.213425402594314,2.210949389922482,1
788,25.109095600856666,1308.304605254992,0.1176361560965093,2.3725423158889662,0.0,1.0,19.482974224952635,129.92497078863798,0.3363134488454802,0.3705062889610652,0.1889135905881439,8.661931957475979,2.9072962430474245,1
789,21.090652536187857,1268.1204951254545,0.1009744870599428,2.8165447690096013,0.0,0.0,21.17861207117525,128.3883238237377,0.1002800648837396,0.2764406976070188,0.1485151510922292,5.954353303309691,1.324534034857278,1
790,20.086142068350213,337.8453465405013,0.0892184744331216,1.14168393438966,0.0,1.0,10.10186909527138,92.75279830772564,0.2801282711053264,0.1319845947405673,0.1927560722031529,3.2227832189284307,2.210700151428054,0
791,19.0145349517459,1154.4029043369585,0.1171435040319148,1.5788732231294265,1.0,0.0,18.364823517657648,113.88532120212771,0.2121662821802677,0.3919193312528129,0.196051934582395,7.552315019181864,2.168570053090342,1
792,25.03693331046822,782.5864263061542,0.1321974704733428,1.856278044338379,0.0,0.0,15.878752380188349,117.57257381308854,0.1887626401264017,0.3680516347396081,0.2051754732145245,11.635691078588668,3.902671924738367,1
793,32.492339539105075,1283.706764086303,0.1079653576428969,1.9816850805573365,1.0,0.0,19.17384422923235,121.5208875273172,0.297371709785578,0.4912227871289711,0.23033460176534,7.891785987800976,3.4078780607812726,1
794,23.87733806687468,1300.7547641757178,0.058025760875812,2.4844651187969107,0.0,0.0,22.66265319153328,106.87817742216872,0.2503885055449064,0.1123369325778954,0.2328834273021769,5.586431642825479,2.198387996815249,1
795,13.690598745776397,631.2879136289404,0.0974602279384286,1.0457753912291727,1.0,0.0,14.499632578807883,77.08730394105703,0.1146067132838905,0.20522428092551,0.1898254440163529,5.587774885523185,1.8006929274215009,0
796,18.883430875690262,1127.877863391063,0.1024638833608819,1.256884127948,0.0,0.0,13.078387715989397,97.97963913493196,0.1595086614693056,0.0295124216321066,0.1978285667184586,1.0869816302009134,2.1927223150275874,0
797,18.09337983540609,349.99396603177337,0.1023385787786027,1.4917382406218065,1.0,0.0,10.578597538927294,68.84210916315627,0.1454752701675208,0.1677168309078333,0.2019272388552058,2.987204996029538,2.3975424448169917,0
798,20.36812110526787,299.98731566642266,0.119115830361139,1.546226409901655,1.0,0.0,11.786707273250297,73.34885490172178,0.180157593452953,0.1153340321930554,0.1565457430703325,6.975930681422177,2.441285994614788,0
799,6.899420159355792,1026.1551589688554,0.0931886451051886,1.1314537687046746,1.0,0.0,12.826035956129374,149.09769336356138,0.1662977095507496,0.157147224066331,0.1866469378102359,4.774273543455619,2.2123631899532112,0
800,11.866399398295997,877.5479545179707,0.1099705046074021,1.0493180513803184,0.0,1.0,11.696199458168064,69.51044841346241,0.0444378770328019,0.1706386746086628,0.1259558562015122,1.5092930052949387,1.8448432999772044,0
801,31.269564295499908,956.9996392736006,0.1246982066999466,1.9974188097707355,1.0,0.0,18.444427062303067,122.70939550067052,0.2830898267706579,0.4136155832781186,0.1510895666840941,6.939011920476222,3.032169770601017,1
802,29.501517670624544,1139.7699897603911,0.1001286974098977,2.8222629171754408,1.0,0.0,21.46794759772895,101.40344580077551,0.1971137364546988,0.3870542282390088,0.2623089082790474,5.966121731726664,2.875070343877231,1
803,18.13908517367981,645.9427335146006,0.1875846101441217,2.965549065494491,1.0,0.0,19.67040181984498,126.5449674475106,0.0228548352234054,0.039567926037424,0.2357485491873048,8.342174044854463,3.169603701737937,1
804,17.455397183701834,326.2999829885263,0.0560146332007991,1.746301757979765,1.0,0.0,13.0295869527487,67.0481414421741,0.0695385417408115,0.1572976738916495,0.1935774826071129,4.2890760152346,1.9515647265345908,0
805,14.590129454410704,364.2261655931115,0.0718386836635472,1.4730839432698652,1.0,0.0,9.489364799555652,55.39646200004795,0.1178699421596544,0.1945512359639594,0.1226251515973266,6.270338816488441,1.7631197793638067,0
806,22.670311691381475,1463.3791293680868,0.0657067508721088,2.6443724941803466,0.0,0.0,19.39956910699191,115.72944353308418,0.1596233203290579,0.4324643898662075,0.2383208478347094,3.2033095861931464,3.5011517937622503,1
807,12.172238522826762,599.1959671037088,0.0941557097838535,2.0595321478122464,1.0,0.0,12.272219687390855,96.77274525726062,0.1856345984916784,0.2094731254616588,0.1533376703895098,4.123306504470558,1.2409094288935716,0
808,12.23082425995804,782.5864263061542,0.1067939994428229,1.0482918383493762,1.0,0.0,11.425782086398897,53.401888883164304,0.1197326424200542,0.2545267736728794,0.1163089618234207,3.135924308859089,1.9677678270484689,0
809,29.32929059891161,841.1671523889669,0.1194307396648711,1.8189231345410175,0.0,0.0,20.352369886824004,105.87005403063276,0.3007584239505055,0.3606271474923875,0.2061211792932543,8.821631531019547,2.255421585466236,1
810,34.347959126499575,1365.5242556874043,0.1040850973990788,3.3162995010380247,1.0,0.0,19.831651349959166,138.34418167294317,0.3095116030577449,0.4128607729478674,0.1864641061105703,7.391443118615127,1.495412550568476,1
811,17.881983645040044,2936.825262141821,0.0920411740292339,2.33339231019619,0.0,1.0,18.56449588085419,199.5350888583015,0.1774049356360211,0.3154526357664732,0.2311924026273455,7.740249669074627,1.6979456498734995,1
812,16.169927949756712,782.5864263061542,0.1260821620880781,1.519300212244837,0.0,0.0,10.612539455917664,79.00157677183314,0.1654061666057565,0.090336723216394,0.2024132208833866,1.3769109324136752,1.3599985529958003,0
813,22.98740066914202,1208.8803969264673,0.1280977991689746,1.8181295196562632,1.0,0.0,15.729376553645947,113.44454599471167,0.1679258861192696,0.3674440036027743,0.2045916194747938,10.739973640613414,4.271211061361079,1
814,25.007787897333408,1292.055556841957,0.1215696846632077,1.3424182574386676,0.0,1.0,16.101747571270145,130.96696102698215,0.2178066154978194,0.4461576102035069,0.2081675582272767,9.319369773478735,2.492034191100044,1
815,14.667087373522696,777.2694068891094,0.0775954212156011,1.5454965815704742,1.0,0.0,12.26688862698643,101.98575862556088,0.1399942021869969,0.1989266635105119,0.1775320868293083,4.513412712190864,1.5898212607879825,0
816,30.26476350460914,954.647590766986,0.0960394957878116,2.4312590792564035,1.0,0.0,20.26540211789657,81.63310223782548,0.2757189036433217,0.3160096187710371,0.2157283083109198,8.021199443591206,4.073989405135368,1
817,13.431318148354942,753.2552150004702,0.0837453654558792,1.728181352297711,1.0,0.0,8.738266385644609,82.90646867967232,0.025308498218256,0.2073756482120207,0.1413514006755493,4.94047249719525,2.0821866718151023,0
818,27.554049426450828,1263.4574333793205,0.1215806114000033,3.1916455568002355,1.0,0.0,18.17354944341432,145.11582242152173,0.2746428583897236,0.4712994989018088,0.1814626639555389,4.879445275523955,1.9180082010579165,1
819,14.131222182471738,755.1791913720278,0.1289011943995202,1.5791429833932218,0.0,0.0,13.613281169055956,105.93634048740884,0.2512179906351188,0.2715318748568042,0.1942205596167028,7.282364247205205,3.1211339571819217,1
820,26.888192738951712,784.2029617497017,0.095244506551766,1.7707979290356022,1.0,0.0,18.11411931581739,146.44612512371555,0.138681435136196,0.3437811208963491,0.1662225580372638,7.228301070248702,1.3857324107912268,1
821,20.659330249698595,311.33569183382656,0.049663795742913,1.9287717930488315,1.0,0.0,19.97215992572205,176.7977921537277,0.3607376361193452,0.2994993625743976,0.2269495870736537,6.596067109892616,2.6057324922020637,1
822,18.639361486638503,444.4728406045432,0.0956319753406788,1.7871582045789247,1.0,0.0,9.490988844759285,84.18368547622914,0.0484235297224196,0.2085270138722167,0.1930889087103338,2.6090496776122025,1.258890130161339,0
823,24.637984616600946,1251.9900305956708,0.1401872812318634,1.002764652073028,0.0,1.0,16.144406911258017,130.55973356616138,0.2071261420177216,0.2493508238419468,0.169173290803928,8.372704604462287,2.47085968681422,1
824,25.564306916835115,1256.9121898812425,0.120293127681031,2.003738397852187,0.0,1.0,23.123214320809485,132.2236907552756,0.2607055935698223,0.3279278488223984,0.1357606100934738,6.000083383128974,2.174142705058932,1
825,7.957712542369466,776.7286131390473,0.0537612243669824,1.922398657633444,1.0,0.0,13.07338754435908,59.27344636274668,0.2043478830134526,0.224787584917834,0.1777847816309254,5.17567306113763,2.1434918433682024,0
826,22.229347509758853,547.1714737024828,0.09563692073188959,1.7192414483477845,1.0,0.0,9.545898924002788,81.15520993975638,0.1440538155491086,0.1084040843010098,0.1793785137040328,3.9374640515110833,0.6124523637749035,0
827,23.0063703975901,1513.4425401431024,0.1113240272478653,1.8332359311351216,1.0,0.0,16.85843624868123,95.23211123066254,0.2443744607120227,0.3987752969480608,0.1993699503644862,12.729889279506592,1.868625295144183,1
828,21.33947292843886,643.5082609117952,0.0809198000122713,1.2303445605016556,1.0,0.0,12.31542161107967,98.14241740467168,0.2169791205243665,0.1964892245576264,0.1649961814286137,3.9137147347704295,0.8660214428378799,0
829,26.277263394498775,989.857129422076,0.0618129393116476,1.1387928107192198,1.0,0.0,19.50596571181526,98.2092152579866,0.2901927013247013,0.1100223447246067,0.1675876086479375,9.725757320229835,3.3745285776045617,1
830,16.45941976266088,1184.2924757032806,0.0807960722156251,1.6012497039807088,1.0,0.0,13.96933329750854,69.05655476393576,0.153858117525928,0.1618486100832346,0.16845117643935,1.8236023238797268,0.9825673817225266,0
831,12.738993207770632,261.23284406953485,0.075331129675348,1.1523556424737735,1.0,0.0,11.530133489567916,79.6644670718249,0.0420468879871229,0.0068780474499952,0.1265912443536256,3.01003190249048,1.4313359744901075,0
832,13.149265146219088,-20.981055026817277,0.0812347521795934,1.6790681110504813,0.0,0.0,11.107019402227497,74.70972651506628,0.136278990470077,0.1638965812106848,0.2005466128770337,4.286290461478801,1.9075385106580147,0
833,14.212082757706938,493.28781176968624,0.0909907563809775,1.4009880650960136,0.0,0.0,11.067259170587926,72.95026140004987,0.0913314463220044,0.1303996793481676,0.1398664657584659,5.018026097226298,1.4337361400939344,0
834,23.159480795063143,1140.1277456559144,0.1313973326351303,1.6328838794288425,0.0,0.0,17.01860963496582,108.32108807389277,0.346625618746231,0.2901308959551741,0.2638781687695219,3.362324793192358,1.5518331747529168,1
835,10.914806213883086,779.0421784423312,0.1009627908236929,1.3670105171518825,0.0,0.0,11.691670075490755,90.32580396069214,0.0629250334001089,0.1442731216114221,0.1703776679973566,2.5776097620879312,2.336737317609465,0
836,19.244417133400592,1171.3330662112294,0.1300657675330904,2.638801534504318,1.0,0.0,22.896212320301583,97.05490145003768,0.1420024024058842,0.1634257896734565,0.2216836167193943,7.065594625080579,3.200237784080405,1
837,29.0550762622148,1153.02073902188,0.1413912979630108,2.6535407593861846,0.0,0.0,20.48821001581948,118.51144123430976,0.2451104710062959,0.5048087859450877,0.207468189645368,7.884726182630441,2.3435648330766545,1
838,13.329304338475923,962.6337925210912,0.058372460568699,1.4704668575790334,0.0,0.0,9.540417603006262,64.66795634189566,0.1317132851931235,0.0900516576305281,0.1909890883085519,7.037086631224013,1.920591277576378,0
839,19.609929723658176,439.0006138588123,0.0714948039548673,1.2653627763034745,1.0,0.0,16.079280327790784,91.82182707040194,0.0911444776485313,0.0720210056816576,0.178128697977222,3.9145812780424114,2.600064549720233,0
840,22.88678855892864,493.1992572327905,0.082966783625876,1.5273013186628253,1.0,0.0,7.093947378494108,57.334189491307015,0.1872148014523393,0.2621190401589927,0.1733207171164066,5.061859176490217,1.494882346444184,0
841,15.792670862817678,697.3128074663995,0.1099773558541128,1.7663797634395235,0.0,0.0,9.893963783712602,49.05482282748777,0.1147943334802195,0.0738057759414982,0.1856031524743443,5.791609485131386,2.5530783070764844,0
842,33.41105733183838,806.636169233928,0.0928745389266234,2.0071400848617733,0.0,0.0,18.494771373304093,128.57485203437489,0.2686694757969865,0.4532591038100871,0.1905387491642983,3.700392990380749,3.49459231060791,1
843,22.71217349265124,637.0557589387968,0.0742226833784863,1.6425316735259423,1.0,0.0,10.504186135165869,79.94741409861989,0.1361502901158018,0.1289985255770798,0.1417227370402701,5.44866360568308,2.924892011390721,0
844,27.28943075372401,693.8718380599747,0.1060399375342071,1.7871582045789247,1.0,0.0,11.90732748832725,80.77368634289556,0.1885153669693262,0.0967440819056122,0.167799979933328,1.93162193518905,1.4563317780393632,0
845,22.33490898529871,1664.5853482258672,0.1290765503934638,1.1957805722211623,0.0,0.0,18.128297843378075,109.76598012368326,0.3390391486812527,0.2025696189656476,0.1762267501967733,11.605741620424936,2.8310278040558288,1
846,15.357795557168425,741.5397050164272,0.106968480217361,1.5111980852957896,0.0,1.0,11.037333399351214,78.33060638592039,0.1536633493109568,0.1090558116744894,0.1538303903487467,5.234756515837824,2.5171520762903272,0
847,9.850531795313575,496.5689149553901,0.0475566164924463,0.9659478264797888,1.0,0.0,10.543997109305309,97.52252602181149,0.1986912114977237,0.2472719353396856,0.130578534705317,5.042612662091568,2.6012125728132025,0
848,20.85019977473269,1020.0549574991112,0.1052683442265798,2.584469803662024,0.0,0.0,16.772217135205697,126.85110615857538,0.1355239550706235,0.3048408696884914,0.1826316570070363,3.2845966430740514,2.659942838273868,1
849,3.586091888831565,820.8881928758408,0.0674071014957765,1.209761663519496,1.0,0.0,15.465296233399034,84.37820039174474,0.0943719044278714,-0.0047278708446605,0.1851689315375934,6.033421566060946,1.533813191664804,0
850,31.70585836025581,911.4892436452226,0.1271530402193467,2.7012846197339124,1.0,0.0,12.909011729995475,112.103182465284,0.2608449775305303,0.1705279558450775,0.2390463648630225,8.467868549295083,2.706003813162352,1
851,26.9482972122968,1157.927717666897,0.0662061020802529,1.9610514176986245,1.0,0.0,13.533045075278247,140.81096451535916,0.1132444144585505,0.0904210918394491,0.2617853321496051,8.733814681529138,2.104585110577104,1
852,16.10005559623303,1081.8779545694792,0.1121454079889098,2.1992769244213592,1.0,0.0,25.06617287480834,121.62438557477056,0.1610361195122812,0.4659284683831585,0.2335269298778113,6.253466865471587,2.2427658049760355,1
853,17.890361413679617,350.60884225193814,0.1125923163774092,0.979196227176954,0.0,0.0,10.454302907502372,70.70545364125303,0.0433300084732839,0.1610251313973748,0.1724099528455767,4.270043929956575,1.1537601012045058,0
854,23.59089685382927,1278.5839832170925,0.081558884893268,1.4972701570447549,0.0,1.0,15.012840119652845,85.87775807042064,0.350397247880407,0.3704143789871466,0.1906594964585365,4.096349306965728,3.9669463038502304,1
855,22.16139008714733,715.141578375847,0.0906477129595056,1.8915811905471287,0.0,0.0,18.834682448960315,134.51425075965332,0.2895077786203016,0.09795973800693,0.229232630927565,3.1764586849750165,4.052741487647803,1
856,17.98001228707861,797.9127573798454,0.0834564469428316,1.3400891140356113,0.0,0.0,12.078419017458105,100.10609630171328,0.1409576315245006,0.0137092089052533,0.1505495396297373,5.644470868375996,1.5375685309354938,0
857,19.29444082477608,693.8352503980637,0.1120942964093154,1.6178723500003909,0.0,0.0,10.928389563052804,37.417395038252096,0.1600660057132481,0.1967964294633651,0.1672643917139806,3.816174353621556,1.771714930663414,0
858,14.63833550986405,581.8166015993268,0.0642131883809269,1.312855267919322,0.0,0.0,12.81900124106632,72.96305511013867,0.1102024767695132,0.1227119628080216,0.1123621697674959,4.278566185623842,2.241523161231496,0
859,24.296617066896413,1183.7861983363707,0.1197050153387989,2.992935013435287,0.0,0.0,18.4084992747132,117.6865620053575,0.2367545662687656,0.3344490168099981,0.2163995327156747,8.640699068228596,3.195869594270179,1
860,25.518174458732567,782.5864263061542,0.0831710213792191,2.3150077622667404,0.0,0.0,14.625490284285702,90.18812830318532,0.1701494643294057,0.5179265764953334,0.1857138813479048,6.7813329363525385,3.2568072746224845,1
861,20.360518618113453,601.3380198619427,0.0838412929117469,1.9152169131979533,1.0,0.0,9.493340423304442,96.47294177365116,0.0760834613836241,0.0640402614401507,0.1630718798765223,3.467466234905752,1.9979005026087495,0
862,22.117298218656824,810.9250442943992,0.1074667744295477,3.036601662088525,0.0,0.0,19.51002424250183,119.55534002809743,0.2824425241333729,0.1650676751609648,0.2214863803798471,7.626393555647917,2.857761320925183,1
863,31.67833743706803,780.2839188770681,0.1046100562165039,3.255902210589122,0.0,0.0,19.52237533785699,134.13245623470982,0.2068945492513453,0.1757434274921603,0.3155241070403396,10.742633556187696,2.161444715782713,1
864,30.19530699640821,1021.4872673903856,0.1263328578553635,2.016727687212059,1.0,0.0,18.959196737618413,122.57667265378956,0.2789589523688808,0.3427029971504795,0.187473511139643,8.876900895275348,1.857373961177416,1
865,13.915507015616392,846.6520196257209,0.0406811357790691,1.0640716186314405,1.0,0.0,12.214849291788155,97.78743798113264,0.1195400684066904,0.0464511434250369,0.1186867294961552,4.495007427505223,1.1188778947374811,0
866,18.892826330153586,1188.379325913072,0.1275426349197387,2.0841607400398265,0.0,0.0,9.33069539790793,129.22384906843152,0.2387642861057916,0.3049184916897758,0.1889477105730036,9.296961613946108,2.4247081851955743,1
867,21.89962239765457,426.4164821344591,0.0949925345912602,1.5964835905494144,0.0,1.0,8.969140396838242,73.96877787313889,0.0580362345748577,0.0298664119614037,0.1570041875199723,2.769888192487141,1.4996037343784,0
868,21.216139933867435,1219.4476727184883,0.1039317782946792,1.903550038418993,0.0,1.0,20.68741937688621,156.47557365606568,0.2199580066247816,0.3149223286788581,0.1345590797252668,12.068597423069903,3.0800972297992466,1
869,12.923101887368752,878.6956507722957,0.0636631126833912,1.6222936966676644,0.0,0.0,13.207113561122366,108.45333734247606,0.1406644090346786,0.0251682654699321,0.1575994910971864,0.3115665704114505,1.6851823019987515,0
870,10.629485998456651,1105.7998675054914,0.0933303809009565,1.7793664576411892,1.0,0.0,19.03795644454174,93.2551932251067,0.2120066863139054,0.3273652265969742,0.1988657873512322,5.434616207699247,2.911162751912485,1
871,16.225709506934113,851.3377400654346,0.0777656410527537,2.457897212281365,0.0,0.0,14.908084867714209,95.7086413514165,0.2029439085501696,0.2596016375257388,0.2081686753615886,9.028893497066282,3.4211770823460217,1
872,18.27220941210737,246.12272192949905,0.0831597760446596,1.6012865348239913,0.0,0.0,10.512513145212507,89.98923256751098,0.0744809851279971,0.1076899259683594,0.1371565942994315,3.504625716505899,1.3939208165604065,0
873,20.360518618113453,692.3591370916245,0.09563692073188959,1.5361764780504683,1.0,0.0,12.972569024982713,57.31990531907636,0.0817942061554886,0.1029683139610212,0.1431016482968515,5.515955091144144,1.868163716022842,0
874,19.12167715132807,541.8212090892307,0.0817616446455725,0.9023295625396148,1.0,0.0,11.546147304069084,49.26191344514237,0.1490870513048294,0.1358430129856914,0.1581198219599504,5.018524114065739,2.051878656708102,0
875,22.11311616764507,1157.5538440979108,0.1230151179540251,2.2598778844212224,0.0,0.0,13.702449286642242,134.3589102628188,0.3093361413479091,0.2815581991148175,0.2434262900472908,8.433910438764089,3.4285469768663246,1
876,16.29493807670448,504.820729177029,0.115688473847406,3.0545344006112254,1.0,0.0,17.18507617499324,125.1042204817138,0.2072090627247131,0.4488812373095978,0.2174157056206621,6.572138315731398,2.593704975320444,1
877,17.015109115439323,674.5054229635938,0.0934741295391143,2.161155629133661,1.0,0.0,13.783838811175038,58.67802969265212,0.1948461315588289,0.1413155432659899,0.2156280418575716,2.9825144209139056,1.7094228544674317,0
878,27.04818455660585,785.5187412207914,0.0965291202752276,1.6426981684254742,0.0,1.0,13.992629440082585,83.42906218367631,0.1381186801183737,0.1173858006576633,0.1709175588860825,5.149833693937215,1.082940801223561,0
879,14.220784566266463,661.7175177636557,0.0625236072622854,1.0454388393079197,1.0,0.0,14.725093045813114,83.34953509328308,0.1267362494283552,0.1431576298767452,0.1978326876454259,1.210567669298232,2.226533933549656,0
880,21.873647268494,238.9172263870614,0.0612639898954841,1.7593801759166052,1.0,0.0,14.582440117219958,81.51965424831877,0.0663576945679307,0.0240724918925481,0.1562334957228268,3.331010413084853,2.530262646737817,0
881,13.11516064237913,887.5066259846285,0.1052301796040441,1.952302300383832,0.0,1.0,12.221929652489028,78.24140615845963,0.2185179899465871,0.1155124858260922,0.1588944064182416,6.108870081294507,1.7941284239892177,0
882,23.701480332938317,1169.043735571941,0.114196559840169,2.380691797559173,1.0,0.0,10.59868095315475,97.58891288707692,0.2356342137242977,0.3154962090337714,0.2170590656991796,6.3203387309510015,2.3332884781311973,1
883,24.87187608753915,956.9214995446246,0.108299427732378,2.115099159528865,0.0,1.0,8.692897687306077,90.15501537061756,0.361225794631599,0.3320287300169671,0.2291746402655329,3.3724737477040643,2.331436374248613,1
884,17.881905257274425,782.5864263061542,0.0565747298289206,1.7128881426110572,1.0,0.0,11.32004703781636,66.13651977021209,0.1771981173700291,-0.0297147917236979,0.1269081377256458,2.997016958284977,1.902997151833314,0
885,26.991007290909188,1333.300840159059,0.1236352193458281,2.9855629859312507,1.0,0.0,16.731581908952528,162.83839864239036,0.2459171503308834,0.3319265458605615,0.1884503536858127,9.96323401758762,3.4903624514684326,1
886,32.05957013518054,1187.676945939431,0.1129614887184805,1.987753389311592,0.0,1.0,15.5338931531467,123.81039212761831,0.1345442516238089,0.2661173313157311,0.2152965990621453,8.082604347828632,2.924927297219944,1
887,12.373321238187188,805.0356690577576,0.0428065798477112,0.8822870172756305,1.0,0.0,9.017469382924906,90.523076875376,0.1213623503303907,0.1092283796351564,0.1644563987375582,3.5616129616898125,1.4703034749909043,0
888,21.98616086706858,782.5864263061542,0.09563692073188959,2.210055481138968,1.0,0.0,20.864299996591328,109.0716911269049,0.1991187328935274,0.2370703517551198,0.2355662782815696,4.897696287957119,3.138792625247981,1
889,18.58037182201973,602.5634152088164,0.0912631743869222,1.074362401413415,1.0,0.0,12.640440862585628,62.78987725518006,0.1994391543500987,0.0548585286110142,0.1691707610718935,4.933533697313309,1.4573998848557133,0
890,16.392098263539058,646.4855368234138,0.0800971667844659,1.494556880893827,1.0,0.0,13.660354598696811,77.73595074734011,0.1152243407569415,0.0489925317775309,0.2031432910416745,3.0375925734150773,0.4664052060474088,0
891,24.25729552974889,1132.4185592318229,0.1564210915712293,1.9062736990925724,0.0,0.0,18.396220126644085,151.15180644384614,0.1462960491703668,0.3302736409828404,0.1600703766618848,14.400988711748948,3.9263334498517706,1
892,17.915888526377834,1150.9069464399945,0.115453109242025,1.702909292430253,0.0,0.0,17.30715310581529,111.28229127854208,0.2069677260842852,0.213458509512288,0.1266913495724186,5.612545333890294,2.183438368395982,1
893,13.9402449487347,782.5864263061542,0.1089032706160773,1.8333487422709855,1.0,0.0,14.050653832210454,96.08781071265906,0.1201667577211165,0.1154545017064305,0.1830242607202795,4.193035603474242,1.11646820249985,0
894,30.06169167159093,1159.8366000775316,0.0954348869858465,0.7478176070799616,0.0,0.0,12.662592228274404,100.0614461325561,0.2678104686421672,0.2470739191051753,0.1870439145182329,10.19271544662627,4.138269512925344,1
895,20.54182270416316,1044.5827912641844,0.1131321365819672,3.013985439275264,1.0,0.0,22.25800478156056,76.5537178909207,0.3297609564898225,0.426562163373365,0.1541114301630163,3.897479509505194,3.15661427718749,1
896,23.633035654209653,607.4149048279818,0.0698927883392473,1.500673832109376,1.0,0.0,7.485363609775307,90.55584228348924,0.1469302423198356,0.1731243939584278,0.1511616175566801,3.219580509614686,0.6251640710953359,0
897,24.3141619509621,1424.5681364220688,0.0816234413620678,2.3823915862920244,1.0,0.0,12.575362122664842,101.63462000311767,0.2607885650344197,0.3647362837689285,0.1863880845931361,10.49952245907276,2.5469664279229023,1
898,16.839203275330608,574.5181852317702,0.1120294231353395,1.6376296563509785,1.0,0.0,11.84152884681312,66.0070533230961,0.1605895593949719,0.1400027783112585,0.2085015792872403,4.840389791999478,2.1404477694804065,0
899,22.80388461094376,906.6319864926984,0.0898932737617832,2.371427900145434,1.0,0.0,16.091407780712405,127.45864539623928,0.1984217787126527,0.1997127175310221,0.1599707953416512,7.325777146735892,3.145717886996645,1
900,16.41688039102321,700.6371909134236,0.0744262237427981,1.3289692154209785,1.0,0.0,14.969291848176187,92.24332808835788,0.2010144028122248,0.0616100479200831,0.1843569362120114,4.483886401394663,2.126177464534294,0
901,18.4891338085128,577.1109455556316,0.087646154557964,1.4342739005364833,1.0,0.0,15.882734838174033,65.49677711053972,0.0922142736958037,0.1669193576047929,0.1465014866359906,3.286986186191679,2.038103335000941,0
902,22.85255477814084,1050.770385664124,0.09563692073188959,2.3688540684899246,0.0,0.0,15.176951362710556,127.37451676208931,0.2609138426859835,0.1326997774902385,0.2557637077816517,5.061630909621398,3.128621180205529,1
903,16.825965503417017,895.6095987860465,0.0576561047576338,1.1117543962597187,0.0,1.0,11.059940082682974,71.78277144910108,0.0779803099445562,0.1952274591514622,0.2045546768665814,2.7025810382881046,1.35840871525921,0
904,15.899373888132194,578.4454260997381,0.0738581869399384,1.8063481663609176,1.0,0.0,13.14796385813805,89.80749834593568,0.1159091593964223,0.1917191259385087,0.1793062440873549,1.5017184239196886,2.5480991774137487,0
905,19.09313237009668,644.5919180134749,0.09563692073188959,1.9031905789350656,0.0,0.0,20.808933496105556,92.87050887772196,0.2674982890164096,0.2683481422348577,0.2280103076475896,9.920236740457804,2.906429267535692,1
906,23.06880497768322,991.408869157714,0.1177270904363614,1.4229821611995424,1.0,0.0,12.840336081144953,134.86669003215536,0.0445132649116244,0.4911830779395864,0.2516802797744107,7.180392397375067,2.312181058040116,1
907,22.162428267317203,823.0843219012979,0.1389990616710352,2.329791895838792,1.0,0.0,17.650138377702106,124.5362719004921,0.1532563868745793,0.0573872090505064,0.2563105367494848,11.014425960107854,3.4715810819724253,1
908,15.427859609924134,1088.9757212294828,0.1125810414674771,1.7871582045789247,0.0,0.0,6.225507408902535,115.76996971390544,0.3364238203034972,0.346616531038399,0.1999685973585417,9.642123810824131,3.4082485935991538,1
909,34.7098364460544,944.1090830656708,0.1035826242968902,2.5340966001856007,1.0,0.0,21.010789989883108,121.39579989112066,0.2095839979720447,0.3662112463119488,0.2362106755541146,3.531117514639188,3.0337527409213405,1
910,20.99894665504472,876.5366662668323,0.0643611064657806,0.6134922153669209,1.0,0.0,13.785482975359084,79.04560394270595,0.1277284594248782,0.2106222623243076,0.2480282698162153,4.756919803479494,1.4427142705787954,0
911,22.753309893410485,1069.8024394629992,0.0910803895313077,1.9346100340909835,1.0,0.0,14.004223092885743,125.66547205567188,0.3410912595666848,0.3907999958748439,0.2728787194155047,12.712424281038292,1.981789613621182,1
912,14.10652240073588,384.5436291522259,0.074211799349803,1.4907937141847698,0.0,1.0,8.418743007179858,93.09399301363186,0.1607176955837435,0.2118237828820273,0.1605309843737318,4.754126845996776,3.14704376766897,0
913,19.867379478944454,1255.0373070955372,0.1557786768813658,2.0972022242208643,0.0,0.0,16.24391491944394,100.89635951949144,0.1768478395613302,0.3756093800428567,0.2275035045834531,11.281820927846368,2.505256075293293,1
914,18.44691994203697,1087.597894984276,0.1242048579326197,1.8545225287840617,0.0,1.0,13.033266288460435,120.47057542283528,0.2521268687984954,0.3116722915948743,0.3017470830552846,5.3296644199895145,3.2957100790654783,1
915,21.827038971978357,1317.756337157943,0.1170488799546374,1.6939855885209587,0.0,1.0,20.23823033916408,124.06327208121152,0.2244267455910263,0.2756134382918802,0.2137646165399692,4.796667424535549,3.533407079314145,1
916,32.34532963892362,780.5064442116421,0.0684368874465976,1.7907341737153133,0.0,0.0,12.14100602246109,79.71103655538883,0.3333650810739748,-0.1065753400331598,0.1985165653471152,12.380261115463444,1.1568230475106305,1
917,27.002644976481992,1519.5123050035693,0.131475035824267,2.128463330744064,1.0,0.0,14.472067422239189,127.32844209629468,0.1067896924797333,0.3347449970892591,0.2332211259567135,8.796288221951695,2.3399221835103248,1
918,17.213482139488093,756.4611418687384,0.13465583488189,2.121735634330668,0.0,0.0,20.95757837410095,140.84858748674165,0.0998351441640511,0.525434585986728,0.2673285940178909,8.30618790262101,3.718355603691121,1
919,17.549660445526612,638.2805523863077,0.1222180259012252,1.9762676675267865,1.0,0.0,14.50719769277148,89.4955508937579,0.1952325396282801,0.1081046090997355,0.1904590658148042,2.3048416689149764,1.804243170355794,0
920,28.149909916521977,955.3737946368046,0.1431769937848351,1.952280731203674,0.0,0.0,15.238474169382233,125.34460100554774,0.1769127262255813,0.1773595486899453,0.2097918226319331,8.185641046715816,2.816041191906691,1
921,11.754235671340624,983.8579873868556,0.0833919713777845,1.4843022156753911,1.0,0.0,16.2981713113399,57.159282353142416,0.0673909979452188,0.1727621621599782,0.2410614939558425,1.869115838515345,2.9057349764875706,0
922,15.152920685045734,827.1872295094527,0.0985635535198122,1.7195977294828697,1.0,0.0,14.776708121283107,89.55005230543748,0.1747784965552916,0.0619131936535372,0.2205550139614343,4.470565869942118,1.2499836610113055,0
923,28.88510931862104,1817.251577738312,0.1024267933548593,1.7871582045789247,0.0,1.0,15.493595306495044,99.22301500517398,0.2951110149075873,0.2545669746024778,0.1114445322126275,8.715852969283297,2.199541769152698,1
924,28.417757168227062,452.25818109929367,0.0926365105780393,1.085022154343076,0.0,0.0,15.276508590446907,80.95310075753505,0.1393400141506112,0.0717383390035923,0.1939531048365095,5.60649949118743,1.740080481556978,0
925,14.48035931871442,400.17974460483407,0.0688058017189059,1.6265469858522748,1.0,0.0,11.025481901791292,86.16485304316251,0.1978009860572592,0.081836727468018,0.1752244327401736,3.8534789553081743,2.3795492909308367,0
926,22.437096642702592,521.7484141781799,0.059868520311174,1.5568256596554404,1.0,0.0,12.874235797681775,73.6540909846133,0.1613092477042907,0.1376342544958574,0.2213846515959827,0.4605825975012854,2.1683053821034424,0
927,26.49529961336292,1564.434131004901,0.1005071044946327,2.2949004549762178,0.0,0.0,17.565591377568385,110.18078834288164,0.0745359881303554,0.2314658200267637,0.2378204597305333,7.415839505486569,2.3704899243967765,1
928,14.330702011221934,775.6214813103488,0.1131742270019946,2.534598216884026,1.0,0.0,14.889190230305765,109.08995420933832,0.2966145201447265,0.0758378891959427,0.19208841526546,5.942746107439179,2.163241956385546,1
929,20.75137739679833,834.6030258388524,0.1214047643080104,1.478919289746999,1.0,0.0,9.280464846174024,78.79056787325285,0.1449180137231816,0.1794239636649155,0.1834441618222012,6.493747994240459,1.7727881120570872,0
930,26.431405192632216,1165.7717939395832,0.132103108025785,2.3139485907489203,0.0,0.0,13.562748275050112,90.26002197275876,0.3269681807612564,0.4213944315903341,0.1852996882038744,9.49506935082657,1.7860876723750174,1
931,18.17402049102429,378.7798119110499,0.0827275333405074,1.09990609301934,0.0,1.0,15.466764032152817,83.81473439830566,0.0864351961889236,0.0970054858602367,0.2048107504236948,4.389118691106635,0.8986321849909268,0
932,24.690570073535337,524.8796299296571,0.060752580163985,1.4921390076355916,1.0,0.0,14.29641045525293,67.23415098497641,0.32326051661122,0.1489291472164481,0.2858200967757,11.733162054718791,2.453922752342064,1
933,22.61549225651465,994.5571493666022,0.144925263874663,2.8374287338978146,0.0,0.0,19.1995322921956,100.5239251129666,0.2357682568661054,0.2310686202174629,0.1820690481507451,7.058876134398044,3.1737561786413417,1
934,12.415720977072947,1307.597271141006,0.1258411741017847,2.2359617970285464,0.0,1.0,16.11354522865913,126.18674649055345,0.2296866108181163,0.2168469353187345,0.1783285545613688,3.936300790929131,3.356439843196472,1
935,6.83603714636784,380.77233713099537,0.0726829323443372,1.741341174893738,1.0,0.0,10.65950580786175,91.38549015300828,0.204981432031961,0.2382004009061524,0.1744237772119264,0.8259383255018564,1.940854001999749,0
936,14.154844338554952,619.2574551556967,0.0785192480710159,1.808279035784628,1.0,0.0,9.482646149939695,91.95448693264888,0.0270040153456048,0.0681767414660971,0.2457298090267901,3.779641862441987,1.3123233558662806,0
937,20.062090339831474,520.2998921496865,0.0844597168231377,1.3203294193066746,0.0,0.0,15.521852251408422,81.30862156730915,0.1085721276803466,0.128347841345093,0.1713088391329807,4.709711358123892,1.917142573051078,0
938,16.161630368071254,454.1330438806156,0.076244636403993,1.255458515409012,1.0,0.0,8.363533323583304,85.13778456710762,0.1158970415069295,0.185031618811645,0.1658962452552727,3.7078380382001264,1.4660153041167765,0
939,20.312816192939135,1089.2366888920387,0.1207205251503037,2.256782420764119,1.0,0.0,12.734811175029655,88.1988621927838,0.2550748741873643,0.2218078161404764,0.2242409001434511,3.9048992826427824,2.3979800222611827,1
940,20.360518618113453,718.5037905049543,0.0689913352079526,1.6758454770977005,1.0,0.0,12.819858247436766,74.87529956527406,0.0404179485801487,0.1294771945646141,0.1794938749642786,2.328544623052701,1.7870101983089903,0
941,20.074570087926453,1523.7775967512418,0.1169575512890794,1.71467326483834,1.0,0.0,15.443444137848946,101.473336971115,0.2682647617268129,0.2487648253840814,0.2372502492648337,7.995207614675077,3.205725145096552,1
942,21.835958354794244,684.8961574905946,0.0856491890868818,1.177794364504781,0.0,1.0,15.284546622294796,113.02086068431902,0.0912250431900214,0.0169848091388205,0.1428279886664809,6.068780469077186,2.504427654083936,0
943,15.89967373634129,467.6157230205985,0.1018615587435476,1.8498510314496448,1.0,0.0,13.291732671798652,85.39780947132493,0.0900054744311066,0.0374350529081468,0.1620308621206317,4.080677688824906,1.262262144118321,0
944,16.87555160105898,624.8336701065767,0.0970937736968667,1.267698813169453,0.0,0.0,9.409662775902792,63.181980097417245,0.2467920211647648,0.1123307916554528,0.1560912843617,4.334352180633107,1.9095851068452163,0
945,18.459029934441396,536.80783623507,0.081225074617189,1.6811763620524218,1.0,0.0,10.87583574335896,67.41547340533734,0.0552798103487184,0.031125491095283,0.2110941363557777,2.979977847671676,1.3898941400194995,0
946,24.26855421954841,1188.675510070129,0.0972478355820255,0.8566317029907538,0.0,0.0,10.883435196138874,99.2638668620723,0.147592005742432,0.2167958329045997,0.2060765835041492,5.297255380157026,2.880276811479557,1
947,16.59906335025276,96.88874052372792,0.0721358357838867,1.5977207526392148,0.0,0.0,10.752697885611806,70.42545137853674,0.1679055149186701,0.0849578631737916,0.1637788637919129,4.206835233367562,1.3452785266555605,0
948,20.75127738446058,1222.7759249520457,0.1019980519181967,2.4193258840278102,0.0,1.0,11.876916214171688,128.03422153193824,0.2816434933772208,0.433759062533302,0.1887472915495227,6.221723727987886,3.461844630098033,1
949,23.6959979972816,884.237079364799,0.0917534203049612,1.4949920281396245,1.0,0.0,11.338202000024506,120.84423031586454,0.0331637965460647,0.2442648205704954,0.1340462811920359,6.040519232575897,2.170324079401217,0
950,18.8211308329686,818.698531767993,0.087815596367572,1.195734546888145,0.0,1.0,13.555505233799632,105.6344607804484,0.1230949011336611,0.1796270197032693,0.1558932400074377,1.751762629156957,2.326443753039337,0
951,9.68347096156966,1232.0858733214218,0.1028689664923156,2.2210807325777706,0.0,1.0,19.933560229034487,77.62393883435058,0.3231543954772197,0.3168003461900278,0.232648387965968,5.52576190120587,3.6529143420833967,1
952,16.40359455998048,574.8032609085167,0.1172413380225075,1.9971294650152909,1.0,0.0,17.32765724968645,103.95912769673868,0.1451374714023266,0.4054421956901925,0.1661286868234209,9.29941640497307,2.51684218287662,1
953,22.86549945607988,645.888678828726,0.0777912295923915,1.0002577812176434,0.0,0.0,9.71003384809894,95.01399018793502,0.1820816735652379,0.1581159492420053,0.1944590426798061,2.9807620932517462,1.264063239513343,0
954,21.501573947988536,782.5864263061542,0.0854458262378767,2.9149646862133527,0.0,0.0,13.439982278076153,108.10826928530732,0.4035838824398401,0.2479953988622923,0.2295745994110175,7.392299577556815,3.464115392099412,1
955,32.16154311659285,1101.8959076011674,0.1401750809688137,2.213916169303029,1.0,0.0,12.415675569022753,93.71510576133552,0.347104239778559,0.4469272175199462,0.2532175625934179,5.655878144168056,3.0901118152325298,1
956,21.543061845555457,1025.3772942350183,0.120337040396989,1.6109493750682962,1.0,0.0,17.216424790350075,105.20316115987188,0.269871291977838,0.4187675873567906,0.2401509455331687,6.473934378328906,2.055280805549051,1
957,12.803919994937392,786.8117158317169,0.1000285122536815,1.154557596449524,0.0,0.0,12.889871555830617,95.6938582015576,0.2113428904589321,0.1132801251506598,0.1118034206358212,2.6229603366106424,1.58711091884276,0
958,9.161544546696938,1662.0087232758378,0.1345479290817223,1.7262817722837225,1.0,0.0,15.50650174447462,106.46587264538422,0.3182416093094212,0.376655210529754,0.2086638327598848,8.646602923005817,3.894158187272285,1
959,16.396548207161572,505.1123893490608,0.0775943955461911,1.6127411982691284,0.0,1.0,12.39266840738336,79.85452006726088,0.0420450623291993,0.1937110455102881,0.1140234275606425,5.0240741213937135,1.8363462108379385,0
960,18.996123519423197,783.1526627447585,0.0968791130224807,2.588866899653298,0.0,1.0,19.07035932194713,94.712500880361,0.3888873239452117,0.384136341257607,0.220455162641392,10.000921700730808,3.2401474697412223,1
961,23.87733806687468,1300.7547641757178,0.058025760875812,2.4844651187969107,0.0,0.0,22.66265319153328,106.87817742216872,0.2503885055449064,0.1123369325778954,0.2328834273021769,5.586431642825479,2.198387996815249,1
962,13.1408956196546,667.7364422182278,0.1003433513828795,2.0160273840501084,0.0,0.0,11.872785388582882,67.7249377499562,0.159871669849133,0.1224915907580303,0.1513128553155984,3.1512888081468797,2.193243476564352,0
963,26.94947990648169,1265.987350023254,0.0585778434144606,2.490952494832611,1.0,0.0,19.719741331540984,106.594627888182,0.1325382822008328,0.4886569313977201,0.0683615541461375,8.614320979549241,2.336037219852501,1
964,26.762097568093104,807.8371724239253,0.1286313057204551,1.6967847349076792,1.0,0.0,17.043911404243367,90.34847890769036,0.2118199647647299,0.1287751381606199,0.2544726730226021,9.830043162242609,3.3533295122844464,1
965,20.360518618113453,1063.410694903312,0.1108818048161325,2.784443117019093,1.0,0.0,20.81115840006636,114.70044452740738,0.2812205225648539,0.3905170739984781,0.1572525975629522,12.530576655530908,3.0086680175939717,1
966,14.76690906443151,781.4604461640101,0.0657479216942082,2.4420213352481364,0.0,0.0,6.642716712375951,81.33651150055815,0.1558915614598101,0.0793957741153889,0.1838037287491451,2.942024701043401,2.1204398186282383,0
967,21.27887842434108,512.5887772172196,0.1090012300599135,2.1020947375896744,1.0,0.0,18.364681454423373,129.4669643772801,0.0161957824452905,0.1862869548826146,0.211433237776573,11.692158345909174,4.226356748300611,1
968,36.2797606813967,995.4798354943794,0.116540460863655,2.5562059907250294,1.0,0.0,16.67567252187056,70.39359150453943,0.1554764784788261,0.3648018494882302,0.179630292722939,7.149097106041228,2.6392199972595027,1
969,14.710328868112168,547.7302046930265,0.0982360741585451,1.9473892912774504,1.0,0.0,14.046064922378926,49.20688369476147,0.1797565254709316,0.0221162813794323,0.1816422401985915,3.266791995089372,1.7468395380935908,0
970,25.38290416630808,1355.0597809250248,0.1280210900532671,1.8890942370905173,0.0,1.0,13.131575670662269,150.2425532615818,0.2514113380462975,0.1936047960373035,0.2380881725569044,9.27566096231331,3.706721733123455,1
971,35.1539079712399,1273.4864506256656,0.1590407368324544,2.6815489793454432,1.0,0.0,23.400947450602768,116.6584111861916,0.2873958337741639,0.2957247572313924,0.2278007463963403,8.766651600297473,2.357997438728793,1
972,31.331385326311167,883.9302523175247,0.1164522994150334,1.5852450054937697,1.0,0.0,17.90565998426022,124.26324195757644,0.2825576047409836,0.3306611585783036,0.26692246436035,9.823717889766735,2.967459740400749,1
973,22.78435766113348,1143.955449675189,0.100232473154305,1.6213646366478438,1.0,0.0,10.017138562218266,105.6799374897374,0.1749182844842403,0.2664438205315377,0.1379417161284499,4.415068187041688,2.198884460652386,0
974,15.29466865560694,1013.0541142453988,0.1231822479709331,2.302535182230412,1.0,0.0,21.195122071384045,92.17527566310544,0.0584157017715708,0.2774613927468721,0.2206975152002051,8.531454281869419,3.2500863201344936,1
975,15.24549789521008,499.5748462676109,0.1024759460035868,1.0258945656193266,1.0,0.0,14.377372929667985,69.6619392937245,0.2065179756304247,-0.0047989366304258,0.1642930367828163,4.846412815973549,1.9073535223768807,0
976,22.42895594813024,529.5802232708095,0.0876721051057189,1.54236982874126,0.0,1.0,7.815272002675498,76.65395282313938,0.0609705105304277,0.0050679235672491,0.1136900742047734,3.283159248974804,1.3335497039018451,0
977,27.234530870275137,1088.9666934006214,0.0885043632303026,2.5770272275680224,1.0,0.0,17.461270147273954,116.49722612500058,0.2467072133284691,0.2561625214542286,0.230264626396924,10.86297014245391,3.4201999823423845,1
978,28.132655048466656,1518.4077429491513,0.1524197774685072,1.7021761930275707,1.0,0.0,17.753959344213865,88.70725208415989,0.2933536888903282,0.2923784694953396,0.2771800737019677,11.735147291618476,2.321222177787762,1
979,18.757134454445797,764.1170035895037,0.09563692073188959,2.1567629260935908,0.0,1.0,12.031899867695795,133.05320578764972,0.2880474690601144,0.3666525964217777,0.1373768284084194,7.987138680654432,3.428300372132822,1
980,19.22374442047865,687.0219896400794,0.0792239504296164,1.6582637103732385,0.0,1.0,17.72864812385957,108.21843252746304,0.4352207848577895,0.1756528398090877,0.1655936142541865,8.50160896718004,2.334798750328339,1
981,29.628997799868696,1082.6943307412223,0.1109323519955165,2.3514591079718774,1.0,0.0,13.144329843456983,76.40439536389947,0.1946121451524004,0.3892756328544862,0.2007123202040667,8.009331023228432,4.563795654163415,1
982,30.505709618258862,1187.2665441197946,0.099185606071923,2.6418206977975265,0.0,1.0,14.928826607009547,101.1717559144719,0.2402155688113823,0.0718178021494708,0.1666493425265004,7.193235250328909,2.275340359767931,1
983,20.80270171232272,713.7404562544219,0.0767412206918481,2.378903305878086,0.0,0.0,8.89818196547733,102.84066948944256,0.1270337769248365,0.1197776473036249,0.2061113160618529,3.7990392630230714,2.2391093033175915,0
984,14.19335552672478,868.0948420931612,0.1270957169299821,1.0262907328331743,1.0,0.0,11.828240113124446,66.41269730865736,0.1764347635536464,0.1841327406362985,0.1712117038033563,4.515587070831618,1.3395571847908352,0
985,10.855392488671772,727.5803783011875,0.0777624083185386,2.018482749788566,0.0,0.0,9.29203583543451,72.98920887056808,0.1944814235153346,0.0882226943890644,0.1866190677704582,2.118643697983906,0.8496190873110603,0
986,13.024826070342174,476.7148778274727,0.074835357628037,1.5704308103078002,1.0,0.0,11.015021905508862,87.32919644624687,0.1559641040473074,0.2015984753254386,0.1736809420623457,5.927205549806871,1.3587198946312908,0
987,5.459189098548523,829.1257676907303,0.0793202788678655,1.502107761402891,1.0,0.0,12.505767417980652,74.44905073242231,0.1180507933126309,0.1129297470524883,0.1916383373562317,4.529511718949401,1.9494573042642764,0
988,26.379714484914658,968.9181908897934,0.1403038649592123,1.843178163810291,1.0,0.0,15.3700615710493,138.91952924967407,0.2670199670456512,0.2966026017001217,0.2422360377244313,8.632120628077313,2.6940868015434143,1
989,27.424073283730596,1424.7069286170083,0.118313539761411,1.6299584514856282,0.0,0.0,24.751860587430457,134.0679506647596,0.2364185745966687,0.0864346093205483,0.1830188768833914,10.585382494304678,3.7807014395144094,1
990,30.56088224605107,1344.4363333196595,0.1208293546496201,2.476019562714798,1.0,0.0,15.26073673755403,111.85157332453178,0.226611895563973,0.2057219362622516,0.1668081541646837,9.893705786125558,2.7466205925788487,1
991,13.751331128974686,627.5250326123061,0.1243304847155997,1.0416495814620632,0.0,0.0,11.975722616156482,65.32867435627325,0.1142751782577977,0.1550969384381734,0.2193273122869276,5.299396542441584,1.8370877506235987,0
992,7.583416541563025,277.2704488003226,0.0940134705875831,1.6245259973563315,1.0,0.0,12.60800817182372,51.6286416222514,0.1838120065362735,0.1883473357258651,0.1607583898078794,5.725936014569184,2.167841079646293,0
993,23.311729848270826,782.5864263061542,0.073876937396355,1.9360617509156937,0.0,0.0,15.250505087394307,125.03582335555282,0.3605754505289143,0.3313969086479554,0.2008703620912571,8.983607618208495,3.0029085054797946,1
994,27.81127954248844,914.24759265253,0.1326411475825949,2.554047454375101,0.0,0.0,17.320240845502983,74.61187742418397,0.2945079781615404,-0.0817723109820417,0.2997623404774698,7.738101127610125,3.149383053689065,1
995,14.526595298708251,628.5019547912743,0.0959922440358243,1.0671951335782033,1.0,0.0,10.662422905904736,90.5594870769294,0.120308989758261,0.0752368006431465,0.1685457746686858,3.410640073440765,1.6976867598259222,0
996,22.24001357028561,497.2481015713638,0.0520449977312787,1.7871582045789247,1.0,0.0,11.036547516678798,133.59480449622313,0.2281539670894765,0.2601279193816559,0.104805166589636,8.536931796229622,2.656169062656959,1
997,12.62998565287135,587.7702851394931,0.0864354940147929,1.244592689893539,1.0,0.0,14.114165590404426,67.65184622788867,0.0696439157260177,-0.0192678514566491,0.1462023825595834,3.931736989944609,1.8238406836930845,0
998,20.665137908844592,601.8761091378644,0.085741829950504,1.7016763947009284,0.0,0.0,9.900501355769062,102.2132943598,0.1792824952467804,0.0483677075109889,0.1499098862078881,5.561337465867162,1.122513614643278,0
999,14.087070792892748,761.7829680319169,0.0860203745913718,1.1904006885211065,0.0,1.0,9.084108632535942,80.42642395567577,0.1557153728018356,0.1194903924108012,0.1473078802619683,3.711303994791859,2.207634550750786,0
1000,25.23444304975474,1061.6696097722393,0.1034379738063278,1.6602006530616564,1.0,0.0,17.952651957135597,112.21462586664828,0.297634681418456,0.2254481856165545,0.203195276990751,7.851262583798821,2.978742821421589,1
1001,32.847252730307105,1285.3127655172218,0.1427453333798031,1.7871582045789247,0.0,0.0,14.152191070714116,108.10445109282207,0.2212948242535489,0.3169282443018407,0.2631892316568167,10.046559208726208,2.333141836057556,1
1002,20.360518618113453,456.6485236820435,0.0602993298566237,1.723086624532129,0.0,1.0,9.56648362094518,83.6712549002716,0.2103770258587624,0.1335138902186073,0.1928474855638213,6.54041006055486,2.2246704520295246,0
1003,19.75421646238994,1283.4729877723032,0.107927500232071,2.8586883113692063,1.0,0.0,16.253598084365198,114.30668860524788,0.2326159092606044,0.5029531160583512,0.207325027838206,6.140717505533491,4.052582495014567,1
1004,18.161198077646645,516.4949929316178,0.1017602729983811,1.6296000691583554,0.0,0.0,11.019401030766756,95.86233918953268,0.1320972567932619,-0.0558392649796854,0.2562736965228399,1.3139934818342187,1.2212873517951193,0
1005,19.109207379158292,136.89029641037067,0.0692476954967077,1.0841410723831653,1.0,0.0,12.098573348134448,106.74906215593757,0.1932314774472488,0.0344529145940727,0.1700098617100439,2.5351412817785133,2.639118280191641,0
1006,16.33058135089388,484.5812054663903,0.09563692073188959,1.4695191052417087,1.0,0.0,10.558275367801263,69.53256067619154,0.1357082824544041,0.1942291369718416,0.1719618446130486,4.1900972284568505,2.096338953630918,0
1007,15.28595295730788,712.7698984743633,0.0506436211701251,1.9212310305615303,0.0,0.0,9.01941150926153,82.92394360716467,0.2397895183389475,0.0226653306306432,0.1501138817111279,4.828229819759849,2.190065811956754,0
1008,12.081303208651534,389.6756692890127,0.0874057990190124,1.7692306286832216,0.0,1.0,11.249894800072106,87.52981486083249,0.2256825356642021,0.1325374719377969,0.1948920164296211,3.1500925690837245,1.4368215426549291,0
1009,18.972310408254355,1087.2652231461807,0.1358223371022918,1.7026099984698837,1.0,0.0,20.437513500101907,110.42529947482495,0.1516923371900005,0.2859084832672527,0.2590658452687647,8.13363041440159,1.8978595893680767,1
1010,21.328487250920556,512.2235761124281,0.0518434388096967,1.3278879940075703,1.0,0.0,11.782708708214724,89.17680573503995,0.1731142146577556,0.2084866374366892,0.2176750172972491,1.7162835216843342,1.6828448345515032,0
1011,28.48724922424945,956.1004150974048,0.0763314120370365,2.8168778125836798,1.0,0.0,23.519065606156214,87.56710712092233,0.296537132415792,0.5644772658247547,0.1491700990076444,10.255499264510185,3.394408012856144,1
1012,25.688711940151517,796.0517444677012,0.180847305798436,2.465088733738569,0.0,1.0,17.188092312124056,83.08865507555545,0.1604044147016646,0.0977866285211084,0.1277009186998259,6.13746949497701,3.0021549986306857,1
1013,32.80265732018116,945.120188641108,0.1171869918753705,2.458873720013022,0.0,1.0,17.304985324764388,72.21771751138297,0.0969361664980803,0.0609227096673612,0.2503526142017558,14.759687981473064,1.979306306129664,1
1014,23.56298713654712,1065.256112280976,0.0556817619199333,1.9419280796772131,1.0,0.0,7.658797695866417,128.03767895873935,0.2827528815914217,0.4070341764839889,0.1846367060845598,12.248306726063827,3.230531221383218,1
1015,20.360518618113453,1054.410456401254,0.1224844915153949,1.9800020943882468,0.0,1.0,18.890824896428985,140.60430545434923,0.0938083217682683,0.3654952450395621,0.2688504850082326,4.963530041528997,3.757177769666905,1
1016,23.94613849069563,566.4402809402709,0.0661139814991536,2.249482013786728,1.0,0.0,15.094112629577968,91.61870746597612,0.1405570449071198,0.2439615732743072,0.1983339033688586,4.226483537812747,2.1808994169762888,0
1017,24.939650814015454,1276.8768902673928,0.09563692073188959,2.482790417609821,1.0,0.0,19.53788033787072,126.36368006680796,0.1158993196299184,0.3961083403520891,0.2676239956831756,11.571736541183018,2.896386939511786,1
1018,12.3971750037679,704.969006285998,0.1054705584395502,1.5269567265727686,0.0,1.0,10.140753787547636,107.3899581761157,0.1687429104263619,0.1295890205979169,0.171387471861965,6.128593768588723,1.7365666099810566,0
1019,17.32750528424793,785.0066990053608,0.0715593298669438,1.5247933619597007,0.0,0.0,9.65118795909705,78.8673504114979,0.0965825747950647,0.2718479643175315,0.1132938603005321,3.2171116317206887,1.71815461844546,0
1020,12.466529840086576,504.5097760316776,0.0678864102054888,1.2227605614239598,1.0,0.0,10.20257213253508,66.44216687071496,0.1975752955752574,0.1231251222269341,0.1886242298252122,4.592770929360034,1.9115185255765503,0
1021,16.038540461480103,796.4171652171297,0.09563692073188959,1.0359802536339124,0.0,0.0,2.9971632477418524,73.24305273674412,0.108682903080648,0.2023894550148479,0.1472829245333528,5.026306610696,2.262440446431126,0
1022,20.04254431492296,701.0394866096138,0.1112450759796838,1.6092014647616562,1.0,0.0,12.85669814857518,108.57534625303128,0.1620068374969641,0.1518413156016407,0.22132119958501,5.649512214091325,1.4026121654157309,0
1023,20.360518618113453,1132.6601502700046,0.058635449378452,2.331624673173004,1.0,0.0,18.492030960610787,89.5096178538526,0.1006993018882174,0.2558245993139723,0.1704026689369543,8.509846723566389,1.978040449152346,1
1024,14.439016650864492,938.2265723121524,0.0697628567601361,1.392498366025405,0.0,0.0,14.289083328962253,53.98039496702713,0.1752342083925641,0.1675409180147949,0.1736110929883045,3.1412727901822586,1.3894340197559476,0
1025,17.798215585108412,694.5827193513064,0.1039459089027701,1.3896907658158508,1.0,0.0,8.766632051341714,181.87613796760317,0.1382082489306748,0.2474155236211149,0.2100238840423163,5.229658052127308,2.147683242688262,0
1026,29.42788165320416,1681.488251609324,0.1118955732745109,2.9629693773108947,1.0,0.0,13.538462368717497,107.64595347564426,0.2333800106436794,0.2675548655359814,0.2114934030844285,11.016231546178124,3.396875269432474,1
1027,19.15882796425081,1224.182719651995,0.0996238422847612,2.4959924088451,1.0,0.0,10.622179709034024,117.70106331624451,0.205742065477287,0.3319061509738704,0.1691816580316452,6.645678034808125,2.770714667200032,1
1028,31.27435081485365,1239.367131841119,0.0911507528677397,1.7871582045789247,0.0,0.0,16.246104986000365,100.47281384045704,0.1432232506694726,0.3040375241545352,0.1780111097835614,4.672101703768399,2.9445966287534624,1
1029,25.611562945813148,671.3438150529234,0.0664945283228229,2.0152183653755165,0.0,0.0,9.684027373554294,82.08414214556024,0.2231398309194356,0.1753715981888614,0.1763649183887004,4.669775150066979,1.8942546422168225,0
1030,16.145542151900404,122.45103744416116,0.0720782255275756,1.0029978105738544,1.0,0.0,12.580836529565731,49.0673284287778,0.1611117711601594,0.0759295401688309,0.2196269155483985,3.3221195753522395,1.529403258724689,0
1031,18.123211854650133,782.5864263061542,0.0914765721579219,2.3185911699654342,0.0,0.0,17.19356325292526,119.25639693766104,0.1351876787736451,0.4168630197873756,0.1293839437255122,1.5894326920879394,1.7900409091956568,1
1032,20.360518618113453,325.7890279291866,0.1142638788486526,2.4815278442811124,1.0,0.0,17.15934681852227,119.09336875780122,-0.0053002524597265,0.2745491928958109,0.2469638685376914,6.137782853129751,2.95828612698379,1
1033,26.783145249512977,1107.527747267963,0.1149387157012537,1.8160986984352696,1.0,0.0,20.163321845037743,129.06130293482204,0.3054517458017121,0.2826825823113756,0.1983592273102779,7.39023064385275,4.092600155206077,1
1034,25.22273465143404,668.9048832142332,0.0809741907289674,1.3419367332121448,0.0,0.0,10.53607896362299,87.4324800371027,0.1806609111275884,0.1832209250270776,0.1692436085900757,4.82234157962652,1.3610768109901223,0
1035,25.01443534118009,1071.3471719246118,0.0919674312385635,2.08150219632881,1.0,0.0,12.592903677039777,103.47476141943454,0.3106107143902943,0.2215064836431146,0.2523478090569895,0.6315843288994554,3.2002487231742456,1
1036,12.293937860708068,612.1319560196317,0.0940385043274198,1.0799048108293012,0.0,0.0,9.495344984602747,65.0015706162785,0.1572124116428079,0.1075010733917972,0.1436753146779518,3.259369912207652,1.76457041828478,0
1037,20.621610497804767,755.2391436809771,0.0745611535171211,1.1305773651482094,0.0,1.0,12.017899628034446,110.4020355340536,0.1034024413078123,0.1047760220252867,0.1303862668974775,4.831975087734024,1.1200497723853091,0
1038,28.22328911002697,1546.2165720517555,0.0934882620010426,2.2942632540293624,0.0,1.0,16.080021393948904,110.33806157925702,0.0781535729018682,0.3685414357398645,0.2609416292218789,8.493310605584659,2.865829953696051,1
1039,19.904374468714703,782.5864263061542,0.1152224463730689,1.5249556057409337,1.0,0.0,14.049643421218006,92.42015609245207,0.0964514762914395,-0.0385164886345215,0.1339246387708736,3.8415311787974815,1.2580900815943727,0
1040,18.13539632010681,597.7090913716439,0.0817292309435175,1.5227488598357362,0.0,1.0,14.204324444072936,85.22160222072065,0.1906621890315071,0.0823351404838709,0.2078343656665221,7.313992531696098,2.398834374938723,0
1041,33.42627595035911,1584.30160237001,0.0920881774733353,2.468380064137161,1.0,0.0,11.522346848902808,144.76789355382857,0.288085480783911,0.0596480984578855,0.2688595066069418,3.651481335634713,1.2018750643933418,1
1042,17.928156980343864,782.5864263061542,0.075036543369636,1.7871582045789247,0.0,1.0,12.078052648086272,94.7606217935672,0.1900975911621473,0.141822962871691,0.1799716846716638,4.196358985233051,1.92905880798521,0
1043,24.06886210086832,336.56203814696414,0.0965192744319076,1.9386600252139368,0.0,1.0,9.329026399383505,72.58541598070468,0.1659139008886464,0.0692902239240922,0.1790524304522465,4.188673702059468,0.7203344575220747,0
1044,12.94485525145757,403.98397716501694,0.080945997909503,1.662084649207766,0.0,1.0,10.7212237127144,74.48966286847629,0.0837617048061697,0.1568911708003399,0.1445281611162127,2.74048413073572,1.3810518205839346,0
1045,14.858699888962647,642.8212662992007,0.0690181746603488,1.6471511185231835,1.0,0.0,18.9423879887034,65.33332683561723,0.1588714151223673,0.0566673913243992,0.1549838147425019,2.339976962762413,1.4790036720244275,0
1046,13.694333935957392,473.399493796878,0.0733987350551281,2.043741686916108,0.0,0.0,11.386745090778874,55.213814145547936,0.1261834306510262,0.0516972017862442,0.1855477579529994,3.210640488449445,1.1027633218633413,0
1047,15.16819058415259,458.1347159999353,0.0822220532341652,1.7443272465728106,0.0,0.0,9.720220652127493,68.54976219927332,0.1911444748470831,0.1332406156562699,0.1712345937920949,4.678254064837382,1.8876661986342336,0
1048,10.849845229215806,711.1658826764454,0.1015115943724744,1.9145488089128504,0.0,0.0,15.04907914205334,87.20502570430214,0.1103864306350373,0.0820143664276999,0.1945522638029455,4.979902905562923,1.5355180064258045,0
1049,19.645089370439663,659.1250684243374,0.128712057359591,2.00039584872254,1.0,0.0,15.425117914427544,89.9985296405815,0.2313917491416327,0.1550668903323769,0.2709347421251918,3.947180705384379,3.082412403008609,1
1050,30.454552536509745,1250.5093910920664,0.1402704314797999,2.2856358054407635,1.0,0.0,17.25516793552495,126.24847460262356,0.2838179407777937,0.5153226275374606,0.1833028151730631,8.333806270638403,1.91266586720822,1
1051,16.393313035488816,556.2111155216753,0.0842611397684842,1.6532832273676423,1.0,0.0,11.578294620631706,99.4587380027908,0.1069656406984614,0.0585714553037736,0.1535972555596384,1.8508899888537,2.4270346678117773,0
1052,27.896945124198812,1070.5244590302875,0.0703476201920272,1.6587888776394544,0.0,1.0,18.475037123657508,105.66508378849908,0.2601650699840577,0.301491670400869,0.2686559489840404,6.362884117613066,3.0877798989197847,1
1053,15.102298302350022,658.8158945786768,0.091718624634433,1.3668306038098503,1.0,0.0,13.528085352570931,94.87470752621854,0.1182805927421576,0.0889243001693092,0.1846267401549609,5.163040753330878,1.8319313344382544,0
1054,14.981402367873736,367.3930447792091,0.0549347078963946,1.3953263680111174,0.0,0.0,9.710695552283282,104.69493811543184,0.1650693648747964,0.1228852881346947,0.1779855299341241,2.4207476940183024,1.4803400851037345,0
1055,28.900208272545093,1349.7067090160872,0.1405107477397216,2.123693268213522,0.0,0.0,19.344747788039623,118.6689315243627,0.2604425699559506,0.1575290053246829,0.2142765685107975,9.762160692036009,2.400923104299652,1
1056,11.7681356540699,888.2859526066022,0.0705194187147112,1.3419696582947755,1.0,0.0,13.379340446626442,83.27917229802058,0.2165261026779633,0.2588485819220331,0.1592611093031245,1.373397121656585,0.6094500421714002,0
1057,15.23988080903104,787.4432600034569,0.0913711142987856,1.3593688808121696,0.0,0.0,11.282352820757604,80.44991358039763,0.2263732248632034,0.0016836309094488,0.2105812449409128,5.6585124818459125,1.8923383646168568,0
1058,26.667099309043152,1233.8105065897294,0.1540207834984433,1.896612601447856,0.0,0.0,17.98724958024237,111.62027003690316,0.2651789878151462,0.636909060181836,0.2382513257257499,2.151920248982818,3.170358087210832,1
1059,28.97070561598638,1095.219693134103,0.1268098242470218,1.7871582045789247,1.0,0.0,19.02393987701967,116.13160378610908,0.2251090769245026,0.5395238401712975,0.2098971654525849,6.503634620270875,3.096054102291642,1
1060,22.909390023161198,672.3708534743585,0.0425437814437538,1.7405348346217775,0.0,1.0,12.270435075513912,78.84715714929418,0.0226868479683212,0.0420536662850477,0.1407138229217962,4.679270870634729,1.9432350432167595,0
1061,22.69085304192366,1132.3243159568071,0.0797434552288265,1.6299456791017557,1.0,0.0,19.736216713126005,102.45114329047,0.4033920208244938,0.2479605072498814,0.2277988517247753,8.032821545444257,2.753308162173993,1
1062,15.846274589351188,706.9232110951291,0.09563692073188959,1.287739824935275,0.0,0.0,15.646592909547133,76.70455963675326,0.1210268856375434,0.24280667418767,0.1557911097644165,6.727941658053352,0.8643076501416673,0
1063,22.624518565023813,1391.0140575408043,0.1081678030249106,1.9583846612861209,0.0,0.0,19.206186952613265,121.69788883504584,0.3302987872070859,0.2551891104172897,0.1916417066482287,3.767730718888157,3.2914781196423943,1
1064,22.186361186645662,1131.5656472945434,0.1095616022829136,1.9416592031838584,0.0,0.0,11.646987441930476,120.99065006086424,0.0608104300792731,0.2038921622045079,0.3345300671159316,7.775050096653368,1.6160404240258042,1
1065,15.786145634584736,404.2933034601608,0.0828297317781541,1.6259569674476346,0.0,0.0,12.608374191084138,51.379280891456304,0.0375388098576743,0.1044015088224751,0.1777701847776995,4.23066427033104,1.737231160054438,0
1066,18.01799685833891,1425.0601942268863,0.1507531436502456,1.5391380025800006,1.0,0.0,15.8400611965856,99.5536431455433,0.2496187219170999,0.4496350794997851,0.2283576863321018,6.381530857283542,3.028967168774819,1
1067,23.35920664607738,1222.1491360788723,0.1115398963843169,2.20834182552339,0.0,0.0,19.32061477816871,126.95862068457215,0.1964696982924444,0.3637745140073895,0.2463504592045771,9.795983145868364,2.8924782131756874,1
1068,17.635177894075287,498.0741517509645,0.0782849318011238,1.3680138023336963,1.0,0.0,13.319150166027356,57.137796394309774,0.1054924004520974,0.2052316393239165,0.1153733607362858,3.6381203219268863,1.5585435763858042,0
1069,8.905749681490608,462.1969415235258,0.0967242275941296,1.648171171150028,1.0,0.0,12.54613398804148,60.82606056113637,0.1085892623309912,0.0129335077159365,0.1824234640187526,4.30369422762888,1.0498793041586705,0
1070,20.360518618113453,1527.340233302587,0.0871333794208896,1.3871021483940156,1.0,0.0,16.796447173341832,99.3630625195332,0.2423301335516226,0.3256189388078498,0.1512533789336327,8.419310124094897,3.3086334498372607,1
1071,23.631570984562263,1019.2330475487548,0.0680319309412868,2.107016055038869,0.0,1.0,24.21010996577499,57.94112992800693,0.130114504269959,0.4844956568470558,0.202570914755314,10.74721106998074,3.976881131848222,1
1072,27.50704585769654,1271.1716193905577,0.1008476921773065,1.7375267397774556,1.0,0.0,17.115162281561197,82.69936255744241,0.2410575372529321,0.2647110452404942,0.166120572316452,10.520343998523922,3.0634175808133475,1
1073,15.214286937529453,649.6600276014914,0.1165994496412615,1.2594195228676957,0.0,1.0,10.091253997403143,68.40213547270058,0.1379631711191647,0.1335395104344771,0.2306514495846278,6.956923809271402,2.116815914062072,0
1074,11.408897906564912,691.0798793473383,0.1147539220392757,1.4481550864099964,1.0,0.0,13.164389280832376,91.29049356613456,0.1618955774379516,0.0341955135818819,0.216164366382681,3.4517310455788435,1.8050059919092536,0
1075,22.85294387794724,1024.4782073497054,0.0914522750088799,2.501234903849834,0.0,1.0,18.47757032391569,103.1247688719733,0.2634980955252683,0.4104148167956392,0.2428933627828996,8.904584775444432,2.5528235932965906,1
1076,24.181880822042903,741.1473763320059,0.1272514584952166,2.5868258227209253,1.0,0.0,14.283625727615664,115.64508458121914,0.1649015909366561,0.1166884704808192,0.2632053323175137,7.230139859187394,3.2558309832319066,1
1077,17.41697169771156,782.5864263061542,0.0883763462774375,1.2410982457168451,1.0,0.0,11.727154253336296,61.64649221787484,0.1599107701021861,-0.0500049306394131,0.2118632147176266,2.9163610034181766,2.015630685570017,0
1078,12.65946639541113,330.01819210464527,0.0987010782353259,1.3082939335012325,1.0,0.0,10.521830237421678,74.96327387068804,0.0400415532259491,0.2348607606032288,0.2177144487821857,3.543849829271277,1.2689816668622569,0
1079,20.360518618113453,844.3893248504992,0.1260042677720661,2.923755747577877,1.0,0.0,18.40679050007681,122.09747605872091,0.0853304252605649,0.2757562439162481,0.2363648189667538,7.213032866786014,2.9075131794413287,1
1080,12.486853183931348,465.3638407853552,0.0922528637035695,1.6598119213056224,1.0,0.0,11.279398731120034,77.66268416639275,0.1551991924119986,0.2713058237867735,0.1677975731782259,3.4466011135389545,1.3705886515967407,0
1081,25.09769960196845,607.2632832146095,0.1226821376900159,1.801265493119043,1.0,0.0,22.595203382306103,117.8752928621717,0.2974401106862737,0.4384044526339258,0.2523879474321656,7.299456469214392,1.7503231557185444,1
1082,18.25898874006085,344.73294060578854,0.0742736660653651,1.5106309950143728,1.0,0.0,12.74347984454395,67.66496792970914,0.1936329382424667,0.1806136850370117,0.1755488578125648,2.8236142210440933,2.1716826152529665,0
1083,19.813156221782084,796.3155132572097,0.0960287131486204,1.7396723546378308,1.0,0.0,12.347753239892306,51.4926544097339,0.2106502180225486,0.2200414512477647,0.2076489718588494,4.487615114777904,1.8690114225445469,0
1084,21.401066129254247,188.10858775308336,0.0607765161271077,1.5114148518656731,1.0,0.0,10.243786343881098,81.09797942244175,0.0391834539491533,-0.0152714739282632,0.1528676209169463,2.1839263006338188,1.2259507329632515,0
1085,27.828017915760064,1267.449754787269,0.1185752990053365,1.7125257335848731,1.0,0.0,13.911476064959242,115.9864967339912,0.2481699190969144,0.1852303823613201,0.2351768498833372,6.9065227778706015,3.9079664899354745,1
1086,20.626646427679525,1675.45308228431,0.1276692596765473,1.7118731932188027,1.0,0.0,21.740240209863437,131.5541599646853,0.195944773760185,0.4920064145632439,0.2156566789028401,7.803576631278017,2.375751574632522,1
1087,15.743518306589454,616.9118757165735,0.1227049345092738,2.1166247221935395,1.0,0.0,15.059310077875384,80.52293622993749,0.1393933936888883,0.2099786557206577,0.0889327322491526,3.090666177121546,1.781387049742943,0
1088,17.257782179543298,516.4535834873159,0.0699775496054111,1.1062052234129376,1.0,0.0,10.67747590282717,78.85503799938847,0.0523865325333725,0.0268964239671447,0.2067996159524726,4.096139804234823,0.9410214053854932,0
1089,14.36937810016012,570.4559365735518,0.0809196442833789,1.3513165205318187,1.0,0.0,14.149730351208738,116.39695511910487,0.106285579075347,0.1871353116243064,0.1706656981582006,2.290978038747263,2.667479788384421,0
1090,19.975585702517147,1194.248951166886,0.1062456087151274,2.382008963297946,1.0,0.0,14.345970252466358,128.08256004342184,0.2523838530003822,0.1536824236694005,0.3137354298179741,7.84257487430666,3.1879510166557266,1
1091,32.21205320861998,973.1359944152432,0.12418141005145,2.3189394109585857,1.0,0.0,15.464421761357093,103.94208132612576,0.2697777548893521,0.1971893043841161,0.1876260208078273,8.178342787570966,2.0471068119171587,1
1092,33.64543813086235,985.058388664393,0.10929955944165,2.2697268523720755,0.0,0.0,12.300813717706756,150.34048988791724,0.299782825997221,0.4584439711988703,0.211284329833251,5.587067237987958,3.634874269419045,1
1093,32.24900249839166,620.0183498705621,0.1086997304795738,1.8841699626828003,1.0,0.0,14.594274060890234,114.97464293025006,0.3379402074234744,0.2025768800288226,0.1894540278527597,10.682912043994904,3.194697243542696,1
1094,19.562481831272475,831.4959246506904,0.0389733106302319,1.6905949713215636,1.0,0.0,17.434616454300425,72.95902756346787,0.0974054475293258,0.1156026523431911,0.1822011105184487,4.914566133455066,1.686958068361463,0
1095,24.96782895895273,1168.293950705538,0.1277284286377834,2.3824972209191264,0.0,1.0,19.271026042075977,93.32529260119668,0.2770049576132798,0.270746013089721,0.2192066481431757,7.8100840523384,3.929880161265995,1
1096,29.95508806907881,1080.413353159356,0.1114128888620922,2.0394587923670824,1.0,0.0,17.19677812331495,126.80009522208942,0.1048309691853872,0.256797972783208,0.2061728201697443,12.608023967656749,1.9575602671655288,1
1097,21.81238903710116,628.0297588478453,0.1068334779617306,2.0317555002805343,0.0,0.0,15.15772303550105,126.32850055975533,0.2663687587488134,0.4292202036817893,0.2175093926108213,5.767060547518595,3.021675761852988,1
1098,20.94551591930651,1046.8488785009383,0.0952044280823678,2.183001893754471,1.0,0.0,15.47641470657478,135.8769088434534,0.2640609306815983,0.2880882307460004,0.2326759927415517,11.501631122034231,3.598929784027823,1
1099,20.360518618113453,692.3977503818376,0.1223784467511493,2.759611774240656,0.0,1.0,17.724841568598443,131.44464364078684,0.0387858344782611,0.2282301783823766,0.2258127221328341,12.64159014158759,2.588437339728322,1
1100,20.69812057241809,377.1738467341261,0.056024091393963,1.7308515153883948,1.0,0.0,11.79106704882491,66.56681172924041,0.1183528174077962,0.1115016231803064,0.1481605652466216,3.179755440833712,1.4711501414109516,0
1101,19.39396896550438,239.3739184860676,0.0926364919535502,1.5621061528172488,0.0,1.0,9.72646395229152,91.30076689977038,0.092021072494953,0.1404497431751952,0.2063909750665102,3.735162920175602,1.4088333000752271,0
1102,18.51719290384678,1225.2313296893692,0.102286525717774,2.5724024654394437,0.0,0.0,20.48337419245764,80.67033646511108,0.1715946281759053,0.3688945802582996,0.2116175935804399,9.785824756214096,2.365031587276585,1
1103,23.001235943405547,921.5235373557186,0.0873032797880647,3.078504498907898,1.0,0.0,17.597591837464954,116.92738480119992,0.3680304811256714,0.1612567978823018,0.232367984137635,7.428413958842778,1.9848298217450333,1
1104,15.987892233689037,761.031192354274,0.0669854345072315,1.4559362486714196,0.0,1.0,6.948262042647937,71.90902847699041,0.1644674764963586,0.2170051867193038,0.11752021151511,0.5864547536082174,1.1776434318116065,0
1105,23.09037027342398,903.23118409711,0.0796660549123236,1.7264919973412385,0.0,0.0,11.47245352690523,100.85499775298256,0.1232533165855167,0.1171498709556831,0.1886594298206342,4.825829421873044,1.6832645407533482,0
1106,10.827336710000925,537.8282667730512,0.1113423042379601,1.5167589404680573,1.0,0.0,12.128809268059568,90.10454548562934,0.1736959120798646,0.07011800897891,0.2304258296706355,3.8678426796622345,0.8463472939754352,0
1107,19.721194792221148,1000.295470468675,0.0860331443432574,0.9410988157407472,1.0,0.0,13.9933128942624,83.01685188052289,0.0894847346526221,0.2675081589420243,0.2020433986550866,3.337929237214907,1.7509214210930517,0
1108,24.17911033128654,781.4835803842448,0.0849051800202552,1.168618318495171,0.0,0.0,11.863793106066993,71.76157790756902,0.208981351094929,0.1540534019930179,0.1506226832350244,3.2759936920870314,1.855022029453662,0
1109,22.717877951541023,290.95906661480416,0.0782656117331613,2.3981715203804,0.0,1.0,13.12096001833625,95.21382285672884,0.1368685371194047,0.1057326666384053,0.1665644239012533,2.619562524003797,2.2130114614808702,0
1110,24.80805039009532,953.453020688023,0.1011352341874254,2.855328380010848,0.0,0.0,8.062037133830028,134.00514387737084,0.2963689642792729,0.4799568485865993,0.214599414735091,9.947974303527264,1.6862339899168262,1
1111,14.33408897124505,777.2911334359774,0.1049688430062959,1.1315638979777427,0.0,0.0,10.891607104721976,76.12567005027323,0.1382574726113079,0.1363613485526958,0.1704247843855551,6.017332153058397,1.507093347378748,0
1112,19.417657071883355,894.0252308972126,0.0778728007533368,1.7020141093534689,0.0,1.0,19.559197361510755,104.6045042073994,0.2215651380141993,0.0255185706559551,0.246300282518825,10.83296353518127,1.974519399793186,1
1113,17.475921917081614,473.54275531019135,0.0811612850077663,1.8697361723933452,0.0,1.0,12.97398061641983,98.09881129706314,0.1867846192615439,0.0825714861835303,0.1654762257511872,3.531575298805218,1.4345122782669812,0
1114,26.93309561010632,1075.654880356201,0.0884974919667983,2.139207430187509,0.0,0.0,15.37215511220178,149.222145833541,0.4105829854564525,0.2161709001923318,0.1806217803678068,7.995271088510456,3.605895782039252,1
1115,17.34131628934663,551.9957779072446,0.09563692073188959,1.717063128202011,1.0,0.0,13.339585375114847,90.7797894238362,0.1044531365565783,0.2144544099212768,0.2437515998848299,5.556287263593186,1.2396829823981532,0
1116,32.162386861022846,1187.048286289605,0.0719261382010888,1.8465629674298616,1.0,0.0,15.128115167008716,124.02939173127592,0.3695685085961815,0.3061097349481815,0.2538896060623798,8.875566357636998,3.650244691844557,1
1117,10.551687033024796,340.84971490629295,0.0892642833341558,1.4008908890236171,1.0,0.0,9.695071892521833,56.700751212095305,0.175837957175853,0.1077125938161031,0.1465735876728602,4.209921086985774,1.2193391950062633,0
1118,7.859075061043695,489.402246833759,0.0570380406745106,2.022448566809297,1.0,0.0,9.372791683946804,79.66870527512634,0.1990777375356796,0.0789707591153702,0.1984566289896272,3.487908438629395,2.061298576531682,0
1119,25.067441545497143,1051.9380062165894,0.0958741434883376,2.3345089047808205,1.0,0.0,12.737274744512847,113.81463954799318,0.3001210449181675,0.3212302979351292,0.2968353761943372,2.2632802959138,2.3979336436169194,1
1120,19.804269024812804,537.8668471833242,0.084794636580607,1.2926130769772786,0.0,0.0,15.111162138565556,76.55936468952868,0.1651076939096266,0.0534033565458007,0.1657999070380558,4.061659726120178,2.026586424173172,0
1121,19.9919487781648,528.3762787092511,0.0810185401368538,1.4923745146137752,1.0,0.0,7.851262926698691,69.84329081179199,0.0987552105489894,0.126058942971894,0.1600866360620081,5.101695197987629,2.1110675932657803,0
1122,27.6013387937211,722.9253118607342,0.1256022545796034,2.7448135780193743,1.0,0.0,18.878152448630093,122.1641326774075,0.1996028167765544,0.2727635337444875,0.2086423102843636,7.137212147676111,2.8751501223110654,1
1123,16.905013102564837,1227.628150601665,0.1079230389759029,2.6449491678346795,1.0,0.0,21.194990268479863,112.02105410200558,0.1405449441747272,0.1429518431179554,0.1529304974382238,10.901452942261676,3.4485137027774897,1
1124,22.240876837738497,1414.8478707324211,0.1395250132750986,2.1543637568613447,0.0,0.0,16.9634262302281,99.46927310917258,0.1696032094816278,0.361393068129028,0.1905071785556483,9.253995619306414,2.599311087431815,1
1125,11.17327481727628,1186.6250792239189,0.09563692073188959,2.0048201647098987,1.0,0.0,13.771049655220096,146.33018253411817,0.2627087783982028,0.2852985534583523,0.2402467119835928,5.87230595581045,4.137085885285704,1
1126,19.42353816414299,1360.9107700973484,0.1539517340182206,2.197873041258027,1.0,0.0,15.9220517632522,101.6372813993678,0.2326014581460353,0.3112742115436619,0.2120621272884472,7.280658848166023,1.5171056509303975,1
1127,10.657307349320764,366.7611556998535,0.0632631188638037,1.9160380922479527,0.0,1.0,13.74507729993271,86.27283446643365,0.128466827774909,0.3040362024735294,0.1414141850958244,3.618400645733253,1.4201268644707008,0
1128,23.99027927520673,322.9198492320136,0.079310212887081,1.4325042034416102,1.0,0.0,8.76709018248421,63.8314120827262,0.145568348879532,0.115501068648872,0.1631032879205581,5.411832897571975,1.5595449978502944,0
1129,19.049011793361103,375.5203611879186,0.09563692073188959,2.278473549489596,0.0,0.0,8.936535763035828,87.49549764075589,0.2103996817672758,0.102257136253146,0.242881937614883,9.76572514025055,2.702078440125407,1
1130,28.981214757803954,1400.246115447133,0.1026322240288954,1.9070138773919532,0.0,0.0,14.892871300364648,100.40260827074816,0.2570379072586302,0.235977130616893,0.1631231626913253,13.804286880781094,3.755971579133995,1
1131,22.10832080273616,651.097470317058,0.0581202809451684,1.423815825457292,1.0,0.0,11.892859314416038,76.10024112120942,0.1913561713871763,0.0619846245574207,0.1988145323688227,5.2284667869019,1.8101845274731452,0
1132,11.38869491611971,510.1518649059214,0.099455088795858,1.7871582045789247,0.0,0.0,11.653989505478108,91.54347715671511,0.083568324164575,0.1308487976599526,0.1561131665343193,4.865144555208543,1.1173203763218182,0
1133,21.9056405360011,673.0105970439234,0.121156042148305,0.9137602277120772,0.0,0.0,15.285865266636762,111.57742071458628,0.0993712138025148,0.1361404490964057,0.2319033661336622,3.1050710518056945,1.71634778908301,0
1134,16.68604177584452,1392.8148164874156,0.0964372523071316,2.3010190415231184,1.0,0.0,19.78725376100797,87.37134694939404,0.3277878346365559,0.194297911848127,0.2183282043467534,4.30202700354762,3.7676310562130655,1
1135,27.337879780190992,1054.127062767824,0.1411928072964954,1.618410845037005,0.0,1.0,11.757602013619133,109.94166454561362,0.1728102069466874,0.3394426637671727,0.2072532058199623,7.012618129843572,2.7791335514135,1
1136,9.001256523814266,122.00580033501772,0.0873628396810871,1.5889977979548158,1.0,0.0,13.680939640990674,117.6124285678825,0.1505045149417767,0.0413705783174004,0.1397491051535095,4.166007414446138,2.353035236798175,0
1137,23.17624761950538,590.114518631557,0.0932711397994959,1.475722331712421,0.0,1.0,9.777553218035472,78.21163465601144,0.1335994537171697,-0.0358383451943917,0.133384521437347,4.079428787065065,1.1741173066930384,0
1138,9.715599340922257,620.4525056146007,0.0641581162255014,1.8199497944128824,0.0,0.0,12.931618752726056,63.229093580272576,0.0487581173615587,0.0534339212697934,0.1382364967722437,6.559701035695206,1.6479915523670052,0
1139,22.119095740590257,858.2454262403088,0.1304601349962358,1.8456633476955155,0.0,0.0,15.470451313896382,148.25110162228043,0.2465942664946915,0.4518889264118723,0.1129924338529087,6.016478372417955,3.656285924093116,1
1140,13.979825561032731,302.4431366470141,0.0908623214537948,1.5882957747106097,0.0,0.0,8.767198725481332,70.94030170089164,0.1561867572169802,0.1602216173808071,0.167754927029801,7.379967905293258,2.646190439230997,0
1141,7.62008176545184,614.2790531529636,0.0697308304990963,1.542459513675627,1.0,0.0,15.103226879448435,92.9580748932801,0.158177211813718,0.2314680801240227,0.1616429570412954,4.403199138812125,1.9081974371239745,0
1142,22.270531725530635,1244.8484415141268,0.0936824023716163,2.3023056115864056,0.0,1.0,17.60709885121664,129.51032277550755,0.1366042419569057,0.1465764517159861,0.2466771781548735,8.052204323803664,2.458168454459166,1
1143,20.16172985339536,597.3450669014114,0.0844495793542233,1.5409429823736014,1.0,0.0,11.947306138059645,65.16894022370272,0.1378485499382401,0.1746172381518827,0.2105839953708716,5.511076191936681,1.4630111678299658,0
1144,20.956251686877437,1039.423999251892,0.0731426736122867,2.3128098600426474,0.0,0.0,14.885046400400697,120.70798753443374,0.3271402701304719,0.4391454821005481,0.2484434387296789,10.213813010752432,3.733340749240746,1
1145,26.4918200083886,1658.754344982607,0.118560339519208,2.3985910163670057,1.0,0.0,15.132454213045628,133.22054617999856,0.2242670664032209,0.2793766432044532,0.2893217023340209,6.740311399492574,2.07093133276404,1
1146,22.00404488776164,623.1580756528972,0.0691298705495527,1.3922177659907795,1.0,0.0,11.246647154182195,72.01607410742636,0.0882129280286906,0.0148347481115371,0.1692275088875126,6.909652394855034,1.2301374654195762,0
1147,19.715246768951022,1493.916702725293,0.0863855820019772,2.161220054447408,0.0,1.0,17.835439001479795,75.41403393926339,0.2028087162408332,0.3137667788787812,0.1709429363323384,7.316435450968391,1.6891453150984026,1
1148,20.360518618113453,564.4961757866854,0.0809892109446389,1.8016239900694464,1.0,0.0,9.389573434774226,96.84238240827912,0.1683740524844094,0.0845475925640713,0.1829482556862979,4.3742697240681,1.6166959526235494,0
1149,20.904976174493125,1151.2615523309578,0.1187953862728474,2.688966719217781,0.0,0.0,12.018582933887783,90.75886696546875,0.2797764374669519,0.3382215416538737,0.1796588520514162,5.333386637272572,2.916585180322385,1
1150,21.19922518386992,1152.998025823984,0.1721505061569418,1.62706686440147,0.0,0.0,18.98754682836967,102.66732880289092,0.2265080596207903,0.2495550315622619,0.2009775008647614,9.898534435554538,3.770836183841773,1
1151,20.577080764363554,782.5864263061542,0.1039520085315709,1.9398839462614383,0.0,0.0,12.886566702331749,141.10804852530333,0.3407461273323295,0.1401811128933953,0.1961638111118398,8.094370647997009,4.412001603217147,1
1152,25.819035540658188,457.0623618324249,0.0716072828614266,1.5822167268390346,0.0,0.0,15.390599838746706,98.71077937961996,0.0200809227631992,0.0427735575013181,0.2077031179242,4.024393052033672,2.266014447023444,0
1153,35.70926047174849,1091.7425698240154,0.155997774979222,2.4575059150115264,0.0,0.0,16.012968524318033,103.9856642376285,0.3384486619653482,0.2804107066612101,0.216576727485003,6.54619430320324,2.9884754013151094,1
1154,20.360518618113453,117.13433622226412,0.1056184057580681,1.2037330208723254,1.0,0.0,16.02666174664529,54.56056987434111,0.1966144425300857,0.17864281418806,0.1585251601981091,5.262148625159087,1.2228362503188643,0
1155,12.270365156522637,697.1773538603355,0.1033282877997754,1.3790857278588995,1.0,0.0,11.987335169291136,89.4289923954557,0.2271681071606159,0.1298950838662431,0.1941451652351445,4.940264591773086,2.324329514106675,0
1156,15.807869269422165,640.4189575567304,0.105060135781941,2.8052260944020726,1.0,0.0,19.799126556640545,125.17315608559682,0.302225398051811,0.3536144311642951,0.190764171647455,11.44373976117207,2.5168291655165334,1
1157,26.40909428716792,1174.4067857991151,0.1424897119416301,2.6359805488750934,1.0,0.0,16.409818256743733,141.37235852438948,0.1017466152855131,0.1840015425995497,0.2197603051859807,10.906963479547176,1.37381044265244,1
1158,18.02920370582177,991.3939619358496,0.0784288687557908,1.922082258571076,0.0,1.0,21.324371220639257,115.33650132575622,0.0936548638593094,0.1263732062291,0.2543598847649468,8.263208868604092,3.079931858309584,1
1159,36.14327140265412,1116.6333949293737,0.1063917383049226,2.439969589740662,0.0,0.0,17.585777239347163,81.2177509205831,0.2850234068308738,0.2943708933629806,0.2289611811263722,6.841845267002464,4.09806293882777,1
1160,23.26980731632079,927.8632298115664,0.1335475740440255,1.7924883265989653,0.0,1.0,22.89168670684925,134.6276798455007,0.2547055344382913,0.2640426134183006,0.2318594911631093,13.191397955737326,3.172080621153005,1
1161,9.871405376887376,282.44375707634407,0.0649284734726446,2.064778590916675,0.0,0.0,14.070920656021103,94.46268160075138,0.1570696708537165,0.1106630816085872,0.185734295289522,7.027870486917282,2.1340773149861576,0
1162,20.360518618113453,823.9848698234802,0.09563692073188959,1.8336437056309636,1.0,0.0,14.795806828758854,84.32377366803989,0.2812400135699364,0.0678985047345913,0.1227233441432747,4.863623827475049,1.5479565854349129,0
1163,12.694866587616628,303.9953119635191,0.0805170898984056,1.4458770434433834,1.0,0.0,8.757741916357034,104.7912343372532,0.0702840336897049,0.1845508734942811,0.1498365514628737,3.094272762668824,1.5535334213594667,0
1164,16.578670224361307,892.922373388194,0.0916366545412992,2.127081793421966,0.0,1.0,14.192810581857753,86.7297005360561,0.2658392931489048,0.4906227346696374,0.2280796040377807,6.810206733349551,3.494995757289588,1
1165,13.504022107864532,999.607424418074,0.0867712300026676,1.4091395416284638,0.0,1.0,8.83557845476444,113.274004896813,0.0784034474975883,0.1738051547086842,0.2134915875608368,3.551534342386037,2.049547703962172,0
1166,13.593845421715509,667.1201288138188,0.090503559562613,1.353478070055858,1.0,0.0,13.898650392346898,103.344511932739,0.0989601807630891,0.2518511886688238,0.1621813060658529,4.130138328743869,1.5257684680452708,0
1167,19.746774828477538,482.1150846737361,0.0655054797173382,0.8901751935503512,1.0,0.0,9.369256296505965,67.54231552583688,0.1032290393979967,0.0884677873164341,0.2209825997720507,5.116923373529596,1.9561117274318285,0
1168,7.576779745885029,504.9375248017852,0.0941289836658799,1.615368330425024,1.0,0.0,12.93753231798056,94.13613942551204,0.2037239576426002,0.1796981348096956,0.144988725321241,5.016313609837459,1.8592168230311492,0
1169,16.006575938275773,918.1394224432954,0.0696823882734468,1.990389550472876,0.0,0.0,11.746319776910571,97.79691555995488,0.2092355864836787,0.1554151619165751,0.1725076022788792,3.3389962400906685,1.3983463756204473,0
1170,14.772594821112358,768.2208730453541,0.0870414735675668,1.2253917714469198,1.0,0.0,11.449382526701926,89.29494677243636,0.1235639111557509,0.1450162477285286,0.1781874234569977,3.0108094322131143,1.9806994856329625,0
1171,15.957196855958092,898.1985919296144,0.1047400759749303,1.5542188584426968,0.0,0.0,11.380429221289424,86.10360088784948,0.0872331282316942,0.0827708561074371,0.21693725336599,4.405291181918972,1.8694036893693695,0
1172,15.967431079816572,294.8552262295807,0.1107989422712838,1.139193129239283,0.0,0.0,14.062372556365002,63.16177864243376,0.1600292754549668,0.2414590281350552,0.1329989155486962,5.431777917889686,2.477618088385912,0
1173,18.921046800269007,293.12645834534214,0.0505090411372129,1.195342339612369,1.0,0.0,12.186628476957544,84.77559409272,0.1303474822366677,0.1290546790326423,0.1579546060129128,3.0894107727478817,2.28576088255115,0
1174,20.537572748188776,1252.1261291978558,0.1221880514673919,2.462243057277121,0.0,0.0,17.306510114326727,118.02065818110272,0.1952505664149174,0.2795660984230954,0.211641773124153,1.6739872785116845,2.521374375985121,1
1175,14.824451401125744,782.5864263061542,0.0539787204271505,1.89023641578873,1.0,0.0,11.831377679252478,69.34501264677662,0.1521813884044911,0.1411172852115342,0.1796471069795803,5.376895700279973,1.6788133359379638,0
1176,23.540098894181718,1607.391971959289,0.0998944177406203,1.815639566447915,1.0,0.0,16.863998180075313,70.08659123455008,0.1756131642926829,0.3266478872467007,0.1722188216920279,5.052557249473831,3.297233160672834,1
1177,24.79964905291203,639.9830365015563,0.0712583746085878,1.5165493555396703,1.0,0.0,13.374534395051136,115.57405370251657,0.1574516483499364,-0.0536426424746573,0.1413876564946692,3.286687621901916,1.0005363170289452,0
1178,25.100485598509383,738.3229174919206,0.116206463544042,1.353622539558804,1.0,0.0,14.90715730408875,119.50516906990195,0.3093305704394571,0.2960710990364883,0.2088819147900566,7.937848244307097,3.853725208213639,1
1179,23.171065771519253,1140.2626090192905,0.1545156238979304,1.5368088964814608,0.0,0.0,14.384133881344166,139.5559997570337,0.2166942002347459,0.1222586363027849,0.2385719753640307,7.8653973173451295,2.5055859258919715,1
1180,15.885624158032131,782.2454527485731,0.1048974232938697,1.3088227516192223,1.0,0.0,11.9027550964884,78.78612570077294,0.1391681512346495,0.1197972313877384,0.1517156542247178,6.037229036722502,1.7808140328528357,0
1181,34.70531206538065,646.5115936493289,0.100806199912132,2.5413912290172225,1.0,0.0,19.11073677368147,117.77664165435628,0.276723984767262,0.2774515971278359,0.2096812790055514,5.331778966493234,2.2782328910873977,1
1182,23.267016912829185,799.019686217147,0.0753576318734158,1.6855866522295289,1.0,0.0,12.578605090370145,62.60569082690302,0.1548707591268613,0.2363863870806478,0.167067732776195,4.905241301596148,1.336718699009262,0
1183,10.286258176539988,814.3260280463055,0.0542495386076954,1.0544832977433432,1.0,0.0,11.979814058353904,97.24572993839944,0.1575899049276105,0.0913710169938208,0.1291965285972841,1.9669361735122823,1.5970841113396328,0
1184,12.941245932972617,346.34529119306575,0.084556316751814,1.5725249026641483,0.0,0.0,9.142211092169031,89.69674052813392,0.1299316275453144,0.2214083491430137,0.190810767057728,6.372645554442219,1.6749033076630184,0
1185,12.555889901517505,583.4523541052257,0.1122482965923587,1.2415240058660395,1.0,0.0,15.246698608932592,104.7912455527134,0.1902820230613336,0.0264668103961094,0.1885099034287722,5.221262655027346,0.8996284719452611,0
1186,27.00866278287836,2678.296440098963,0.1456709035438912,1.5569537181192543,1.0,0.0,15.428254298657528,239.55812044027152,0.2938828138524263,0.2270744877322369,0.2142606630529563,4.106152737959294,2.9760430242639484,1
1187,31.14190784145469,791.2686891019821,0.0911264533455061,2.1608026575886616,0.0,0.0,20.605419213985567,140.69181437370278,0.1102487379995214,0.2167728396811564,0.2276696171267396,9.806022919906122,3.1933423266325067,1
1188,19.809671967634685,317.476456919149,0.100457196432868,1.5913369984720172,0.0,0.0,13.513874621451093,60.58259967712983,0.2258840294354676,0.1518707147202101,0.1462576797686725,5.175955489356985,1.4439631169738123,0
1189,17.793617821902053,484.0420185217849,0.0457501571951531,1.144333464858534,1.0,0.0,9.21281679105648,56.918039342615,0.0820538817119276,0.189917502686009,0.2132355670041776,3.199661578373364,2.060820705865137,0
1190,18.886073714734643,730.2557624555004,0.0946187781311208,1.1473475060848206,1.0,0.0,11.959986317023326,89.31881680932788,0.1712238202975362,0.2303029205447372,0.207650306505905,4.5113091208176845,1.1074383046576974,0
1191,12.638608177727182,677.0124921996504,0.0743153735309698,1.4731831914181552,1.0,0.0,13.367927080457957,81.61622201939102,0.2349712397660818,0.1157950731027303,0.1202249093740018,4.294325667004271,1.8975235402761093,0
1192,26.480778218176948,501.4257286183982,0.1010007894643968,2.5052570635591382,0.0,1.0,16.694003560633284,122.7453460086906,0.323034053599492,0.4558772541314997,0.2470750679784361,6.025711044743776,2.7120676944017355,1
1193,17.67884206308737,418.7912306138453,0.0986687589890101,1.5094857735912808,1.0,0.0,9.594908456161328,70.42381371995691,0.0038720264312707,-0.0120015673745039,0.2059510703122058,1.9848123280887284,1.6811619278628964,0
1194,15.976248465822204,990.617937793842,0.1249802792786591,2.322781754220776,0.0,0.0,19.388891451069696,114.29712841190585,0.2817053141715603,0.1540085895319216,0.1823087012245712,10.67885992542658,2.8160608616094205,1
1195,33.157848091037394,686.8352679569443,0.1469047524932451,2.7420125844573224,1.0,0.0,12.086339084291104,120.13914876367888,0.2724714912627607,0.1878657126265088,0.1418859775617627,11.458324371370882,2.287518096109066,1
1196,16.745169466792287,736.0477957822524,0.0748492693639188,1.7420010472379683,1.0,0.0,14.294286238707642,77.20988458561855,0.1386973627108949,0.1836323062014457,0.2176212700083999,4.37100041925025,1.7697203246872666,0
1197,20.27578945443844,702.0158468086757,0.1016496853755844,1.2948806411859872,0.0,1.0,9.535318764738667,101.51612067552242,0.1672115597409972,0.1351665841803304,0.1841520924342627,2.729056688404348,1.6316972149834483,0
1198,16.725783729447645,702.7126187155129,0.0785034521861209,1.8986965155244628,0.0,0.0,12.843207461051666,91.952072495856,0.1522474669184214,0.0436506658145708,0.2116647324243496,-0.0051499685500422,1.8219145738426537,0
1199,20.894433032459485,436.1330507042261,0.0940860697568474,2.250989760236452,1.0,0.0,19.163936166426463,120.78044101210806,0.249941674691217,0.496433708304644,0.2121331186339775,11.186832519145176,2.0230889150578264,1
1200,14.342593697043808,482.2587264069931,0.1315442312899236,1.6972210385935946,0.0,0.0,10.62786273033623,90.44098125615574,0.2051956933333739,-0.0045032064704727,0.1641397701062422,3.709570822458845,1.9695104956631624,0
1201,16.904947750642528,342.89454644288924,0.09563692073188959,1.4145019674747372,0.0,1.0,10.9534676558764,72.6421452120264,0.1877997276373592,0.1206098815570113,0.1627053665385518,4.333803761709234,1.6229841158816725,0
1202,20.360518618113453,640.1217611732442,0.0874019790227916,1.46092140710733,0.0,0.0,11.13981902009049,99.38080448340683,0.1803265179971668,0.2139934093201613,0.1744951716144406,6.012348222971351,1.2706790146072668,0
1203,35.73582807882469,1565.992301842199,0.1226354889768623,2.802131045183447,1.0,0.0,13.737946314065784,129.71442622037776,0.2119130529598845,0.2956418326746501,0.1826280808238453,7.505396815578353,2.7559964860031028,1
1204,19.51553801095008,1241.033872878664,0.1118099161954574,2.2829649987140983,0.0,1.0,13.277843739574852,97.08008293660428,0.1864705412900477,-0.0779411233527183,0.2351452400711529,8.895929945202157,2.2845129926793324,1
1205,17.437940443946186,755.9296555335765,0.077265050996215,1.0496708489888895,0.0,0.0,15.441952415758346,63.34118961964936,0.2126378130314405,0.1530601419610109,0.1417512559145901,3.7174656602861487,2.572337340058119,0
1206,33.7239989217608,1083.949685002389,0.1380284586252587,3.1717364670891905,0.0,1.0,20.689097906258212,126.96796015240838,0.2082195726817695,0.2140081006419924,0.2471811562539786,6.540988592241206,2.564160467492621,1
1207,20.9317096474838,1301.5299985620716,0.0962820914662933,1.5228790271381227,1.0,0.0,16.947057151529016,120.33399579004144,0.0996127323823129,0.2782610907420706,0.1467302714866182,5.095199761153624,1.7214009477355807,1
1208,21.04584000397705,494.4760954271179,0.1026592766298168,0.8446419187235693,0.0,1.0,8.901458644368876,48.89140992542531,0.1228719439292125,0.1654577319785899,0.1312984252265252,2.626568642320545,1.522147437607991,0
1209,17.317291915088802,773.3400442839124,0.0866310448310459,1.6552600337287515,0.0,1.0,10.82694210477195,99.73830900569176,0.1562403236558949,0.1287722778933958,0.1299551425076504,2.183993408673848,1.5461741641288325,0
1210,13.934204114434683,654.0254801291633,0.1023045967848987,2.036037145631901,0.0,1.0,9.16694764160994,60.14576902266441,0.0339318604003276,0.1383388090229658,0.1489650733350917,2.2769070576860493,1.5826862389927,0
1211,16.934934437806735,1084.1446245465452,0.0821225584149567,1.3601608450700096,0.0,1.0,11.273879610065404,86.69673798225095,0.1666726814815922,0.1462973905659879,0.1504415066343336,4.282072849515132,2.101478892981694,0
1212,20.979284359026817,480.4080065005005,0.0669149279023818,0.95694235339081,1.0,0.0,9.484121494160313,72.50546895331276,0.0653681462927396,0.1353743428332965,0.2377372309640595,5.126012731752924,2.4457120596288755,0
1213,27.07694977924264,1153.5369578595826,0.0587244377868475,2.2360260831299827,1.0,0.0,14.656990690497578,93.02690073755832,0.2408906494624985,0.325350847619329,0.2946137287664873,2.421114449026584,3.248189863425506,1
1214,18.728016169142418,1065.154760145956,0.0798329236563945,1.9824404062370464,1.0,0.0,18.793523650387048,102.63653675305471,0.3348034061206489,0.1723754851042787,0.2720838003068821,9.86373834394206,3.8074415850236,1
1215,11.530932363751408,623.1152483565281,0.1025278048469036,1.3353928770600252,0.0,1.0,9.848602803765612,64.74674021678233,0.1296216385150309,0.1177135578124773,0.1778957292370923,3.9564250712280047,1.3717695447064109,0
1216,35.17473194045489,1017.9434174275495,0.0732593487213371,2.05949029099175,1.0,0.0,15.817835327799596,104.93512689396638,0.2871039123479044,0.4601607777754407,0.2040305354067312,6.504061045573623,4.121094993543979,1
1217,20.360518618113453,790.9400690559313,0.1052759874083392,1.7871582045789247,0.0,0.0,12.675648144140526,117.7234934949566,0.3782896755970847,0.5281624284064367,0.2560434744124804,10.667181725497516,3.522762231240546,1
1218,27.83815946722165,980.2432080471464,0.1169082710750264,2.829964957159423,1.0,0.0,20.65817871837529,112.69159397595176,0.145420533738169,0.4361278904717459,0.184982567920015,9.70348445027528,4.206262557833091,1
1219,27.62368161505996,852.3163854565848,0.161825360075088,1.274812425088261,1.0,0.0,16.109870509020354,137.52695064869954,0.1711523222233707,0.5100990298542979,0.1717052947313536,9.771095498535711,4.235475071329109,1
