MessageID,Message,Label,CharacterCount,WordCount,HasURL,HasNumber,UppercaseRatio
11970,Exclusive offer! Get a FREE gift today. Limited time only.,spam,58.0,10.0,0,0,0.15217391304347827
11726,I have attached the document we discussed. Thanks!,ham,50.0,8.0,0,0,0.04878048780487805
10527,Let me know when you arrive.,ham,28.0,6.0,0,0,0.045454545454545456
10994,Congratulations! You have won a free prize. Claim your reward now! Offer expires today,spam,86.0,14.0,0,0,0.05714285714285714
11124,You have been chosen for a FREE vacation. Claim now. Call 9876543210,spam,68.0,12.0,0,1,0.15555555555555556
11659,Let me know when you arrive.,ham,28.0,6.0,0,0,0.045454545454545456
10128,Please remember to buy milk on your way home.,ham,45.0,9.0,0,0,0.027777777777777776
10366,Please remember to buy milk on your way home. Thanks!,ham,53.0,10.0,0,0,0.047619047619047616
11305,Can you send me the notes from yesterday's meeting?,ham,51.0,9.0,0,0,0.024390243902439025
10233,Are you free this weekend? We could watch a movie. Let me know.,ham,63.0,13.0,0,0,0.0625
11384,WINNER! Your number has been selected for a fantastic cash prize.,spam,65.0,11.0,0,0,0.1320754716981132
11779,You have WON a guaranteed prize. Call now to receive your money. http://free-reward.example,spam,91.0,13.0,1,0,0.06944444444444445
11728,Let me know when you arrive.,ham,28.0,6.0,0,0,0.045454545454545456
11223,Are you free this weekend? We could watch a movie. Let me know.,ham,63.0,13.0,0,0,0.0625
10552,Are you free this weekend? We could watch a movie. Take care.,ham,61.0,12.0,0,0,0.06382978723404255
11767,Are you free this weekend? We could watch a movie. Thanks!,ham,58.0,11.0,0,0,0.06666666666666667
11102,"Hey, are we still meeting for lunch today? Thanks!",ham,50.0,9.0,0,0,0.05128205128205128
11106,Don't forget about the appointment tomorrow. Take care.,ham,55.0,8.0,0,0,0.044444444444444446
10792,"Hey, are we still meeting for lunch today? See you soon.",ham,56.0,11.0,0,0,0.046511627906976744
11058,I will reach home around 7 tonight. Thanks for letting me know.,ham,63.0,12.0,0,1,0.04081632653061224
10889,Congratulations winner! Claim your cash bonus before it expires. Visit http://claim-now.example,spam,95.0,11.0,1,0,0.038461538461538464
11422,Thanks for helping me with the project yesterday.,ham,49.0,8.0,0,0,0.024390243902439025
10065,Don't forget about the appointment tomorrow. Thanks for letting me know.,ham,72.0,11.0,0,0,0.03389830508474576
10124,"Hey, are we still meeting for lunch today?",ham,42.0,8.0,0,0,0.030303030303030304
11712,The meeting has been moved to tomorrow morning.,ham,47.0,8.0,0,0,0.02564102564102564
10495,Are you free this weekend? We could watch a movie.,ham,50.0,10.0,0,0,0.05128205128205128
11196,"Hey, are we still meeting for lunch today?",ham,42.0,8.0,0,0,0.030303030303030304
10494,WINNER! Your number has been selected for a fantastic cash prize.,spam,65.0,11.0,0,0,0.1320754716981132
10411,Please remember to buy milk on your way home. See you tomorrow.,ham,63.0,12.0,0,0,0.04
10712,I have attached the document we discussed. Take care.,ham,53.0,9.0,0,0,0.046511627906976744
10752,I will reach home around 7 tonight.,ham,35.0,7.0,0,1,0.037037037037037035
11133,Don't forget about the appointment tomorrow. Take care.,ham,55.0,8.0,0,0,0.044444444444444446
10453,Can you send me the notes from yesterday's meeting? Have a good day.,ham,68.0,13.0,0,0,0.03773584905660377
11618,URGENT! You have been selected for a cash reward. Click the link to claim. http://free-reward.example,spam,101.0,15.0,1,0,0.10126582278481013
10029,Please remember to buy milk on your way home. Thanks!,ham,53.0,10.0,0,0,0.047619047619047616
11591,Let me know when you arrive. See you soon.,ham,42.0,9.0,0,0,0.0625
10383,I have attached the document we discussed.,ham,42.0,7.0,0,0,0.02857142857142857
10350,"Hey, are we still meeting for lunch today? Talk to you later.",ham,61.0,12.0,0,0,0.0425531914893617
11699,I have attached the document we discussed.,ham,42.0,7.0,0,0,0.02857142857142857
11523,Are you free this weekend? We could watch a movie.,ham,50.0,10.0,0,0,0.05128205128205128
10056,Don't forget about the appointment tomorrow. Take care.,ham,55.0,8.0,0,0,0.044444444444444446
11116,Thanks for helping me with the project yesterday. Thanks for letting me know.,ham,77.0,13.0,0,0,0.031746031746031744
11455,Let me know when you arrive. Take care.,ham,39.0,8.0,0,0,0.06666666666666667
11959,Are you free this weekend? We could watch a movie. Have a good day.,ham,67.0,14.0,0,0,0.058823529411764705
10611,The meeting has been moved to tomorrow morning.,ham,47.0,8.0,0,0,0.02564102564102564
11624,Can you send me the notes from yesterday's meeting? Talk to you later.,ham,70.0,13.0,0,0,0.03636363636363636
11560,Are you free this weekend? We could watch a movie.,ham,50.0,10.0,0,0,0.05128205128205128
10572,Let me know when you arrive. See you soon.,ham,42.0,9.0,0,0,0.0625
11364,Exclusive offer! Get a FREE gift today. Limited time only.,spam,58.0,10.0,0,0,0.15217391304347827
10865,You are eligible for a special reward. Visit the link immediately. Act immediately,spam,82.0,13.0,0,0,0.04411764705882353
11572,The meeting has been moved to tomorrow morning.,ham,47.0,8.0,0,0,0.02564102564102564
11270,I will reach home around 7 tonight.,ham,35.0,,0,1,0.037037037037037035
10210,Are you free this weekend? We could watch a movie.,ham,50.0,10.0,0,0,0.05128205128205128
11242,Congratulations! You have won a free prize. Claim your reward now! Call 9876543210,spam,82.0,13.0,0,1,0.07017543859649122
10231,"Hey, are we still meeting for lunch today?",ham,42.0,8.0,0,0,0.030303030303030304
11466,I have attached the document we discussed.,ham,42.0,7.0,0,0,0.02857142857142857
11944,I will reach home around 7 tonight. Have a good day.,ham,52.0,11.0,0,1,0.05128205128205128
11871,Can you send me the notes from yesterday's meeting? See you soon.,ham,65.0,12.0,0,0,0.0392156862745098
11551,The meeting has been moved to tomorrow morning.,ham,47.0,8.0,0,0,0.02564102564102564
11457,Can you send me the notes from yesterday's meeting? Thanks!,ham,59.0,10.0,0,0,0.0425531914893617
11460,Please remember to buy milk on your way home.,ham,45.0,9.0,0,0,0.027777777777777776
10305,Let me know when you arrive. Thanks!,ham,36.0,7.0,0,0,0.07142857142857142
11120,Are you free this weekend? We could watch a movie.,ham,50.0,10.0,0,0,0.05128205128205128
10211,"Hey, are we still meeting for lunch today?",ham,42.0,8.0,0,0,0.030303030303030304
10070,URGENT! You have been selected for a cash reward. Click the link to claim.,spam,74.0,14.0,0,0,0.13793103448275862
10111,The meeting has been moved to tomorrow morning.,ham,47.0,8.0,0,0,0.02564102564102564
10422,Congratulations! You have won a free prize. Claim your reward now!,spam,66.0,11.0,0,0,0.05660377358490566
11652,,ham,,8.0,0,0,0.02564102564102564
10316,,ham,53.0,10.0,0,0,0.04878048780487805
11672,"Hey, are we still meeting for lunch today? Thanks for letting me know.",ham,70.0,13.0,0,0,0.03636363636363636
11660,Thanks for helping me with the project yesterday.,ham,49.0,8.0,0,0,0.024390243902439025
11556,Please remember to buy milk on your way home. Thanks for letting me know.,ham,73.0,14.0,0,0,0.034482758620689655
10297,Let me know when you arrive. Thanks for letting me know.,ham,56.0,11.0,0,0,0.045454545454545456
10943,I will reach home around 7 tonight.,ham,35.0,7.0,0,1,0.037037037037037035
11492,I will reach home around 7 tonight. Have a good day.,ham,52.0,11.0,0,1,0.05128205128205128
10344,I have attached the document we discussed.,ham,42.0,7.0,0,0,0.02857142857142857
11289,URGENT! You have been selected for a cash reward. Click the link to claim. http://free-reward.example,spam,101.0,15.0,1,0,0.10126582278481013
10561,Let me know when you arrive. See you tomorrow.,ham,46.0,9.0,0,0,0.05555555555555555
11288,Exclusive offer! Get a FREE gift today. Limited time only. Click now!,spam,69.0,12.0,0,0,0.14814814814814814
11412,Exclusive offer! Get a FREE gift today. Limited time only. Act immediately,spam,74.0,12.0,0,0,0.13333333333333333
10298,Please remember to buy milk on your way home.,ham,45.0,9.0,0,0,0.027777777777777776
11067,You have WON a guaranteed prize. Call now to receive your money. Reply YES to claim,spam,83.0,16.0,0,0,0.13636363636363635
10922,,ham,50.0,10.0,0,0,0.05128205128205128
10471,I will reach home around 7 tonight.,ham,35.0,7.0,0,1,0.037037037037037035
11290,Congratulations winner! Claim your cash bonus before it expires. Visit http://claim-now.example,spam,95.0,11.0,1,0,0.038461538461538464
11731,Congratulations on your promotion! See you at the office tomorrow.,ham,66.0,10.0,0,0,0.02857142857142857
11562,Limited offer! Get 70% OFF today. Click here before the offer expires. Act immediately,spam,86.0,14.0,0,1,0.1044776119402985
11491,The meeting has been moved to tomorrow morning.,ham,47.0,8.0,0,0,0.02564102564102564
11249,WINNER! Your number has been selected for a fantastic cash prize. http://free-reward.example,spam,92.0,12.0,1,0,0.0945945945945946
10069,Are you free this weekend? We could watch a movie.,ham,50.0,10.0,0,0,0.05128205128205128
10584,,ham,56.0,11.0,0,0,0.045454545454545456
11483,I have attached the document we discussed.,ham,42.0,7.0,0,0,0.02857142857142857
10859,Your reward points statement is available. Thanks.,ham,50.0,7.0,0,0,0.024390243902439025
11503,I have attached the document we discussed. Thanks for letting me know.,ham,70.0,12.0,0,0,0.03508771929824561
10099,Limited offer! Get 70% OFF today. Click here before the offer expires. Call 9876543210,spam,86.0,14.0,0,1,0.12280701754385964
11753,Congratulations winner! Claim your cash bonus before it expires. Visit http://claim-now.example Offer expires today,spam,115.0,14.0,1,0,0.042105263157894736
11987,Please remember to buy milk on your way home.,ham,45.0,9.0,0,0,0.027777777777777776
10788,Let me know when you arrive. Let me know.,ham,41.0,9.0,0,0,0.06451612903225806
11541,WINNER! Your number has been selected for a fantastic cash prize. Visit http://claim-now.example,spam,96.0,13.0,1,0,0.1038961038961039
11094,The meeting has been moved to tomorrow morning.,ham,47.0,8.0,0,0,0.02564102564102564
10727,Can you send me the notes from yesterday's meeting?,ham,51.0,9.0,0,0,0.024390243902439025
11010,I will reach home around 7 tonight.,ham,35.0,7.0,0,1,0.037037037037037035
11628,Limited offer! Get 70% OFF today. Click here before the offer expires. Reply YES to claim Call 1800123456,spam,105.0,18.0,0,1,0.1527777777777778
10307,Please remember to buy milk on your way home. Take care.,ham,56.0,11.0,0,0,0.045454545454545456
10932,Are you free this weekend? We could watch a movie.,ham,50.0,10.0,0,0,0.05128205128205128
10765,Don't forget about the appointment tomorrow.,ham,44.0,6.0,0,0,0.02702702702702703
10861,Can you send me the notes from yesterday's meeting? Talk to you later.,ham,70.0,13.0,0,0,0.03636363636363636
11177,Are you free this weekend? We could watch a movie. See you tomorrow.,ham,68.0,13.0,0,0,0.05660377358490566
10808,Don't forget about the appointment tomorrow. Take care.,ham,55.0,8.0,0,0,0.044444444444444446
11956,I have attached the document we discussed.,ham,42.0,7.0,0,0,0.02857142857142857
11743,Congratulations winner! Claim your cash bonus before it expires. Act immediately,spam,80.0,11.0,0,0,0.04411764705882353
11381,You have been chosen for a FREE vacation. Claim now. http://free-reward.example,spam,79.0,11.0,1,0,0.0967741935483871
10324,Thanks for helping me with the project yesterday.,ham,49.0,8.0,0,0,0.024390243902439025
10393,You have been chosen for a FREE vacation. Claim now. Click now!,spam,63.0,12.0,0,0,0.14285714285714285
10787,The meeting has been moved to tomorrow morning. Thanks for letting me know.,ham,75.0,13.0,0,0,0.03278688524590164
10414,Congratulations on your promotion! See you at the office tomorrow.,ham,66.0,10.0,0,0,0.041666666666666664
10237,Let me know when you arrive.,ham,28.0,6.0,0,0,0.045454545454545456
10420,I will reach home around 7 tonight.,ham,35.0,7.0,0,1,0.037037037037037035
10382,Can you send me the notes from yesterday's meeting? Let me know.,ham,64.0,12.0,0,0,0.04
10988,Let me know when you arrive. See you tomorrow.,ham,46.0,9.0,0,0,0.05555555555555555
11613,You have WON a guaranteed prize. Call now to receive your money. Act immediately,spam,80.0,14.0,0,0,0.09230769230769231
11694,Your account statement is ready. Please check the attached document.,ham,68.0,10.0,0,0,0.03636363636363636
10744,Let me know when you arrive.,ham,28.0,6.0,0,0,0.045454545454545456
10931,I have attached the document we discussed.,ham,42.0,,0,0,0.02857142857142857
11053,The meeting has been moved to tomorrow morning. Thanks for letting me know.,ham,75.0,13.0,0,0,0.03278688524590164
11334,"Hey, are we still meeting for lunch today? Thanks!",ham,50.0,9.0,0,0,0.05128205128205128
10256,Can you send me the notes from yesterday's meeting? Let me know.,ham,64.0,12.0,0,0,0.04
11742,Are you free this weekend? We could watch a movie.,ham,50.0,10.0,0,0,0.05128205128205128
10692,I will reach home around 7 tonight. Let me know.,ham,48.0,10.0,0,1,0.05555555555555555
11307,Can you send me the notes from yesterday's meeting? See you soon.,ham,65.0,12.0,0,0,0.0392156862745098
10619,Please remember to buy milk on your way home.,ham,45.0,9.0,0,0,0.027777777777777776
11208,Let me know when you arrive.,ham,28.0,6.0,0,0,0.045454545454545456
11587,Can you send me the notes from yesterday's meeting? Thanks for letting me know.,ham,79.0,14.0,0,0,0.031746031746031744
10757,URGENT: Your reward is waiting. Confirm your details immediately. Reply YES to claim,spam,84.0,13.0,0,0,0.17391304347826086
10613,Congratulations! You have won a free prize. Claim your reward now!,spam,66.0,11.0,0,0,0.05660377358490566
11667,Limited offer! Get 70% OFF today. Click here before the offer expires. Offer expires today,spam,90.0,15.0,0,1,0.1
11737,Please remember to buy milk on your way home.,ham,45.0,9.0,0,0,0.027777777777777776
10480,Don't forget about the appointment tomorrow. See you soon.,ham,58.0,9.0,0,0,0.0425531914893617
11309,Don't forget about the appointment tomorrow.,ham,44.0,6.0,0,0,0.02702702702702703
10538,Thanks for helping me with the project yesterday. Have a good day.,ham,66.0,12.0,0,0,0.03773584905660377
10976,Thanks for helping me with the project yesterday. Thanks for letting me know.,ham,77.0,13.0,0,0,0.031746031746031744
10755,You have been chosen for a FREE vacation. Claim now. Act immediately Call 9876543210,spam,84.0,14.0,0,1,0.13559322033898305
10903,Don't forget about the appointment tomorrow. Talk to you later.,ham,63.0,10.0,0,0,0.0392156862745098
10832,I will reach home around 7 tonight. Let me know.,ham,48.0,10.0,0,1,0.05555555555555555
10904,Limited offer! Get 70% OFF today. Click here before the offer expires. Click now!,spam,81.0,14.0,0,1,0.11475409836065574
11272,Are you free this weekend? We could watch a movie.,ham,50.0,10.0,0,0,0.05128205128205128
10607,URGENT! You have been selected for a cash reward. Click the link to claim.,spam,74.0,14.0,0,0,0.13793103448275862
10693,I will reach home around 7 tonight. Thanks!,ham,43.0,8.0,0,1,0.06060606060606061
11885,Are you free this weekend? We could watch a movie. Thanks for letting me know.,ham,78.0,15.0,0,0,0.04918032786885246
11532,URGENT! You have been selected for a cash reward. Click the link to claim. Act immediately,spam,90.0,,0,0,0.125
10115,URGENT: Your reward is waiting. Confirm your details immediately. http://free-reward.example,spam,92.0,10.0,1,0,0.10666666666666667
10591,Limited offer! Get 70% OFF today. Click here before the offer expires. Visit http://claim-now.example,spam,101.0,14.0,1,1,0.09090909090909091
11841,Are you free this weekend? We could watch a movie. Talk to you later.,ham,69.0,14.0,0,0,0.05660377358490566
10938,URGENT! You have been selected for a cash reward. Click the link to claim. Act immediately,spam,90.0,16.0,0,0,0.125
11654,Are you free this weekend? We could watch a movie. Thanks!,ham,58.0,11.0,0,0,0.06666666666666667
10581,Are you free this weekend? We could watch a movie. See you soon.,ham,64.0,13.0,0,0,0.061224489795918366
10251,Let me know when you arrive.,ham,28.0,6.0,0,0,0.045454545454545456
11033,Please remember to buy milk on your way home. See you tomorrow.,ham,63.0,12.0,0,0,0.04
11235,URGENT! You have been selected for a cash reward. Click the link to claim.,spam,74.0,,0,0,0.13793103448275862
11310,Let me know when you arrive.,ham,28.0,6.0,0,0,0.045454545454545456
10352,I have attached the document we discussed.,ham,42.0,7.0,0,0,0.02857142857142857
10548,I have attached the document we discussed.,ham,42.0,7.0,0,0,0.02857142857142857
10120,Thanks for helping me with the project yesterday.,ham,49.0,8.0,0,0,0.024390243902439025
11510,Don't forget about the appointment tomorrow. Let me know.,ham,57.0,9.0,0,0,0.043478260869565216
10289,URGENT! You have been selected for a cash reward. Click the link to claim. http://free-reward.example,spam,101.0,,1,0,0.10126582278481013
11222,I have attached the document we discussed.,ham,42.0,7.0,0,0,0.02857142857142857
11563,,ham,68.0,12.0,0,0,0.03636363636363636
10212,,ham,67.0,14.0,0,0,0.058823529411764705
10135,Can you send me the notes from yesterday's meeting? See you soon.,ham,65.0,12.0,0,0,0.0392156862745098
11330,Please remember to buy milk on your way home. Thanks!,ham,53.0,10.0,0,0,0.047619047619047616
11626,You have been chosen for a FREE vacation. Claim now. Visit http://claim-now.example,spam,83.0,12.0,1,0,0.1076923076923077
11555,URGENT: Your reward is waiting. Confirm your details immediately.,spam,65.0,9.0,0,0,0.14814814814814814
10351,Please remember to buy milk on your way home. Talk to you later.,ham,64.0,13.0,0,0,0.04
11179,Don't forget about the appointment tomorrow. Let me know.,ham,57.0,9.0,0,0,0.043478260869565216
10736,Thanks for helping me with the project yesterday. See you tomorrow.,ham,67.0,11.0,0,0,0.03636363636363636
10730,Please remember to buy milk on your way home. Take care.,ham,56.0,11.0,0,0,0.045454545454545456
10674,Please remember to buy milk on your way home. See you tomorrow.,ham,63.0,12.0,0,0,0.04
10109,Are you free this weekend? We could watch a movie.,ham,50.0,10.0,0,0,0.05128205128205128
11774,The meeting has been moved to tomorrow morning. Talk to you later.,ham,66.0,12.0,0,0,0.03773584905660377
11939,WINNER! Your number has been selected for a fantastic cash prize. http://free-reward.example Reply YES to claim,spam,111.0,16.0,1,0,0.12359550561797752
10275,Please remember to buy milk on your way home. Talk to you later.,ham,64.0,13.0,0,0,0.04
11379,"Hey, are we still meeting for lunch today? Talk to you later.",ham,61.0,12.0,0,0,0.0425531914893617
11467,Don't forget about the appointment tomorrow. Have a good day.,ham,61.0,10.0,0,0,0.04081632653061224
11175,I will reach home around 7 tonight.,ham,35.0,7.0,0,1,0.037037037037037035
11289,URGENT! You have been selected for a cash reward. Click the link to claim. http://free-reward.example,spam,101.0,15.0,1,0,0.10126582278481013
11502,You are eligible for a special reward. Visit the link immediately. Click now! Offer expires today,spam,97.0,16.0,0,0,0.05063291139240506
10982,Are you free this weekend? We could watch a movie.,ham,50.0,10.0,0,0,0.05128205128205128
10342,Thanks for helping me with the project yesterday.,ham,49.0,8.0,0,0,0.024390243902439025
10785,Thanks for helping me with the project yesterday.,ham,49.0,,0,0,0.024390243902439025
10507,"Hey, are we still meeting for lunch today?",ham,42.0,8.0,0,0,0.030303030303030304
10354,Don't forget about the appointment tomorrow.,ham,44.0,6.0,0,0,0.02702702702702703
10745,"Hey, are we still meeting for lunch today? See you tomorrow.",ham,60.0,11.0,0,0,0.0425531914893617
11114,Congratulations! You have won a free prize. Claim your reward now! Visit http://claim-now.example,spam,97.0,13.0,1,0,0.05194805194805195
11374,Please remember to buy milk on your way home.,ham,45.0,9.0,0,0,0.027777777777777776
10483,The meeting has been moved to tomorrow morning. See you soon.,ham,61.0,11.0,0,0,0.04081632653061224
10254,Can you send me the notes from yesterday's meeting?,ham,51.0,9.0,0,0,0.024390243902439025
11821,The meeting has been moved to tomorrow morning. Thanks!,ham,55.0,,0,0,0.044444444444444446
10433,"Hey, are we still meeting for lunch today?",ham,42.0,8.0,0,0,0.030303030303030304
10544,Congratulations! You have won a free prize. Claim your reward now! Offer expires today,spam,86.0,14.0,0,0,0.05714285714285714
10306,You have WON a guaranteed prize. Call now to receive your money. Visit http://claim-now.example,spam,95.0,14.0,1,0,0.08
10427,"Hey, are we still meeting for lunch today?",ham,42.0,8.0,0,0,0.030303030303030304
10987,You have WON a guaranteed prize. Call now to receive your money. Click now! Act immediately,spam,91.0,16.0,0,0,0.0958904109589041
10275,Please remember to buy milk on your way home. Talk to you later.,ham,64.0,13.0,0,0,0.04
11803,I have attached the document we discussed. Thanks!,ham,50.0,8.0,0,0,0.04878048780487805
10567,URGENT! You have been selected for a cash reward. Click the link to claim. http://free-reward.example Offer expires today,spam,121.0,18.0,1,0,0.09375
11118,Are you free this weekend? We could watch a movie.,ham,50.0,10.0,0,0,0.05128205128205128
11839,Let me know when you arrive. Let me know.,ham,41.0,9.0,0,0,0.06451612903225806
11420,,spam,85.0,15.0,0,0,0.08695652173913043
10416,Don't forget about the appointment tomorrow. Let me know.,ham,57.0,9.0,0,0,0.043478260869565216
10239,Can you send me the notes from yesterday's meeting?,ham,51.0,9.0,0,0,0.024390243902439025
10432,Are you free this weekend? We could watch a movie. Talk to you later.,ham,69.0,14.0,0,0,0.05660377358490566
10049,,spam,70.0,12.0,0,1,0.11320754716981132
11370,I will reach home around 7 tonight.,ham,35.0,7.0,0,1,0.037037037037037035
10806,Can you send me the notes from yesterday's meeting? See you tomorrow.,ham,69.0,,0,0,0.03636363636363636
10270,I will reach home around 7 tonight.,ham,35.0,7.0,0,1,0.037037037037037035
11477,,ham,67.0,11.0,0,0,0.03636363636363636
11612,Can you send me the notes from yesterday's meeting?,ham,51.0,9.0,0,0,0.024390243902439025
11444,Please remember to buy milk on your way home. Thanks for letting me know.,ham,73.0,14.0,0,0,0.034482758620689655
10802,Thanks for helping me with the project yesterday.,ham,49.0,8.0,0,0,0.024390243902439025
11481,Please remember to buy milk on your way home.,ham,45.0,9.0,0,0,0.027777777777777776
10173,I have attached the document we discussed.,ham,,7.0,0,0,0.02857142857142857
10576,Please remember to buy milk on your way home. Thanks!,ham,53.0,10.0,0,0,0.047619047619047616
10812,Thanks for helping me with the project yesterday.,ham,49.0,8.0,0,0,0.024390243902439025
10321,You have been chosen for a FREE vacation. Claim now. Reply YES to claim,spam,71.0,14.0,0,0,0.17857142857142858
10247,WINNER! Your number has been selected for a fantastic cash prize.,spam,65.0,11.0,0,0,0.1320754716981132
10462,"Hey, are we still meeting for lunch today? Have a good day.",ham,59.0,12.0,0,0,0.044444444444444446
11937,Congratulations winner! Claim your cash bonus before it expires. Offer expires today,spam,84.0,12.0,0,0,0.04225352112676056
10617,Congratulations winner! Claim your cash bonus before it expires. Reply YES to claim,spam,83.0,13.0,0,0,0.08695652173913043
10023,Thanks for helping me with the project yesterday.,ham,49.0,8.0,0,0,0.024390243902439025
11856,Don't forget about the appointment tomorrow. Thanks!,ham,52.0,7.0,0,0,0.046511627906976744
10063,Don't forget about the appointment tomorrow. Thanks!,ham,52.0,7.0,0,0,0.046511627906976744
11009,Are you free this weekend? We could watch a movie.,ham,50.0,10.0,0,0,0.05128205128205128
10188,Can you send me the notes from yesterday's meeting? Thanks!,ham,,10.0,0,0,0.0425531914893617
10834,I will reach home around 7 tonight.,ham,35.0,7.0,0,1,0.037037037037037035
11340,I have attached the document we discussed. Take care.,ham,53.0,9.0,0,0,0.046511627906976744
11889,Please remember to buy milk on your way home. See you tomorrow.,ham,63.0,12.0,0,0,0.04
10367,Don't forget about the appointment tomorrow. Have a good day.,ham,61.0,10.0,0,0,0.04081632653061224
10281,WINNER! Your number has been selected for a fantastic cash prize. http://free-reward.example,spam,92.0,12.0,1,0,0.0945945945945946
11808,Are you free this weekend? We could watch a movie.,ham,50.0,10.0,0,0,0.05128205128205128
10519,I will reach home around 7 tonight.,ham,35.0,7.0,0,1,0.037037037037037035
10196,"Hey, are we still meeting for lunch today?",ham,42.0,8.0,0,0,0.030303030303030304
10582,Congratulations winner! Claim your cash bonus before it expires. Act immediately Act immediately,spam,96.0,13.0,0,0,0.04878048780487805
11945,Thanks for helping me with the project yesterday. See you tomorrow.,ham,67.0,11.0,0,0,0.03636363636363636
11029,"Hey, are we still meeting for lunch today?",ham,42.0,8.0,0,0,0.030303030303030304
11433,I have attached the document we discussed. Talk to you later.,ham,61.0,11.0,0,0,0.04081632653061224
11317,I have attached the document we discussed.,ham,42.0,7.0,0,0,0.02857142857142857
10100,Exclusive offer! Get a FREE gift today. Limited time only.,spam,58.0,10.0,0,0,0.15217391304347827
11674,Thanks for helping me with the project yesterday.,ham,49.0,8.0,0,0,0.024390243902439025
11084,You have WON a guaranteed prize. Call now to receive your money. Call 1800123456,spam,80.0,14.0,0,1,0.10909090909090909
11963,Don't forget about the appointment tomorrow. Have a good day.,ham,61.0,10.0,0,0,0.04081632653061224
10220,Are you free this weekend? We could watch a movie.,ham,50.0,10.0,0,0,0.05128205128205128
11343,I will reach home around 7 tonight.,ham,35.0,7.0,0,1,0.037037037037037035
11837,I will reach home around 7 tonight. Thanks for letting me know.,ham,63.0,12.0,0,1,0.04081632653061224
10478,Congratulations winner! Claim your cash bonus before it expires. http://free-reward.example,spam,91.0,10.0,1,0,0.02666666666666667
11063,The meeting has been moved to tomorrow morning. Talk to you later.,ham,66.0,12.0,0,0,0.03773584905660377
11258,I have attached the document we discussed.,ham,42.0,7.0,0,0,0.02857142857142857
11583,Please remember to buy milk on your way home.,ham,45.0,9.0,0,0,0.027777777777777776
10618,URGENT: Your reward is waiting. Confirm your details immediately. Act immediately Reply YES to claim,spam,100.0,15.0,0,0,0.1566265060240964
10670,URGENT: Your reward is waiting. Confirm your details immediately. Call 1800123456,spam,,11.0,0,1,0.15517241379310345
10845,Are you free this weekend? We could watch a movie. Thanks!,ham,58.0,11.0,0,0,0.06666666666666667
10654,Don't forget about the appointment tomorrow. Have a good day.,ham,61.0,10.0,0,0,0.04081632653061224
10694,"Hey, are we still meeting for lunch today?",ham,42.0,8.0,0,0,0.030303030303030304
10651,Please remember to buy milk on your way home.,ham,45.0,9.0,0,0,0.027777777777777776
11861,I have attached the document we discussed.,ham,42.0,7.0,0,0,0.02857142857142857
11299,Let me know when you arrive.,ham,28.0,6.0,0,0,0.045454545454545456
11647,Don't forget about the appointment tomorrow.,ham,44.0,6.0,0,0,0.02702702702702703
10909,Congratulations winner! Claim your cash bonus before it expires. http://free-reward.example,spam,91.0,10.0,1,0,0.02666666666666667
10368,URGENT! You have been selected for a cash reward. Click the link to claim. Offer expires today Call 9876543210,spam,110.0,19.0,0,1,0.12658227848101267
11490,WINNER! Your number has been selected for a fantastic cash prize. Call 9876543210,spam,81.0,13.0,0,1,0.14035087719298245
11281,"Hey, are we still meeting for lunch today? Let me know.",ham,55.0,11.0,0,0,0.047619047619047616
10078,I will reach home around 7 tonight. See you soon.,ham,49.0,10.0,0,1,0.05405405405405406
11004,"Hey, are we still meeting for lunch today? See you tomorrow.",ham,60.0,11.0,0,0,0.0425531914893617
10032,Are you free this weekend? We could watch a movie.,ham,50.0,10.0,0,0,0.05128205128205128
11546,URGENT! You have been selected for a cash reward. Click the link to claim. Visit http://claim-now.example,spam,105.0,16.0,1,0,0.10975609756097561
11007,You are eligible for a special reward. Visit the link immediately. Call 1800123456 Call 1800123456,spam,98.0,15.0,0,1,0.06451612903225806
11013,Let me know when you arrive. Let me know.,ham,41.0,9.0,0,0,0.06451612903225806
10583,Thanks for helping me with the project yesterday. Talk to you later.,ham,68.0,12.0,0,0,0.03636363636363636
10163,URGENT: Your reward is waiting. Confirm your details immediately. Call 9876543210 Call 1800123456,spam,97.0,13.0,0,1,0.16129032258064516
10203,Let me know when you arrive.,ham,28.0,6.0,0,0,0.045454545454545456
11524,The meeting has been moved to tomorrow morning. Thanks!,ham,55.0,9.0,0,0,0.044444444444444446
10438,Can you send me the notes from yesterday's meeting?,ham,51.0,9.0,0,0,0.024390243902439025
11344,Are you free this weekend? We could watch a movie. Thanks!,ham,58.0,11.0,0,0,0.06666666666666667
10921,"Hey, are we still meeting for lunch today? Thanks for letting me know.",ham,70.0,13.0,0,0,0.03636363636363636
11233,,ham,58.0,12.0,0,0,0.044444444444444446
11990,Don't forget about the appointment tomorrow. Take care.,ham,55.0,8.0,0,0,0.044444444444444446
11193,"Hey, are we still meeting for lunch today? Thanks for letting me know.",ham,70.0,13.0,0,0,0.03636363636363636
11405,I have attached the document we discussed. Have a good day.,ham,,11.0,0,0,0.0425531914893617
11089,I will reach home around 7 tonight.,ham,35.0,7.0,0,1,0.037037037037037035
11948,"Hey, are we still meeting for lunch today? Thanks!",ham,50.0,9.0,0,0,0.05128205128205128
10218,You have WON a guaranteed prize. Call now to receive your money. Call 1800123456,spam,80.0,14.0,0,1,0.10909090909090909
11955,Thanks for helping me with the project yesterday.,ham,49.0,8.0,0,0,0.024390243902439025
10873,Can you send me the notes from yesterday's meeting? Take care.,ham,62.0,11.0,0,0,0.04081632653061224
10772,Are you free this weekend? We could watch a movie. Talk to you later.,ham,69.0,14.0,0,0,0.05660377358490566
10361,Can you send me the notes from yesterday's meeting?,ham,51.0,9.0,0,0,0.024390243902439025
11090,Are you free this weekend? We could watch a movie.,ham,50.0,10.0,0,0,0.05128205128205128
10059,,ham,65.0,12.0,0,0,0.0392156862745098
11493,Don't forget about the appointment tomorrow. Take care.,ham,55.0,8.0,0,0,0.044444444444444446
10534,Thanks for helping me with the project yesterday. Thanks for letting me know.,ham,77.0,13.0,0,0,0.031746031746031744
10073,I have attached the document we discussed. See you soon.,ham,56.0,10.0,0,0,0.044444444444444446
10162,Please remember to buy milk on your way home. See you soon.,ham,59.0,12.0,0,0,0.043478260869565216
10743,Are you free this weekend? We could watch a movie. Talk to you later.,ham,69.0,14.0,0,0,0.05660377358490566
10529,URGENT! You have been selected for a cash reward. Click the link to claim. Reply YES to claim,spam,93.0,18.0,0,0,0.1643835616438356
11395,,ham,64.0,12.0,0,0,0.0392156862745098
11057,I have attached the document we discussed.,ham,42.0,7.0,0,0,0.02857142857142857
10599,Can you send me the notes from yesterday's meeting? Thanks for letting me know.,ham,79.0,14.0,0,0,0.031746031746031744
11234,You have been chosen for a FREE vacation. Claim now. Offer expires today Visit http://claim-now.example,spam,103.0,15.0,1,0,0.0975609756097561
10045,Thanks for helping me with the project yesterday. Let me know.,ham,62.0,11.0,0,0,0.04
11979,"Hey, are we still meeting for lunch today? See you tomorrow.",ham,60.0,11.0,0,0,0.0425531914893617
10353,,ham,51.0,9.0,0,0,0.024390243902439025
10526,Let me know when you arrive. See you soon.,ham,42.0,9.0,0,0,0.0625
10555,Please remember to buy milk on your way home. Take care.,ham,56.0,11.0,0,0,0.045454545454545456
10076,The meeting has been moved to tomorrow morning. Have a good day.,ham,64.0,12.0,0,0,0.0392156862745098
11941,URGENT! You have been selected for a cash reward. Click the link to claim. Visit http://claim-now.example,spam,105.0,16.0,1,0,0.10975609756097561
11431,Limited offer! Get 70% OFF today. Click here before the offer expires. Act immediately Offer expires today,spam,106.0,17.0,0,1,0.09523809523809523
11833,I have attached the document we discussed. See you soon.,ham,56.0,,0,0,0.044444444444444446
11964,The meeting has been moved to tomorrow morning. Thanks for letting me know.,ham,75.0,13.0,0,0,0.03278688524590164
11717,WINNER! Your number has been selected for a fantastic cash prize. Click now! Offer expires today,spam,96.0,,0,0,0.11538461538461539
11965,WINNER! Your number has been selected for a fantastic cash prize. http://free-reward.example,spam,92.0,12.0,1,0,0.0945945945945946
11701,Can you send me the notes from yesterday's meeting? Thanks for letting me know.,ham,79.0,14.0,0,0,0.031746031746031744
10030,Thanks for helping me with the project yesterday.,ham,49.0,8.0,0,0,0.024390243902439025
11758,Thanks for helping me with the project yesterday. Let me know.,ham,62.0,11.0,0,0,0.04
11531,Let me know when you arrive.,ham,28.0,6.0,0,0,0.045454545454545456
10374,Can you send me the notes from yesterday's meeting? Take care.,ham,62.0,11.0,0,0,0.04081632653061224
11220,I have attached the document we discussed.,ham,42.0,7.0,0,0,0.02857142857142857
10817,Can you send me the notes from yesterday's meeting? Take care.,ham,62.0,11.0,0,0,0.04081632653061224
10679,,ham,42.0,7.0,0,0,0.02857142857142857
11844,You are eligible for a special reward. Visit the link immediately.,spam,66.0,11.0,0,0,0.037037037037037035
11569,Congratulations winner! Claim your cash bonus before it expires. http://free-reward.example,spam,91.0,10.0,1,0,0.02666666666666667
11586,Thanks for helping me with the project yesterday.,ham,49.0,8.0,0,0,0.024390243902439025
10836,You have WON a guaranteed prize. Call now to receive your money. Call 9876543210 Visit http://claim-now.example,spam,111.0,16.0,1,1,0.08860759493670886
11592,Are you free this weekend? We could watch a movie. Thanks!,ham,58.0,11.0,0,0,0.06666666666666667
10044,Congratulations! You have won a free prize. Claim your reward now! Act immediately,spam,82.0,13.0,0,0,0.05970149253731343
10535,I have attached the document we discussed.,ham,42.0,7.0,0,0,0.02857142857142857
10168,Thanks for helping me with the project yesterday.,ham,49.0,8.0,0,0,0.024390243902439025
10303,The meeting has been moved to tomorrow morning.,ham,47.0,8.0,0,0,0.02564102564102564
11680,Limited offer! Get 70% OFF today. Click here before the offer expires. http://free-reward.example,spam,97.0,13.0,1,1,0.08108108108108109
10429,The meeting has been moved to tomorrow morning.,ham,47.0,8.0,0,0,0.02564102564102564
11949,Exclusive offer! Get a FREE gift today. Limited time only. http://free-reward.example Visit http://claim-now.example,spam,116.0,13.0,1,0,0.08791208791208792
11402,Don't forget about the appointment tomorrow. See you soon.,ham,58.0,9.0,0,0,0.0425531914893617
11432,I have attached the document we discussed. Thanks for letting me know.,ham,70.0,12.0,0,0,0.03508771929824561
10674,Please remember to buy milk on your way home. See you tomorrow.,ham,63.0,12.0,0,0,0.04
10394,Let me know when you arrive.,ham,28.0,6.0,0,0,0.045454545454545456
11632,I have attached the document we discussed.,ham,42.0,7.0,0,0,0.02857142857142857
10590,Don't forget about the appointment tomorrow. Have a good day.,ham,61.0,10.0,0,0,0.04081632653061224
11189,URGENT: Your reward is waiting. Confirm your details immediately.,spam,65.0,9.0,0,0,0.14814814814814814
10774,You are eligible for a special reward. Visit the link immediately. Call 9876543210 Click now!,spam,93.0,15.0,0,1,0.06060606060606061
11668,I will reach home around 7 tonight. Talk to you later.,ham,54.0,11.0,0,1,0.04878048780487805
11087,Let me know when you arrive. Talk to you later.,ham,47.0,10.0,0,0,0.05555555555555555
11036,Congratulations! You have won a free prize. Claim your reward now! Visit http://claim-now.example,spam,97.0,13.0,1,0,0.05194805194805195
10185,Let me know when you arrive.,ham,28.0,6.0,0,0,0.045454545454545456
11783,I have attached the document we discussed. Have a good day.,ham,59.0,11.0,0,0,0.0425531914893617
11338,I will reach home around 7 tonight. Take care.,ham,46.0,9.0,0,1,0.05714285714285714
11450,"Hey, are we still meeting for lunch today?",ham,42.0,8.0,0,0,0.030303030303030304
11640,Are you free this weekend? We could watch a movie. Have a good day.,ham,67.0,14.0,0,0,0.058823529411764705
10300,I have attached the document we discussed. Thanks!,ham,50.0,8.0,0,0,0.04878048780487805
11514,Congratulations winner! Claim your cash bonus before it expires. Visit http://claim-now.example,spam,95.0,11.0,1,0,0.038461538461538464
11909,Congratulations winner! Claim your cash bonus before it expires. Offer expires today,spam,84.0,12.0,0,0,0.04225352112676056
11386,Thanks for helping me with the project yesterday. Talk to you later.,ham,68.0,12.0,0,0,0.03636363636363636
11619,I have attached the document we discussed.,ham,42.0,7.0,0,0,0.02857142857142857
10869,Don't forget about the appointment tomorrow.,ham,44.0,6.0,0,0,0.02702702702702703
11957,Congratulations! You have won a free prize. Claim your reward now! Call 1800123456,spam,82.0,13.0,0,1,0.07017543859649122
11787,Don't forget about the appointment tomorrow. Take care.,ham,55.0,8.0,0,0,0.044444444444444446
11922,WINNER! Your number has been selected for a fantastic cash prize. Call 9876543210,spam,81.0,13.0,0,1,0.14035087719298245
10175,Can you send me the notes from yesterday's meeting?,ham,51.0,9.0,0,0,0.024390243902439025
11414,I have attached the document we discussed. See you tomorrow.,ham,60.0,10.0,0,0,0.04081632653061224
10746,Can you send me the notes from yesterday's meeting?,ham,51.0,9.0,0,0,0.024390243902439025
11629,You have WON a guaranteed prize. Call now to receive your money. Visit http://claim-now.example,spam,95.0,14.0,1,0,0.08
10123,I have attached the document we discussed.,ham,42.0,7.0,0,0,0.02857142857142857
10966,Don't forget about the appointment tomorrow. See you tomorrow.,ham,62.0,9.0,0,0,0.0392156862745098
11763,I will reach home around 7 tonight.,ham,35.0,7.0,0,1,0.037037037037037035
10941,URGENT! You have been selected for a cash reward. Click the link to claim.,spam,74.0,14.0,0,0,0.13793103448275862
10039,I have attached the document we discussed. Take care.,ham,,9.0,0,0,0.046511627906976744
10593,I have attached the document we discussed. Let me know.,ham,55.0,10.0,0,0,0.045454545454545456
10721,Let me know when you arrive.,ham,28.0,6.0,0,0,0.045454545454545456
10331,Thanks for helping me with the project yesterday.,ham,49.0,8.0,0,0,0.024390243902439025
10962,Let me know when you arrive.,ham,28.0,6.0,0,0,0.045454545454545456
10194,Let me know when you arrive. Thanks for letting me know.,ham,56.0,11.0,0,0,0.045454545454545456
10532,I will reach home around 7 tonight. Thanks for letting me know.,ham,63.0,12.0,0,1,0.04081632653061224
11339,Are you free this weekend? We could watch a movie. Take care.,ham,61.0,12.0,0,0,0.06382978723404255
11734,Can you send me the notes from yesterday's meeting?,ham,51.0,9.0,0,0,0.024390243902439025
10322,I have attached the document we discussed. Have a good day.,ham,59.0,11.0,0,0,0.0425531914893617
11211,I have attached the document we discussed. See you tomorrow.,ham,60.0,10.0,0,0,0.04081632653061224
10266,Exclusive offer! Get a FREE gift today. Limited time only. Call 1800123456 Act immediately,spam,90.0,14.0,0,1,0.140625
11293,Are you free this weekend? We could watch a movie. Have a good day.,ham,67.0,14.0,0,0,0.058823529411764705
11447,I have attached the document we discussed.,ham,42.0,7.0,0,0,0.02857142857142857
10067,You have been chosen for a FREE vacation. Claim now. Click now!,spam,63.0,12.0,0,0,0.14285714285714285
10968,Don't forget about the appointment tomorrow. Take care.,ham,55.0,8.0,0,0,0.044444444444444446
11605,Are you free this weekend? We could watch a movie. Take care.,ham,61.0,12.0,0,0,0.06382978723404255
11362,I have attached the document we discussed.,ham,42.0,7.0,0,0,0.02857142857142857
11975,Are you free this weekend? We could watch a movie.,ham,50.0,10.0,0,0,0.05128205128205128
10514,Limited offer! Get 70% OFF today. Click here before the offer expires.,spam,,,0,1,0.11320754716981132
11329,"Hey, are we still meeting for lunch today?",ham,42.0,8.0,0,0,0.030303030303030304
11428,Exclusive offer! Get a FREE gift today. Limited time only. Act immediately Reply YES to claim,spam,93.0,16.0,0,0,0.16
11118,Are you free this weekend? We could watch a movie.,ham,50.0,10.0,0,0,0.05128205128205128
11352,"You won the office quiz! Congratulations, see you tomorrow.",ham,59.0,9.0,0,0,0.041666666666666664
11552,Exclusive offer! Get a FREE gift today. Limited time only.,spam,58.0,10.0,0,0,0.15217391304347827
11785,I will reach home around 7 tonight.,ham,35.0,7.0,0,1,0.037037037037037035
11653,URGENT: Your reward is waiting. Confirm your details immediately. Call 9876543210 Visit http://claim-now.example,spam,112.0,13.0,1,1,0.12195121951219512
10706,You have been chosen for a FREE vacation. Claim now. Call 9876543210 http://free-reward.example,spam,95.0,13.0,1,1,0.10606060606060606
10585,URGENT: Your reward is waiting. Confirm your details immediately.,spam,65.0,9.0,0,0,0.14814814814814814
11673,You have WON a guaranteed prize. Call now to receive your money. Reply YES to claim,spam,83.0,16.0,0,0,0.13636363636363635
10637,I will reach home around 7 tonight.,ham,35.0,7.0,0,1,0.037037037037037035
11456,I will reach home around 7 tonight.,ham,35.0,7.0,0,1,0.037037037037037035
11549,Congratulations winner! Claim your cash bonus before it expires. http://free-reward.example,spam,91.0,10.0,1,0,0.02666666666666667
11835,"Hey, are we still meeting for lunch today?",ham,42.0,8.0,0,0,0.030303030303030304
11823,Your account statement is ready. Please check the attached document.,ham,68.0,10.0,0,0,0.03773584905660377
10680,URGENT! You have been selected for a cash reward. Click the link to claim. Reply YES to claim,spam,93.0,18.0,0,0,0.1643835616438356
11773,Are you free this weekend? We could watch a movie. See you tomorrow.,ham,68.0,13.0,0,0,0.05660377358490566
11302,URGENT: Your reward is waiting. Confirm your details immediately. Call 9876543210,spam,81.0,11.0,0,1,0.15517241379310345
11752,Exclusive offer! Get a FREE gift today. Limited time only. Visit http://claim-now.example,spam,89.0,12.0,1,0,0.11428571428571428
10759,Don't forget about the appointment tomorrow. Let me know.,ham,57.0,9.0,0,0,0.043478260869565216
11239,"Hey, are we still meeting for lunch today?",ham,42.0,8.0,0,0,0.030303030303030304
10261,WINNER! Your number has been selected for a fantastic cash prize. Call 1800123456 Visit http://claim-now.example,spam,112.0,15.0,1,1,0.1111111111111111
10464,I have attached the document we discussed. Thanks!,ham,50.0,8.0,0,0,0.04878048780487805
10985,Don't forget about the appointment tomorrow.,ham,44.0,6.0,0,0,0.02702702702702703
10240,Congratulations winner! Claim your cash bonus before it expires. Visit http://claim-now.example,spam,95.0,11.0,1,0,0.038461538461538464
11284,The meeting has been moved to tomorrow morning.,ham,47.0,8.0,0,0,0.02564102564102564
11928,I will reach home around 7 tonight. Let me know.,ham,48.0,10.0,0,1,0.05555555555555555
11952,Can you send me the notes from yesterday's meeting? See you soon.,ham,65.0,12.0,0,0,0.0392156862745098
11399,Let me know when you arrive. Have a good day.,ham,45.0,10.0,0,0,0.058823529411764705
10610,Don't forget about the appointment tomorrow.,ham,44.0,6.0,0,0,0.02702702702702703
10365,Thanks for helping me with the project yesterday.,ham,49.0,8.0,0,0,0.024390243902439025
11034,Are you free this weekend? We could watch a movie. Take care.,ham,61.0,12.0,0,0,0.06382978723404255
11255,I will reach home around 7 tonight. Take care.,ham,46.0,9.0,0,1,0.05714285714285714
10596,The meeting has been moved to tomorrow morning.,ham,47.0,8.0,0,0,0.02564102564102564
11050,Congratulations winner! Claim your cash bonus before it expires. http://free-reward.example,spam,91.0,10.0,1,0,0.02666666666666667
11274,I will reach home around 7 tonight.,ham,35.0,7.0,0,1,0.037037037037037035
10588,Can you send me the notes from yesterday's meeting?,ham,51.0,9.0,0,0,0.024390243902439025
10071,The meeting has been moved to tomorrow morning.,ham,47.0,8.0,0,0,0.02564102564102564
10650,Can you send me the notes from yesterday's meeting?,ham,51.0,9.0,0,0,0.024390243902439025
10259,Thanks for helping me with the project yesterday.,ham,49.0,8.0,0,0,0.024390243902439025
10051,I have attached the document we discussed. Talk to you later.,ham,61.0,11.0,0,0,0.04081632653061224
10198,The meeting has been moved to tomorrow morning.,ham,47.0,8.0,0,0,0.02564102564102564
10950,Can you send me the notes from yesterday's meeting?,ham,51.0,9.0,0,0,0.024390243902439025
10915,Don't forget about the appointment tomorrow. Thanks for letting me know.,ham,72.0,11.0,0,0,0.03389830508474576
10332,Don't forget about the appointment tomorrow. See you soon.,ham,58.0,9.0,0,0,0.0425531914893617
11376,You have WON a guaranteed prize. Call now to receive your money. Reply YES to claim,spam,83.0,16.0,0,0,0.13636363636363635
10780,Don't forget about the appointment tomorrow. Thanks for letting me know.,ham,72.0,11.0,0,0,0.03389830508474576
10450,Congratulations winner! Claim your cash bonus before it expires. Call 1800123456,spam,80.0,11.0,0,1,0.05172413793103448
10543,Are you free this weekend? We could watch a movie. Let me know.,ham,63.0,13.0,0,0,0.0625
11263,Don't forget about the appointment tomorrow. Thanks!,ham,52.0,7.0,0,0,0.046511627906976744
10479,I have attached the document we discussed. Thanks!,ham,50.0,8.0,0,0,0.04878048780487805
10914,Are you free this weekend? We could watch a movie.,ham,50.0,10.0,0,0,0.05128205128205128
11429,Thanks for helping me with the project yesterday.,ham,49.0,8.0,0,0,0.024390243902439025
10710,I have attached the document we discussed.,ham,42.0,7.0,0,0,0.02857142857142857
10426,I have attached the document we discussed. Thanks!,ham,50.0,8.0,0,0,0.04878048780487805
10923,Let me know when you arrive. Thanks!,ham,36.0,7.0,0,0,0.07142857142857142
11516,Thanks for helping me with the project yesterday.,ham,49.0,8.0,0,0,0.024390243902439025
10620,Don't forget about the appointment tomorrow.,ham,44.0,6.0,0,0,0.02702702702702703
10998,Congratulations winner! Claim your cash bonus before it expires. Call 1800123456,spam,80.0,11.0,0,1,0.05172413793103448
10353,,ham,51.0,9.0,0,0,0.024390243902439025
10485,Congratulations winner! Claim your cash bonus before it expires.,spam,64.0,9.0,0,0,0.037037037037037035
10733,Thanks for helping me with the project yesterday.,ham,49.0,8.0,0,0,0.024390243902439025
10398,Limited offer! Get 70% OFF today. Click here before the offer expires. http://free-reward.example,spam,97.0,13.0,1,1,0.08108108108108109
11165,Let me know when you arrive.,ham,28.0,6.0,0,0,0.045454545454545456
10436,Can you send me the notes from yesterday's meeting?,ham,51.0,9.0,0,0,0.024390243902439025
10192,Are you free this weekend? We could watch a movie.,ham,50.0,10.0,0,0,0.05128205128205128
11452,Let me know when you arrive. Let me know.,ham,41.0,,0,0,0.06451612903225806
11897,I will reach home around 7 tonight.,ham,35.0,7.0,0,1,0.037037037037037035
10292,Let me know when you arrive. See you tomorrow.,ham,46.0,9.0,0,0,0.05555555555555555
10486,URGENT: Your reward is waiting. Confirm your details immediately.,spam,65.0,9.0,0,0,0.14814814814814814
10630,Please remember to buy milk on your way home. Talk to you later.,ham,64.0,13.0,0,0,0.04
10818,URGENT! You have been selected for a cash reward. Click the link to claim. Reply YES to claim,spam,93.0,18.0,0,0,0.1643835616438356
11600,Can you send me the notes from yesterday's meeting? Let me know.,ham,64.0,12.0,0,0,0.04
11759,Please remember to buy milk on your way home. Take care.,ham,56.0,,0,0,0.045454545454545456
10141,Exclusive offer! Get a FREE gift today. Limited time only. Call 1800123456,spam,74.0,12.0,0,1,0.16
11991,Are you free this weekend? We could watch a movie. Talk to you later.,ham,69.0,14.0,0,0,0.05660377358490566
10002,Congratulations winner! Claim your cash bonus before it expires. Reply YES to claim Reply YES to claim,spam,102.0,17.0,0,0,0.11904761904761904
10771,Thanks for helping me with the project yesterday. Thanks for letting me know.,ham,77.0,13.0,0,0,0.031746031746031744
11894,Thanks for helping me with the project yesterday.,ham,49.0,8.0,0,0,0.024390243902439025
11173,Are you free this weekend? We could watch a movie.,ham,50.0,10.0,0,0,0.05128205128205128
10339,Please remember to buy milk on your way home. Thanks for letting me know.,ham,73.0,14.0,0,0,0.034482758620689655
10973,Let me know when you arrive.,ham,28.0,6.0,0,0,0.045454545454545456
10408,The meeting has been moved to tomorrow morning.,ham,47.0,8.0,0,0,0.02564102564102564
11335,I have attached the document we discussed.,ham,42.0,7.0,0,0,0.02857142857142857
10265,Congratulations! You have won a free prize. Claim your reward now! Offer expires today Offer expires today,spam,106.0,17.0,0,0,0.05747126436781609
10376,I will reach home around 7 tonight. Take care.,ham,46.0,9.0,0,1,0.05714285714285714
11078,You have WON a guaranteed prize. Call now to receive your money.,spam,,12.0,0,0,0.09803921568627451
10482,Don't forget about the appointment tomorrow.,ham,44.0,6.0,0,0,0.02702702702702703
10439,Don't forget about the appointment tomorrow. See you soon.,ham,58.0,9.0,0,0,0.0425531914893617
10271,URGENT! You have been selected for a cash reward. Click the link to claim.,spam,74.0,14.0,0,0,0.13793103448275862
10184,Don't forget about the appointment tomorrow.,ham,,6.0,0,0,0.02702702702702703
11424,Don't forget about the appointment tomorrow. Have a good day.,ham,61.0,10.0,0,0,0.04081632653061224
10244,Are you free this weekend? We could watch a movie.,ham,50.0,10.0,0,0,0.05128205128205128
10554,Exclusive offer! Get a FREE gift today. Limited time only. Reply YES to claim Call 1800123456,spam,93.0,16.0,0,1,0.18461538461538463
10530,URGENT! You have been selected for a cash reward. Click the link to claim. http://free-reward.example,spam,101.0,15.0,1,0,0.10126582278481013
10445,Don't forget about the appointment tomorrow.,ham,44.0,6.0,0,0,0.02702702702702703
11407,Congratulations! You have won a free prize. Claim your reward now!,spam,66.0,11.0,0,0,0.05660377358490566
11331,"Hey, are we still meeting for lunch today? Take care.",ham,53.0,10.0,0,0,0.04878048780487805
11040,Don't forget about the appointment tomorrow.,ham,44.0,6.0,0,0,0.02702702702702703
10926,You have WON a guaranteed prize. Call now to receive your money. Offer expires today,spam,84.0,15.0,0,0,0.08823529411764706
10900,Thanks for helping me with the project yesterday.,ham,49.0,8.0,0,0,0.024390243902439025
10965,WINNER! Your number has been selected for a fantastic cash prize. Click now!,spam,76.0,13.0,0,0,0.13114754098360656
10415,I have attached the document we discussed. Let me know.,ham,55.0,10.0,0,0,0.045454545454545456
10273,Can you send me the notes from yesterday's meeting? Have a good day.,ham,68.0,13.0,0,0,0.03773584905660377
10741,Can you send me the notes from yesterday's meeting? Thanks!,ham,59.0,10.0,0,0,0.0425531914893617
11616,You are eligible for a special reward. Visit the link immediately.,spam,66.0,11.0,0,0,0.037037037037037035
11472,WINNER! Your number has been selected for a fantastic cash prize. http://free-reward.example,spam,92.0,12.0,1,0,0.0945945945945946
10250,Thanks for helping me with the project yesterday. See you soon.,ham,63.0,11.0,0,0,0.0392156862745098
10413,Let me know when you arrive. Talk to you later.,ham,47.0,10.0,0,0,0.05555555555555555
11573,WINNER! Your number has been selected for a fantastic cash prize. Act immediately,spam,81.0,13.0,0,0,0.11940298507462686
11323,I have attached the document we discussed.,ham,42.0,7.0,0,0,0.02857142857142857
10936,Let me know when you arrive. See you tomorrow.,ham,46.0,9.0,0,0,0.05555555555555555
10310,You are eligible for a special reward. Visit the link immediately.,spam,66.0,11.0,0,0,0.037037037037037035
10579,I will reach home around 7 tonight. Let me know.,ham,48.0,10.0,0,1,0.05555555555555555
10381,Are you free this weekend? We could watch a movie. Have a good day.,ham,67.0,14.0,0,0,0.058823529411764705
11383,Thanks for helping me with the project yesterday. See you tomorrow.,ham,67.0,11.0,0,0,0.03636363636363636
10425,Congratulations! You have won a free prize. Claim your reward now! Offer expires today Visit http://claim-now.example,spam,117.0,16.0,1,0,0.05319148936170213
11972,Let me know when you arrive. See you soon.,ham,42.0,9.0,0,0,0.0625
11915,Can you send me the notes from yesterday's meeting?,ham,51.0,9.0,0,0,0.024390243902439025
11161,Congratulations winner! Claim your cash bonus before it expires. Call 9876543210,spam,80.0,11.0,0,1,0.05172413793103448
10777,"Hey, are we still meeting for lunch today? Thanks!",ham,50.0,9.0,0,0,0.05128205128205128
11689,URGENT: Your reward is waiting. Confirm your details immediately. http://free-reward.example,spam,92.0,10.0,1,0,0.10666666666666667
10704,Can you send me the notes from yesterday's meeting? Thanks for letting me know.,ham,79.0,14.0,0,0,0.031746031746031744
11812,Congratulations! You have won a free prize. Claim your reward now! Call 9876543210 Click now!,spam,93.0,,0,1,0.07692307692307693
10570,Let me know when you arrive. Take care.,ham,39.0,8.0,0,0,0.06666666666666667
11265,I have attached the document we discussed. Thanks for letting me know.,ham,70.0,12.0,0,0,0.03508771929824561
10182,I will reach home around 7 tonight. Thanks for letting me know.,ham,63.0,12.0,0,1,0.04081632653061224
10170,Limited offer! Get 70% OFF today. Click here before the offer expires.,spam,70.0,12.0,0,1,0.11320754716981132
11530,Are you free this weekend? We could watch a movie.,ham,50.0,10.0,0,0,0.05128205128205128
11790,Exclusive offer! Get a FREE gift today. Limited time only. Offer expires today,spam,78.0,13.0,0,0,0.12698412698412698
11901,Are you free this weekend? We could watch a movie. Thanks for letting me know.,ham,78.0,15.0,0,0,0.04918032786885246
11671,Are you free this weekend? We could watch a movie.,ham,50.0,10.0,0,0,0.05128205128205128
11744,Let me know when you arrive. Talk to you later.,ham,47.0,10.0,0,0,0.05555555555555555
10272,Congratulations winner! Claim your cash bonus before it expires. Act immediately,spam,80.0,11.0,0,0,0.04411764705882353
11568,Thanks for helping me with the project yesterday. See you tomorrow.,ham,67.0,11.0,0,0,0.03636363636363636
10701,I will reach home around 7 tonight.,ham,35.0,,0,1,0.037037037037037035
10942,Are you free this weekend? We could watch a movie.,ham,50.0,10.0,0,0,0.05128205128205128
10371,Are you free this weekend? We could watch a movie.,ham,50.0,10.0,0,0,0.05128205128205128
10222,The meeting has been moved to tomorrow morning.,ham,47.0,8.0,0,0,0.02564102564102564
11237,URGENT: Your reward is waiting. Confirm your details immediately. Reply YES to claim,spam,84.0,13.0,0,0,0.17391304347826086
11718,You have WON a guaranteed prize. Call now to receive your money. Visit http://claim-now.example,spam,95.0,14.0,1,0,0.08
11474,"Hey, are we still meeting for lunch today? Talk to you later.",ham,61.0,12.0,0,0,0.0425531914893617
10518,Let me know when you arrive.,ham,,6.0,0,0,0.045454545454545456
10334,Thanks for helping me with the project yesterday.,ham,49.0,8.0,0,0,0.024390243902439025
10705,Limited offer! Get 70% OFF today. Click here before the offer expires. Act immediately,spam,86.0,14.0,0,1,0.1044776119402985
11181,Are you free this weekend? We could watch a movie.,ham,50.0,10.0,0,0,0.05128205128205128
11898,Congratulations winner! Claim your cash bonus before it expires. Call 9876543210,spam,80.0,11.0,0,1,0.05172413793103448
11665,I will reach home around 7 tonight.,ham,35.0,7.0,0,1,0.037037037037037035
10015,The meeting has been moved to tomorrow morning. Talk to you later.,ham,66.0,12.0,0,0,0.03773584905660377
11761,Congratulations! You have won a free prize. Claim your reward now! Reply YES to claim,spam,85.0,15.0,0,0,0.10294117647058823
11537,Let me know when you arrive. Have a good day.,ham,45.0,10.0,0,0,0.058823529411764705
11558,The meeting has been moved to tomorrow morning. See you soon.,ham,61.0,11.0,0,0,0.04081632653061224
11706,You have WON a guaranteed prize. Call now to receive your money. Visit http://claim-now.example,spam,95.0,14.0,1,0,0.08
10614,WINNER! Your number has been selected for a fantastic cash prize. Offer expires today Click now!,spam,96.0,16.0,0,0,0.11538461538461539
10979,"Hey, are we still meeting for lunch today?",ham,42.0,8.0,0,0,0.030303030303030304
10465,Please remember to buy milk on your way home.,ham,45.0,9.0,0,0,0.027777777777777776
10781,Thanks for helping me with the project yesterday.,ham,49.0,8.0,0,0,0.024390243902439025
10199,"Hey, are we still meeting for lunch today?",ham,42.0,8.0,0,0,0.030303030303030304
11221,You are eligible for a special reward. Visit the link immediately.,spam,66.0,11.0,0,0,0.037037037037037035
11068,I have attached the document we discussed.,ham,42.0,7.0,0,0,0.02857142857142857
11146,Are you free this weekend? We could watch a movie. See you soon.,ham,64.0,13.0,0,0,0.061224489795918366
11316,Don't forget about the appointment tomorrow.,ham,44.0,6.0,0,0,0.02702702702702703
11473,Congratulations! You have won a free prize. Claim your reward now!,spam,66.0,11.0,0,0,0.05660377358490566
11160,Let me know when you arrive.,ham,28.0,6.0,0,0,0.045454545454545456
11417,Are you free this weekend? We could watch a movie. Thanks for letting me know.,ham,78.0,15.0,0,0,0.04918032786885246
11826,WINNER! Your number has been selected for a fantastic cash prize. Call 9876543210,spam,81.0,13.0,0,1,0.14035087719298245
10678,Congratulations winner! Claim your cash bonus before it expires. Reply YES to claim Call 9876543210,spam,99.0,15.0,0,1,0.0958904109589041
11037,I have attached the document we discussed. See you tomorrow.,ham,60.0,10.0,0,0,0.04081632653061224
10043,"Hey, are we still meeting for lunch today? Have a good day.",ham,59.0,12.0,0,0,0.044444444444444446
10274,Congratulations winner! Claim your cash bonus before it expires. Reply YES to claim,spam,83.0,13.0,0,0,0.08695652173913043
11111,Thanks for helping me with the project yesterday. Let me know.,ham,62.0,11.0,0,0,0.04
10101,Please remember to buy milk on your way home.,ham,45.0,,0,0,0.027777777777777776
11511,Exclusive offer! Get a FREE gift today. Limited time only.,spam,58.0,10.0,0,0,0.15217391304347827
11244,Are you free this weekend? We could watch a movie.,ham,50.0,10.0,0,0,0.05128205128205128
11387,You have been chosen for a FREE vacation. Claim now. http://free-reward.example,spam,79.0,11.0,1,0,0.0967741935483871
10107,Please remember to buy milk on your way home. Thanks!,ham,,10.0,0,0,0.047619047619047616
11269,I have attached the document we discussed. Let me know.,ham,55.0,10.0,0,0,0.045454545454545456
10497,URGENT! You have been selected for a cash reward. Click the link to claim. Visit http://claim-now.example,spam,105.0,16.0,1,0,0.10975609756097561
11273,The meeting has been moved to tomorrow morning. Have a good day.,ham,64.0,12.0,0,0,0.0392156862745098
11480,Exclusive offer! Get a FREE gift today. Limited time only.,spam,,10.0,0,0,0.15217391304347827
10767,Can you send me the notes from yesterday's meeting? Talk to you later.,ham,70.0,13.0,0,0,0.03636363636363636
10628,WINNER! Your number has been selected for a fantastic cash prize.,spam,65.0,11.0,0,0,0.1320754716981132
11121,Are you free this weekend? We could watch a movie.,ham,50.0,,0,0,0.05128205128205128
11313,Let me know when you arrive.,ham,28.0,6.0,0,0,0.045454545454545456
11091,Exclusive offer! Get a FREE gift today. Limited time only. Act immediately,spam,74.0,12.0,0,0,0.13333333333333333
10602,Thanks for helping me with the project yesterday.,ham,49.0,8.0,0,0,0.024390243902439025
10072,Thanks for helping me with the project yesterday. Talk to you later.,ham,68.0,12.0,0,0,0.03636363636363636
10764,I will reach home around 7 tonight.,ham,35.0,7.0,0,1,0.037037037037037035
11229,"Hey, are we still meeting for lunch today? Let me know.",ham,55.0,11.0,0,0,0.047619047619047616
11182,You have been chosen for a FREE vacation. Claim now. http://free-reward.example,spam,79.0,11.0,1,0,0.0967741935483871
11781,I will reach home around 7 tonight. Take care.,ham,46.0,9.0,0,1,0.05714285714285714
10481,Thanks for helping me with the project yesterday. See you tomorrow.,ham,67.0,11.0,0,0,0.03636363636363636
11960,I will reach home around 7 tonight. Let me know.,ham,48.0,10.0,0,1,0.05555555555555555
10506,Let me know when you arrive.,ham,28.0,6.0,0,0,0.045454545454545456
11574,Can you send me the notes from yesterday's meeting?,ham,51.0,9.0,0,0,0.024390243902439025
10782,The meeting has been moved to tomorrow morning. Have a good day.,ham,64.0,12.0,0,0,0.0392156862745098
10374,Can you send me the notes from yesterday's meeting? Take care.,ham,62.0,11.0,0,0,0.04081632653061224
11273,The meeting has been moved to tomorrow morning. Have a good day.,ham,64.0,12.0,0,0,0.0392156862745098
11210,Are you free this weekend? We could watch a movie. Talk to you later.,ham,69.0,14.0,0,0,0.05660377358490566
11465,Thanks for helping me with the project yesterday.,ham,49.0,8.0,0,0,0.024390243902439025
10311,Let me know when you arrive. Thanks for letting me know.,ham,,11.0,0,0,0.045454545454545456
11962,Congratulations! You have won a free prize. Claim your reward now!,spam,66.0,11.0,0,0,0.05660377358490566
10405,Thanks for helping me with the project yesterday.,ham,49.0,8.0,0,0,0.024390243902439025
11442,Can you send me the notes from yesterday's meeting?,ham,51.0,9.0,0,0,0.024390243902439025
11641,I have attached the document we discussed.,ham,42.0,7.0,0,0,0.02857142857142857
10309,URGENT! You have been selected for a cash reward. Click the link to claim. Call 1800123456 Call 1800123456,spam,106.0,18.0,0,1,0.15151515151515152
10226,I have attached the document we discussed. Have a good day.,ham,59.0,11.0,0,0,0.0425531914893617
11719,Please remember to buy milk on your way home. Talk to you later.,ham,64.0,13.0,0,0,0.04
10720,Don't forget about the appointment tomorrow.,ham,44.0,6.0,0,0,0.02702702702702703
11547,Thanks for helping me with the project yesterday.,ham,49.0,8.0,0,0,0.024390243902439025
10838,Limited offer! Get 70% OFF today. Click here before the offer expires. http://free-reward.example,spam,97.0,13.0,1,1,0.08108108108108109
10807,Your account statement is ready. Please check the attached document.,spam,68.0,10.0,0,1,0.15517241379310345
10148,You have WON a guaranteed prize. Call now to receive your money.,spam,64.0,12.0,0,0,0.09803921568627451
11342,You have been chosen for a FREE vacation. Claim now.,spam,52.0,10.0,0,0,0.14634146341463414
10930,Please remember to buy milk on your way home.,ham,45.0,9.0,0,0,0.027777777777777776
10986,You are eligible for a special reward. Visit the link immediately.,spam,66.0,11.0,0,0,0.037037037037037035
10829,Are you free this weekend? We could watch a movie. See you tomorrow.,ham,68.0,13.0,0,0,0.05660377358490566
10849,Are you free this weekend? We could watch a movie.,ham,50.0,10.0,0,0,0.05128205128205128
10575,Congratulations on your promotion! See you at the office tomorrow.,ham,66.0,10.0,0,0,0.02564102564102564
10557,I have attached the document we discussed. Take care.,ham,53.0,9.0,0,0,0.046511627906976744
10707,Let me know when you arrive. Have a good day.,ham,45.0,10.0,0,0,0.058823529411764705
11170,"Hey, are we still meeting for lunch today? See you soon.",ham,56.0,11.0,0,0,0.046511627906976744
11804,Let me know when you arrive. See you soon.,ham,42.0,9.0,0,0,0.0625
11176,URGENT: Your reward is waiting. Confirm your details immediately. Visit http://claim-now.example,spam,96.0,11.0,1,0,0.11538461538461539
11850,Let me know when you arrive. See you tomorrow.,ham,46.0,9.0,0,0,0.05555555555555555
10974,Let me know when you arrive.,ham,28.0,6.0,0,0,0.045454545454545456
10286,I will reach home around 7 tonight. Thanks for letting me know.,ham,63.0,12.0,0,1,0.04081632653061224
11623,Are you free this weekend? We could watch a movie.,ham,50.0,10.0,0,0,0.05128205128205128
11073,Can you send me the notes from yesterday's meeting?,ham,51.0,9.0,0,0,0.024390243902439025
10598,I will reach home around 7 tonight.,ham,35.0,7.0,0,1,0.037037037037037035
11353,I have attached the document we discussed.,ham,42.0,7.0,0,0,0.02857142857142857
11575,Don't forget about the appointment tomorrow. Have a good day.,ham,61.0,10.0,0,0,0.04081632653061224
11656,Can you send me the notes from yesterday's meeting? Talk to you later.,ham,70.0,13.0,0,0,0.03636363636363636
11606,I have attached the document we discussed.,ham,42.0,7.0,0,0,0.02857142857142857
11052,Don't forget about the appointment tomorrow.,ham,44.0,6.0,0,0,0.02702702702702703
11245,I have attached the document we discussed.,ham,42.0,7.0,0,0,0.02857142857142857
10819,Thanks for helping me with the project yesterday. Take care.,ham,60.0,10.0,0,0,0.04081632653061224
10964,I will reach home around 7 tonight. Let me know.,ham,48.0,10.0,0,1,0.05555555555555555
10978,WINNER! Your number has been selected for a fantastic cash prize. Act immediately Offer expires today,spam,101.0,16.0,0,0,0.10714285714285714
11401,Thanks for helping me with the project yesterday.,ham,49.0,8.0,0,0,0.024390243902439025
11868,Thanks for helping me with the project yesterday.,ham,49.0,8.0,0,0,0.024390243902439025
10609,Don't forget about the appointment tomorrow. See you tomorrow.,ham,62.0,,0,0,0.0392156862745098
11637,Can you send me the notes from yesterday's meeting?,ham,51.0,9.0,0,0,0.024390243902439025
10809,WINNER! Your number has been selected for a fantastic cash prize.,spam,65.0,11.0,0,0,0.1320754716981132
11740,I have attached the document we discussed.,ham,42.0,7.0,0,0,0.02857142857142857
11075,Limited offer! Get 70% OFF today. Click here before the offer expires. Call 1800123456 Call 1800123456,spam,102.0,16.0,0,1,0.13114754098360656
10493,I have attached the document we discussed. See you tomorrow.,ham,60.0,10.0,0,0,0.04081632653061224
11336,"Hey, are we still meeting for lunch today?",ham,42.0,8.0,0,0,0.030303030303030304
10277,Congratulations! You have won a free prize. Claim your reward now! Reply YES to claim,spam,85.0,15.0,0,0,0.10294117647058823
11870,URGENT! You have been selected for a cash reward. Click the link to claim. Act immediately,spam,90.0,16.0,0,0,0.125
10358,I will reach home around 7 tonight. Thanks!,ham,43.0,8.0,0,1,0.06060606060606061
11125,Are you free this weekend? We could watch a movie.,ham,50.0,10.0,0,0,0.05128205128205128
10236,Are you free this weekend? We could watch a movie.,ham,50.0,10.0,0,0,0.05128205128205128
10551,Are you free this weekend? We could watch a movie.,ham,50.0,10.0,0,0,0.05128205128205128
11891,"Hey, are we still meeting for lunch today? Take care.",ham,53.0,10.0,0,0,0.04878048780487805
11328,Thanks for helping me with the project yesterday. Let me know.,ham,62.0,11.0,0,0,0.04
10208,Thanks for helping me with the project yesterday. Talk to you later.,ham,68.0,12.0,0,0,0.03636363636363636
11403,Can you send me the notes from yesterday's meeting? Have a good day.,ham,68.0,13.0,0,0,0.03773584905660377
11805,Are you free this weekend? We could watch a movie. See you tomorrow.,ham,68.0,13.0,0,0,0.05660377358490566
10058,You have WON a guaranteed prize. Call now to receive your money. http://free-reward.example,spam,91.0,13.0,1,0,0.06944444444444445
10631,Let me know when you arrive. See you tomorrow.,ham,46.0,9.0,0,0,0.05555555555555555
11666,Let me know when you arrive. Talk to you later.,ham,47.0,10.0,0,0,0.05555555555555555
11883,Please remember to buy milk on your way home.,ham,45.0,9.0,0,0,0.027777777777777776
11596,"Hey, are we still meeting for lunch today?",ham,42.0,8.0,0,0,0.030303030303030304
10363,The meeting has been moved to tomorrow morning.,ham,47.0,8.0,0,0,0.02564102564102564
10505,Thanks for helping me with the project yesterday.,ham,49.0,8.0,0,0,0.024390243902439025
11778,Don't forget about the appointment tomorrow.,ham,44.0,6.0,0,0,0.02702702702702703
11854,The meeting has been moved to tomorrow morning.,ham,47.0,8.0,0,0,0.02564102564102564
11622,URGENT! You have been selected for a cash reward. Click the link to claim. Click now!,spam,85.0,16.0,0,0,0.13636363636363635
11231,,spam,90.0,15.0,0,1,0.1
10855,Are you free this weekend? We could watch a movie. Thanks for letting me know.,ham,78.0,15.0,0,0,0.04918032786885246
11000,I have attached the document we discussed.,ham,42.0,7.0,0,0,0.02857142857142857
11918,I will reach home around 7 tonight. Thanks!,ham,43.0,8.0,0,1,0.06060606060606061
10118,Please remember to buy milk on your way home. Thanks!,ham,53.0,10.0,0,0,0.047619047619047616
11832,Can you send me the notes from yesterday's meeting?,ham,51.0,9.0,0,0,0.024390243902439025
11617,I have attached the document we discussed.,ham,42.0,7.0,0,0,0.02857142857142857
10522,Can you send me the notes from yesterday's meeting?,ham,51.0,9.0,0,0,0.024390243902439025
10513,Don't forget about the appointment tomorrow.,ham,44.0,6.0,0,0,0.02702702702702703
10081,Can you send me the notes from yesterday's meeting?,ham,51.0,9.0,0,0,0.024390243902439025
11361,Don't forget about the appointment tomorrow. See you soon.,ham,58.0,9.0,0,0,0.0425531914893617
11798,Congratulations winner! Claim your cash bonus before it expires.,spam,64.0,9.0,0,0,0.037037037037037035
10380,Congratulations on your promotion! See you at the office tomorrow.,ham,66.0,10.0,0,0,0.043478260869565216
11041,I will reach home around 7 tonight. See you tomorrow.,ham,53.0,10.0,0,1,0.04878048780487805
11709,Let me know when you arrive.,ham,28.0,6.0,0,0,0.045454545454545456
10084,Please remember to buy milk on your way home. See you soon.,ham,59.0,12.0,0,0,0.043478260869565216
11881,Exclusive offer! Get a FREE gift today. Limited time only. Offer expires today Offer expires today,spam,98.0,16.0,0,0,0.1125
10984,Can you send me the notes from yesterday's meeting?,ham,51.0,9.0,0,0,0.024390243902439025
10329,I will reach home around 7 tonight.,ham,35.0,7.0,0,1,0.037037037037037035
10006,WINNER! Your number has been selected for a fantastic cash prize. Click now! Click now!,spam,87.0,15.0,0,0,0.13043478260869565
10756,The meeting has been moved to tomorrow morning.,ham,47.0,8.0,0,0,0.02564102564102564
11333,Let me know when you arrive.,ham,28.0,6.0,0,0,0.045454545454545456
10948,I have attached the document we discussed. Thanks for letting me know.,ham,70.0,12.0,0,0,0.03508771929824561
10888,Congratulations! You have won a free prize. Claim your reward now! Act immediately,spam,82.0,13.0,0,0,0.05970149253731343
10451,Congratulations winner! Claim your cash bonus before it expires. Click now!,spam,75.0,11.0,0,0,0.04838709677419355
10490,The meeting has been moved to tomorrow morning. Talk to you later.,ham,66.0,12.0,0,0,0.03773584905660377
11981,"Hey, are we still meeting for lunch today? Let me know.",ham,55.0,11.0,0,0,0.047619047619047616
10287,"Hey, are we still meeting for lunch today?",ham,42.0,8.0,0,0,0.030303030303030304
10925,The meeting has been moved to tomorrow morning. Thanks!,ham,55.0,9.0,0,0,0.044444444444444446
10056,Don't forget about the appointment tomorrow. Take care.,ham,55.0,8.0,0,0,0.044444444444444446
11385,WINNER! Your number has been selected for a fantastic cash prize. Visit http://claim-now.example Offer expires today,spam,116.0,16.0,1,0,0.09574468085106383
11931,Are you free this weekend? We could watch a movie.,ham,50.0,10.0,0,0,0.05128205128205128
10715,I have attached the document we discussed. Thanks for letting me know.,ham,70.0,12.0,0,0,0.03508771929824561
10813,Your account statement is ready. Please check the attached document.,ham,68.0,10.0,0,0,0.0425531914893617
11817,The meeting has been moved to tomorrow morning.,ham,47.0,8.0,0,0,0.02564102564102564
11784,Can you send me the notes from yesterday's meeting? Thanks!,ham,59.0,10.0,0,0,0.0425531914893617
10990,I have attached the document we discussed.,ham,42.0,7.0,0,0,0.02857142857142857
11506,Thanks for helping me with the project yesterday.,ham,49.0,8.0,0,0,0.024390243902439025
11107,Don't forget about the appointment tomorrow. See you soon.,ham,,9.0,0,0,0.0425531914893617
11670,Don't forget about the appointment tomorrow. See you soon.,ham,58.0,9.0,0,0,0.0425531914893617
10327,Thanks for helping me with the project yesterday. Talk to you later.,ham,68.0,12.0,0,0,0.03636363636363636
10442,Can you send me the notes from yesterday's meeting? Have a good day.,ham,68.0,13.0,0,0,0.03773584905660377
11518,You are eligible for a special reward. Visit the link immediately. Call 9876543210,spam,82.0,13.0,0,1,0.05172413793103448
11357,Thanks for helping me with the project yesterday. See you soon.,ham,63.0,11.0,0,0,0.0392156862745098
10939,Please remember to buy milk on your way home. See you soon.,ham,59.0,12.0,0,0,0.043478260869565216
10892,Limited offer! Get 70% OFF today. Click here before the offer expires. Reply YES to claim Reply YES to claim,spam,108.0,20.0,0,1,0.1686746987951807
10177,Please remember to buy milk on your way home. Let me know.,ham,58.0,12.0,0,0,0.044444444444444446
11557,Can you send me the notes from yesterday's meeting? Talk to you later.,ham,70.0,13.0,0,0,0.03636363636363636
11679,WINNER! Your number has been selected for a fantastic cash prize.,spam,65.0,11.0,0,0,0.1320754716981132
10086,Don't forget about the appointment tomorrow. Thanks!,ham,52.0,7.0,0,0,0.046511627906976744
11425,I will reach home around 7 tonight. See you soon.,ham,49.0,10.0,0,1,0.05405405405405406
11924,Exclusive offer! Get a FREE gift today. Limited time only. http://free-reward.example,spam,85.0,11.0,1,0,0.1044776119402985
10457,You have WON a guaranteed prize. Call now to receive your money. Call 9876543210,spam,80.0,14.0,0,1,0.10909090909090909
11851,Congratulations! You have won a free prize. Claim your reward now! http://free-reward.example,spam,93.0,12.0,1,0,0.04054054054054054
10054,Let me know when you arrive. Let me know.,ham,41.0,9.0,0,0,0.06451612903225806
11769,,spam,91.0,13.0,1,0,0.06944444444444445
10643,"Hey, are we still meeting for lunch today? Let me know.",ham,55.0,11.0,0,0,0.047619047619047616
10677,"Hey, are we still meeting for lunch today? Take care.",ham,53.0,10.0,0,0,0.04878048780487805
10221,Thanks for helping me with the project yesterday. Have a good day.,ham,66.0,12.0,0,0,0.03773584905660377
10113,Let me know when you arrive.,ham,28.0,6.0,0,0,0.045454545454545456
10999,Let me know when you arrive.,ham,28.0,6.0,0,0,0.045454545454545456
11298,You are eligible for a special reward. Visit the link immediately. Call 1800123456,spam,82.0,13.0,0,1,0.05172413793103448
11690,Let me know when you arrive. Thanks!,ham,36.0,7.0,0,0,0.07142857142857142
10174,Don't forget about the appointment tomorrow. Thanks!,ham,52.0,7.0,0,0,0.046511627906976744
11427,The meeting has been moved to tomorrow morning. Talk to you later.,ham,66.0,12.0,0,0,0.03773584905660377
10589,Don't forget about the appointment tomorrow. Take care.,ham,55.0,8.0,0,0,0.044444444444444446
11578,I have attached the document we discussed. Have a good day.,ham,59.0,11.0,0,0,0.0425531914893617
10018,Can you send me the notes from yesterday's meeting? See you tomorrow.,ham,69.0,12.0,0,0,0.03636363636363636
10423,Let me know when you arrive. Talk to you later.,ham,47.0,10.0,0,0,0.05555555555555555
11359,Please remember to buy milk on your way home.,ham,45.0,9.0,0,0,0.027777777777777776
10285,Please remember to buy milk on your way home.,ham,45.0,9.0,0,0,0.027777777777777776
11602,Let me know when you arrive.,ham,28.0,6.0,0,0,0.045454545454545456
10428,Don't forget about the appointment tomorrow.,ham,44.0,6.0,0,0,0.02702702702702703
11968,WINNER! Your number has been selected for a fantastic cash prize. Visit http://claim-now.example,spam,96.0,13.0,1,0,0.1038961038961039
11440,"Hey, are we still meeting for lunch today? Take care.",ham,53.0,10.0,0,0,0.04878048780487805
10669,I have attached the document we discussed.,ham,42.0,7.0,0,0,0.02857142857142857
10031,Congratulations winner! Claim your cash bonus before it expires. http://free-reward.example,spam,91.0,10.0,1,0,0.02666666666666667
11083,I will reach home around 7 tonight. Talk to you later.,ham,54.0,11.0,0,1,0.04878048780487805
10722,You are eligible for a special reward. Visit the link immediately. Call 1800123456 Offer expires today,spam,,16.0,0,1,0.05333333333333334
11469,URGENT! You have been selected for a cash reward. Click the link to claim. Click now!,spam,85.0,16.0,0,0,0.13636363636363635
10214,Can you send me the notes from yesterday's meeting? See you tomorrow.,ham,69.0,12.0,0,0,0.03636363636363636
11287,The meeting has been moved to tomorrow morning. See you tomorrow.,ham,65.0,11.0,0,0,0.03773584905660377
11261,"Hey, are we still meeting for lunch today?",ham,42.0,8.0,0,0,0.030303030303030304
10326,Thanks for helping me with the project yesterday. See you tomorrow.,ham,67.0,11.0,0,0,0.03636363636363636
10560,I will reach home around 7 tonight.,ham,35.0,7.0,0,1,0.037037037037037035
11565,Don't forget about the appointment tomorrow.,ham,44.0,6.0,0,0,0.02702702702702703
10700,Congratulations winner! Claim your cash bonus before it expires. Click now!,spam,75.0,11.0,0,0,0.04838709677419355
11131,Can you send me the notes from yesterday's meeting?,ham,51.0,9.0,0,0,0.024390243902439025
11204,"Hey, are we still meeting for lunch today?",ham,42.0,8.0,0,0,0.030303030303030304
10341,Thanks for helping me with the project yesterday. Let me know.,ham,62.0,11.0,0,0,0.04
10629,You have WON a guaranteed prize. Call now to receive your money.,spam,64.0,12.0,0,0,0.09803921568627451
10147,Congratulations winner! Claim your cash bonus before it expires. Call 1800123456 http://free-reward.example,spam,107.0,12.0,1,1,0.0379746835443038
11946,URGENT! You have been selected for a cash reward. Click the link to claim. Offer expires today,spam,94.0,17.0,0,0,0.12
10360,,spam,64.0,9.0,0,0,0.037037037037037035
10083,The meeting has been moved to tomorrow morning.,ham,47.0,8.0,0,0,0.02564102564102564
10048,You are eligible for a special reward. Visit the link immediately. Reply YES to claim,spam,85.0,15.0,0,0,0.08695652173913043
10468,Let me know when you arrive.,ham,,6.0,0,0,0.045454545454545456
10155,I have attached the document we discussed. Talk to you later.,ham,61.0,11.0,0,0,0.04081632653061224
11259,You have WON a guaranteed prize. Call now to receive your money.,spam,64.0,12.0,0,0,0.09803921568627451
11043,The meeting has been moved to tomorrow morning.,ham,47.0,8.0,0,0,0.02564102564102564
11609,Limited offer! Get 70% OFF today. Click here before the offer expires. Call 9876543210,spam,86.0,14.0,0,1,0.12280701754385964
11419,I have attached the document we discussed.,ham,42.0,7.0,0,0,0.02857142857142857
11319,Let me know when you arrive. Thanks for letting me know.,ham,56.0,11.0,0,0,0.045454545454545456
11649,You are eligible for a special reward. Visit the link immediately. Act immediately,spam,82.0,13.0,0,0,0.04411764705882353
10500,Congratulations winner! Claim your cash bonus before it expires. Call 1800123456 Click now!,spam,91.0,13.0,0,1,0.06060606060606061
11786,Can you send me the notes from yesterday's meeting?,ham,51.0,9.0,0,0,0.024390243902439025
10179,URGENT! You have been selected for a cash reward. Click the link to claim. Reply YES to claim,spam,93.0,18.0,0,0,0.1643835616438356
11820,URGENT! You have been selected for a cash reward. Click the link to claim. Visit http://claim-now.example,spam,105.0,16.0,1,0,0.10975609756097561
11777,URGENT! You have been selected for a cash reward. Click the link to claim. Click now!,spam,85.0,16.0,0,0,0.13636363636363635
11144,Please remember to buy milk on your way home. Have a good day.,ham,62.0,13.0,0,0,0.041666666666666664
11838,Are you free this weekend? We could watch a movie.,ham,50.0,10.0,0,0,0.05128205128205128
11708,Exclusive offer! Get a FREE gift today. Limited time only. Click now! Act immediately,spam,85.0,14.0,0,0,0.1323529411764706
10746,Can you send me the notes from yesterday's meeting?,ham,51.0,9.0,0,0,0.024390243902439025
10528,Thanks for helping me with the project yesterday.,ham,49.0,8.0,0,0,0.024390243902439025
10346,Are you free this weekend? We could watch a movie. Have a good day.,ham,67.0,14.0,0,0,0.058823529411764705
11404,Don't forget about the appointment tomorrow. Have a good day.,ham,61.0,10.0,0,0,0.04081632653061224
11985,I will reach home around 7 tonight.,ham,35.0,7.0,0,1,0.037037037037037035
10824,Are you free this weekend? We could watch a movie.,ham,50.0,10.0,0,0,0.05128205128205128
11997,URGENT: Your reward is waiting. Confirm your details immediately. Visit http://claim-now.example,spam,96.0,11.0,1,0,0.11538461538461539
11027,WINNER! Your number has been selected for a fantastic cash prize. Act immediately,spam,81.0,13.0,0,0,0.11940298507462686
10601,Don't forget about the appointment tomorrow. Let me know.,ham,57.0,9.0,0,0,0.043478260869565216
11061,Are you free this weekend? We could watch a movie.,ham,50.0,10.0,0,0,0.05128205128205128
10243,,ham,55.0,8.0,0,0,0.044444444444444446
10905,Thanks for helping me with the project yesterday.,ham,49.0,8.0,0,0,0.024390243902439025
11080,Can you send me the notes from yesterday's meeting?,ham,51.0,9.0,0,0,0.024390243902439025
11494,Let me know when you arrive.,ham,28.0,6.0,0,0,0.045454545454545456
10312,Thanks for helping me with the project yesterday.,ham,49.0,8.0,0,0,0.024390243902439025
10435,Limited offer! Get 70% OFF today. Click here before the offer expires. Call 9876543210,spam,86.0,14.0,0,1,0.12280701754385964
11923,,ham,,9.0,0,0,0.05555555555555555
10949,Don't forget about the appointment tomorrow. See you soon.,ham,58.0,9.0,0,0,0.0425531914893617
10308,I will reach home around 7 tonight. Have a good day.,ham,52.0,11.0,0,1,0.05128205128205128
10430,,ham,42.0,7.0,0,0,0.02857142857142857
10660,Can you send me the notes from yesterday's meeting? Thanks!,ham,59.0,10.0,0,0,0.0425531914893617
10370,Are you free this weekend? We could watch a movie. Take care.,ham,61.0,12.0,0,0,0.06382978723404255
10566,WINNER! Your number has been selected for a fantastic cash prize. Visit http://claim-now.example,spam,96.0,13.0,1,0,0.1038961038961039
11200,I have attached the document we discussed. See you tomorrow.,ham,60.0,10.0,0,0,0.04081632653061224
10181,The meeting has been moved to tomorrow morning.,ham,47.0,8.0,0,0,0.02564102564102564
10881,I will reach home around 7 tonight. Thanks!,ham,,8.0,0,1,0.06060606060606061
10621,The meeting has been moved to tomorrow morning.,ham,47.0,8.0,0,0,0.02564102564102564
10940,Are you free this weekend? We could watch a movie.,ham,50.0,10.0,0,0,0.05128205128205128
11735,I have attached the document we discussed. See you tomorrow.,ham,60.0,10.0,0,0,0.04081632653061224
11406,You are eligible for a special reward. Visit the link immediately. Offer expires today,spam,86.0,14.0,0,0,0.04225352112676056
11697,URGENT! You have been selected for a cash reward. Click the link to claim. Reply YES to claim,spam,93.0,18.0,0,0,0.1643835616438356
11869,Are you free this weekend? We could watch a movie. Let me know.,ham,63.0,13.0,0,0,0.0625
10937,Please remember to buy milk on your way home. Take care.,ham,56.0,11.0,0,0,0.045454545454545456
11920,I have attached the document we discussed. Thanks for letting me know.,ham,70.0,12.0,0,0,0.03508771929824561
10296,Please remember to buy milk on your way home. Let me know.,ham,58.0,12.0,0,0,0.044444444444444446
10916,I have attached the document we discussed. Let me know.,ham,55.0,10.0,0,0,0.045454545454545456
10461,The meeting has been moved to tomorrow morning.,ham,47.0,8.0,0,0,0.02564102564102564
11318,Can you send me the notes from yesterday's meeting?,ham,51.0,9.0,0,0,0.024390243902439025
11324,Don't forget about the appointment tomorrow. See you soon.,ham,58.0,9.0,0,0,0.0425531914893617
10377,I will reach home around 7 tonight. Let me know.,ham,48.0,10.0,0,1,0.05555555555555555
10798,Thanks for helping me with the project yesterday. Talk to you later.,ham,68.0,12.0,0,0,0.03636363636363636
11117,I have attached the document we discussed. Have a good day.,ham,59.0,11.0,0,0,0.0425531914893617
10105,Exclusive offer! Get a FREE gift today. Limited time only. Click now! Call 9876543210,spam,85.0,14.0,0,1,0.15517241379310345
10126,WINNER! Your number has been selected for a fantastic cash prize. Act immediately Call 9876543210,spam,97.0,15.0,0,1,0.1267605633802817
11512,Can you send me the notes from yesterday's meeting?,ham,51.0,9.0,0,0,0.024390243902439025
11326,I have attached the document we discussed.,ham,42.0,7.0,0,0,0.02857142857142857
11816,You have been chosen for a FREE vacation. Claim now.,spam,52.0,10.0,0,0,0.14634146341463414
10355,,spam,85.0,11.0,1,0,0.1044776119402985
11635,"Hey, are we still meeting for lunch today? Have a good day.",ham,59.0,12.0,0,0,0.044444444444444446
10682,"Hey, are we still meeting for lunch today?",ham,42.0,8.0,0,0,0.030303030303030304
11794,Don't forget about the appointment tomorrow. Let me know.,ham,57.0,9.0,0,0,0.043478260869565216
10886,Thanks for helping me with the project yesterday.,ham,49.0,8.0,0,0,0.024390243902439025
10209,"Hey, are we still meeting for lunch today? Let me know.",ham,55.0,11.0,0,0,0.047619047619047616
11262,"Hey, are we still meeting for lunch today? Let me know.",ham,55.0,11.0,0,0,0.047619047619047616
10140,I have attached the document we discussed. Thanks for letting me know.,ham,70.0,12.0,0,0,0.03508771929824561
11454,"Hey, are we still meeting for lunch today?",ham,42.0,8.0,0,0,0.030303030303030304
11355,The meeting has been moved to tomorrow morning. Have a good day.,ham,64.0,12.0,0,0,0.0392156862745098
11608,Are you free this weekend? We could watch a movie. See you soon.,ham,64.0,13.0,0,0,0.061224489795918366
11593,Can you send me the notes from yesterday's meeting? Have a good day.,ham,68.0,13.0,0,0,0.03773584905660377
11110,Please remember to buy milk on your way home.,ham,45.0,9.0,0,0,0.027777777777777776
10862,Congratulations! You have won a free prize. Claim your reward now! Reply YES to claim,spam,85.0,15.0,0,0,0.10294117647058823
10906,Are you free this weekend? We could watch a movie. Have a good day.,ham,67.0,14.0,0,0,0.058823529411764705
10711,"Hey, are we still meeting for lunch today? See you soon.",ham,56.0,11.0,0,0,0.046511627906976744
11788,Are you free this weekend? We could watch a movie. Take care.,ham,61.0,12.0,0,0,0.06382978723404255
10879,The meeting has been moved to tomorrow morning.,ham,47.0,8.0,0,0,0.02564102564102564
10874,,ham,60.0,11.0,0,0,0.041666666666666664
10010,Let me know when you arrive. Take care.,ham,39.0,8.0,0,0,0.06666666666666667
11771,WINNER! Your number has been selected for a fantastic cash prize. Call 9876543210,spam,81.0,13.0,0,1,0.14035087719298245
11138,I have attached the document we discussed.,ham,42.0,7.0,0,0,0.02857142857142857
10282,WINNER! Your number has been selected for a fantastic cash prize. Reply YES to claim Visit http://claim-now.example,spam,115.0,17.0,1,0,0.13043478260869565
10810,The meeting has been moved to tomorrow morning.,ham,47.0,8.0,0,0,0.02564102564102564
11105,Please remember to buy milk on your way home.,ham,45.0,9.0,0,0,0.027777777777777776
10291,Congratulations on your promotion! See you at the office tomorrow.,ham,66.0,10.0,0,0,0.02857142857142857
10754,Can you send me the notes from yesterday's meeting? See you tomorrow.,ham,69.0,12.0,0,0,0.03636363636363636
10626,I will reach home around 7 tonight. Thanks!,ham,43.0,8.0,0,1,0.06060606060606061
11855,Can you send me the notes from yesterday's meeting?,ham,51.0,9.0,0,0,0.024390243902439025
10128,Please remember to buy milk on your way home.,ham,45.0,9.0,0,0,0.027777777777777776
10129,You have been chosen for a FREE vacation. Claim now. http://free-reward.example,spam,79.0,11.0,1,0,0.0967741935483871
11190,,ham,61.0,11.0,0,0,0.04081632653061224
10843,I have attached the document we discussed. Let me know.,ham,55.0,10.0,0,0,0.045454545454545456
10323,The meeting has been moved to tomorrow morning.,ham,47.0,8.0,0,0,0.02564102564102564
11103,"Hey, are we still meeting for lunch today?",ham,42.0,8.0,0,0,0.030303030303030304
10857,"Hey, are we still meeting for lunch today?",ham,42.0,8.0,0,0,0.030303030303030304
11986,Can you send me the notes from yesterday's meeting? Have a good day.,ham,68.0,13.0,0,0,0.03773584905660377
11888,Thanks for helping me with the project yesterday. See you soon.,ham,63.0,11.0,0,0,0.0392156862745098
11023,I have attached the document we discussed. See you soon.,ham,56.0,10.0,0,0,0.044444444444444446
10887,Let me know when you arrive. See you tomorrow.,ham,46.0,9.0,0,0,0.05555555555555555
10695,You have WON a guaranteed prize. Call now to receive your money. Click now! Act immediately,spam,91.0,16.0,0,0,0.0958904109589041
10215,Let me know when you arrive.,ham,28.0,6.0,0,0,0.045454545454545456
11054,Please remember to buy milk on your way home. Thanks!,ham,53.0,10.0,0,0,0.047619047619047616
11448,Congratulations! You have won a free prize. Claim your reward now! Click now!,spam,77.0,13.0,0,0,0.06557377049180328
10158,Don't forget about the appointment tomorrow. Thanks!,ham,52.0,7.0,0,0,0.046511627906976744
11865,Let me know when you arrive.,ham,28.0,6.0,0,0,0.045454545454545456
11005,The meeting has been moved to tomorrow morning.,ham,47.0,8.0,0,0,0.02564102564102564
10907,I have attached the document we discussed.,ham,42.0,7.0,0,0,0.02857142857142857
10841,I have attached the document we discussed.,ham,42.0,7.0,0,0,0.02857142857142857
10634,Limited offer! Get 70% OFF today. Click here before the offer expires. Offer expires today,spam,90.0,15.0,0,1,0.1
10516,Please remember to buy milk on your way home.,ham,45.0,9.0,0,0,0.027777777777777776
11664,Let me know when you arrive.,ham,,6.0,0,0,0.045454545454545456
11611,Can you send me the notes from yesterday's meeting?,ham,51.0,9.0,0,0,0.024390243902439025
10597,Let me know when you arrive.,ham,28.0,6.0,0,0,0.045454545454545456
10195,The meeting has been moved to tomorrow morning.,ham,47.0,8.0,0,0,0.02564102564102564
11662,Thanks for helping me with the project yesterday. Talk to you later.,ham,68.0,12.0,0,0,0.03636363636363636
10952,The meeting has been moved to tomorrow morning. Have a good day.,ham,64.0,12.0,0,0,0.0392156862745098
10410,Please remember to buy milk on your way home. Thanks!,ham,53.0,10.0,0,0,0.047619047619047616
10096,Are you free this weekend? We could watch a movie.,ham,50.0,10.0,0,0,0.05128205128205128
11874,Thanks for helping me with the project yesterday. Thanks!,ham,57.0,9.0,0,0,0.0425531914893617
10963,URGENT: Your reward is waiting. Confirm your details immediately. Reply YES to claim,spam,84.0,13.0,0,0,0.17391304347826086
10156,Congratulations! You have won a free prize. Claim your reward now! Call 9876543210 Visit http://claim-now.example,spam,113.0,15.0,1,1,0.06172839506172839
10419,Congratulations on your promotion! See you at the office tomorrow.,spam,66.0,10.0,0,0,0.13333333333333333
11825,Let me know when you arrive. See you tomorrow.,ham,46.0,9.0,0,0,0.05555555555555555
10477,WINNER! Your number has been selected for a fantastic cash prize.,spam,65.0,11.0,0,0,0.1320754716981132
11879,Congratulations! You have won a free prize. Claim your reward now!,spam,66.0,11.0,0,0,0.05660377358490566
10668,You have WON a guaranteed prize. Call now to receive your money. Call 1800123456 Call 9876543210,spam,96.0,16.0,0,1,0.11864406779661017
11807,Thanks for helping me with the project yesterday. Take care.,ham,60.0,10.0,0,0,0.04081632653061224
11896,Congratulations! You have won a free prize. Claim your reward now!,spam,66.0,11.0,0,0,0.05660377358490566
11315,URGENT! You have been selected for a cash reward. Click the link to claim. Reply YES to claim,spam,93.0,18.0,0,0,0.1643835616438356
10447,Let me know when you arrive. Take care.,ham,39.0,8.0,0,0,0.06666666666666667
10553,Limited offer! Get 70% OFF today. Click here before the offer expires. Act immediately,spam,86.0,14.0,0,1,0.1044776119402985
10178,I will reach home around 7 tonight. See you tomorrow.,ham,53.0,10.0,0,1,0.04878048780487805
10390,Are you free this weekend? We could watch a movie. Let me know.,ham,63.0,13.0,0,0,0.0625
10578,Can you send me the notes from yesterday's meeting? Thanks for letting me know.,ham,79.0,14.0,0,0,0.031746031746031744
11936,WINNER! Your number has been selected for a fantastic cash prize. Click now!,spam,76.0,13.0,0,0,0.13114754098360656
11727,Can you send me the notes from yesterday's meeting? Take care.,ham,62.0,11.0,0,0,0.04081632653061224
11303,You have been chosen for a FREE vacation. Claim now.,spam,52.0,10.0,0,0,0.14634146341463414
11704,Don't forget about the appointment tomorrow. See you tomorrow.,ham,62.0,9.0,0,0,0.0392156862745098
11655,Please remember to buy milk on your way home. Let me know.,ham,58.0,12.0,0,0,0.044444444444444446
10820,Let me know when you arrive.,ham,28.0,,0,0,0.045454545454545456
11847,Can you send me the notes from yesterday's meeting?,ham,,9.0,0,0,0.024390243902439025
11001,The meeting has been moved to tomorrow morning. See you soon.,ham,61.0,11.0,0,0,0.04081632653061224
11811,Can you send me the notes from yesterday's meeting?,ham,51.0,9.0,0,0,0.024390243902439025
10664,Are you free this weekend? We could watch a movie.,ham,50.0,10.0,0,0,0.05128205128205128
10142,"Hey, are we still meeting for lunch today?",ham,42.0,8.0,0,0,0.030303030303030304
11607,Don't forget about the appointment tomorrow. Talk to you later.,ham,63.0,,0,0,0.0392156862745098
11446,Don't forget about the appointment tomorrow. Thanks for letting me know.,ham,72.0,11.0,0,0,0.03389830508474576
10864,I have attached the document we discussed. Talk to you later.,ham,61.0,11.0,0,0,0.04081632653061224
10421,The meeting has been moved to tomorrow morning.,ham,47.0,8.0,0,0,0.02564102564102564
10636,I have attached the document we discussed. Thanks!,ham,50.0,8.0,0,0,0.04878048780487805
11423,"Hey, are we still meeting for lunch today?",ham,42.0,8.0,0,0,0.030303030303030304
10799,I will reach home around 7 tonight. Take care.,ham,46.0,9.0,0,1,0.05714285714285714
11100,I will reach home around 7 tonight. See you tomorrow.,ham,53.0,10.0,0,1,0.04878048780487805
10615,Don't forget about the appointment tomorrow. See you soon.,ham,58.0,9.0,0,0,0.0425531914893617
10294,You have WON a guaranteed prize. Call now to receive your money. http://free-reward.example,spam,91.0,13.0,1,0,0.06944444444444445
10938,URGENT! You have been selected for a cash reward. Click the link to claim. Act immediately,spam,90.0,16.0,0,0,0.125
10944,I will reach home around 7 tonight.,ham,35.0,7.0,0,1,0.037037037037037035
11927,Can you send me the notes from yesterday's meeting? Thanks!,ham,59.0,10.0,0,0,0.0425531914893617
10088,I have attached the document we discussed.,ham,42.0,7.0,0,0,0.02857142857142857
10041,Let me know when you arrive.,ham,28.0,6.0,0,0,0.045454545454545456
11824,I will reach home around 7 tonight.,ham,35.0,7.0,0,1,0.037037037037037035
11958,WINNER! Your number has been selected for a fantastic cash prize. Visit http://claim-now.example,spam,96.0,13.0,1,0,0.1038961038961039
10131,I will reach home around 7 tonight.,ham,35.0,7.0,0,1,0.037037037037037035
11018,URGENT! You have been selected for a cash reward. Click the link to claim. Call 9876543210 Act immediately,spam,106.0,18.0,0,1,0.13157894736842105
11006,,ham,51.0,9.0,0,0,0.024390243902439025
11984,Are you free this weekend? We could watch a movie. Have a good day.,ham,67.0,14.0,0,0,0.058823529411764705
11878,Can you send me the notes from yesterday's meeting? Thanks for letting me know.,ham,79.0,14.0,0,0,0.031746031746031744
11360,URGENT! You have been selected for a cash reward. Click the link to claim. Call 9876543210,spam,90.0,16.0,0,1,0.14516129032258066
11517,Are you free this weekend? We could watch a movie.,ham,50.0,10.0,0,0,0.05128205128205128
10164,URGENT: Your reward is waiting. Confirm your details immediately. Act immediately Offer expires today,spam,101.0,14.0,0,0,0.11764705882352941
10724,Let me know when you arrive.,ham,28.0,6.0,0,0,0.045454545454545456
10290,I will reach home around 7 tonight.,ham,35.0,7.0,0,1,0.037037037037037035
11157,URGENT: Your reward is waiting. Confirm your details immediately. Reply YES to claim Act immediately,spam,100.0,15.0,0,0,0.1566265060240964
11554,Don't forget about the appointment tomorrow.,ham,44.0,6.0,0,0,0.02702702702702703
11921,Are you free this weekend? We could watch a movie.,ham,50.0,10.0,0,0,0.05128205128205128
10905,Thanks for helping me with the project yesterday.,ham,49.0,8.0,0,0,0.024390243902439025
11378,Congratulations winner! Claim your cash bonus before it expires.,spam,64.0,9.0,0,0,0.037037037037037035
10778,,ham,75.0,13.0,0,0,0.03278688524590164
10839,URGENT: Your reward is waiting. Confirm your details immediately. Act immediately,spam,81.0,11.0,0,0,0.1323529411764706
10348,"Hey, are we still meeting for lunch today? See you soon.",ham,56.0,11.0,0,0,0.046511627906976744
11969,Thanks for helping me with the project yesterday.,ham,49.0,8.0,0,0,0.024390243902439025
10571,You are eligible for a special reward. Visit the link immediately. http://free-reward.example,spam,93.0,12.0,1,0,0.02666666666666667
10917,,ham,60.0,10.0,0,0,0.04081632653061224
10993,Can you send me the notes from yesterday's meeting? Thanks for letting me know.,ham,79.0,14.0,0,0,0.031746031746031744
11911,Are you free this weekend? We could watch a movie.,ham,50.0,10.0,0,0,0.05128205128205128
11487,I will reach home around 7 tonight. See you tomorrow.,ham,53.0,10.0,0,1,0.04878048780487805
11610,The meeting has been moved to tomorrow morning. Take care.,ham,58.0,10.0,0,0,0.0425531914893617
11333,Let me know when you arrive.,ham,28.0,6.0,0,0,0.045454545454545456
11867,You are eligible for a special reward. Visit the link immediately. Reply YES to claim,spam,85.0,15.0,0,0,0.08695652173913043
10136,Let me know when you arrive.,ham,28.0,6.0,0,0,0.045454545454545456
10458,I will reach home around 7 tonight.,ham,35.0,7.0,0,1,0.037037037037037035
10375,Are you free this weekend? We could watch a movie. Thanks for letting me know.,ham,78.0,15.0,0,0,0.04918032786885246
11358,Please remember to buy milk on your way home.,ham,45.0,9.0,0,0,0.027777777777777776
10333,Can you send me the notes from yesterday's meeting?,ham,51.0,9.0,0,0,0.024390243902439025
11322,Let me know when you arrive. Take care.,ham,39.0,8.0,0,0,0.06666666666666667
11351,Limited offer! Get 70% OFF today. Click here before the offer expires. Call 1800123456 Call 1800123456,spam,102.0,16.0,0,1,0.13114754098360656
11947,Can you send me the notes from yesterday's meeting?,ham,51.0,9.0,0,0,0.024390243902439025
11782,Don't forget about the appointment tomorrow.,ham,44.0,6.0,0,0,0.02702702702702703
11475,Can you send me the notes from yesterday's meeting?,ham,51.0,9.0,0,0,0.024390243902439025
10816,Are you free this weekend? We could watch a movie.,ham,50.0,,0,0,0.05128205128205128
11720,Are you free this weekend? We could watch a movie.,ham,,10.0,0,0,0.05128205128205128
11022,I have attached the document we discussed. See you tomorrow.,ham,60.0,10.0,0,0,0.04081632653061224
11893,Please remember to buy milk on your way home. Have a good day.,ham,62.0,13.0,0,0,0.041666666666666664
11521,The meeting has been moved to tomorrow morning.,ham,47.0,8.0,0,0,0.02564102564102564
11519,Can you send me the notes from yesterday's meeting?,ham,51.0,9.0,0,0,0.024390243902439025
10910,Exclusive offer! Get a FREE gift today. Limited time only.,spam,58.0,10.0,0,0,0.15217391304347827
11954,Don't forget about the appointment tomorrow. Take care.,ham,,8.0,0,0,0.044444444444444446
11283,Please remember to buy milk on your way home. Thanks for letting me know.,ham,73.0,14.0,0,0,0.034482758620689655
10328,Limited offer! Get 70% OFF today. Click here before the offer expires.,spam,70.0,12.0,0,1,0.11320754716981132
11047,Let me know when you arrive. Take care.,ham,39.0,8.0,0,0,0.06666666666666667
10318,Congratulations! You have won a free prize. Claim your reward now! Act immediately,spam,82.0,13.0,0,0,0.05970149253731343
11548,The meeting has been moved to tomorrow morning. Take care.,ham,58.0,10.0,0,0,0.0425531914893617
11375,The meeting has been moved to tomorrow morning.,ham,47.0,8.0,0,0,0.02564102564102564
11754,Your account statement is ready. Please check the attached document.,ham,68.0,10.0,0,0,0.024390243902439025
10167,Exclusive offer! Get a FREE gift today. Limited time only. Offer expires today,spam,78.0,13.0,0,0,0.12698412698412698
10012,Limited offer! Get 70% OFF today. Click here before the offer expires. Offer expires today,spam,90.0,15.0,0,1,0.1
11951,You are eligible for a special reward. Visit the link immediately.,spam,66.0,11.0,0,0,0.037037037037037035
10171,Are you free this weekend? We could watch a movie. Thanks!,ham,58.0,11.0,0,0,0.06666666666666667
10649,Thanks for helping me with the project yesterday. See you tomorrow.,ham,67.0,11.0,0,0,0.03636363636363636
11852,URGENT: Your reward is waiting. Confirm your details immediately. Visit http://claim-now.example,spam,,11.0,1,0,0.11538461538461539
10260,Congratulations winner! Claim your cash bonus before it expires. Visit http://claim-now.example Reply YES to claim,spam,114.0,15.0,1,0,0.07526881720430108
11228,I will reach home around 7 tonight. Let me know.,ham,48.0,10.0,0,1,0.05555555555555555
11910,Are you free this weekend? We could watch a movie. Take care.,ham,61.0,12.0,0,0,0.06382978723404255
10901,You have WON a guaranteed prize. Call now to receive your money. Visit http://claim-now.example,spam,95.0,14.0,1,0,0.08
10672,You are eligible for a special reward. Visit the link immediately. Reply YES to claim,spam,85.0,15.0,0,0,0.08695652173913043
10258,Thanks for helping me with the project yesterday. See you tomorrow.,ham,67.0,11.0,0,0,0.03636363636363636
10844,The meeting has been moved to tomorrow morning. See you soon.,ham,61.0,11.0,0,0,0.04081632653061224
10867,Thanks for helping me with the project yesterday.,ham,49.0,8.0,0,0,0.024390243902439025
11345,Your reward points statement is available. Thanks.,ham,50.0,7.0,0,1,0.037037037037037035
10138,Exclusive offer! Get a FREE gift today. Limited time only. Visit http://claim-now.example,spam,89.0,12.0,1,0,0.11428571428571428
10893,You have WON a guaranteed prize. Call now to receive your money. Visit http://claim-now.example,spam,95.0,14.0,1,0,0.08
11860,"Hey, are we still meeting for lunch today?",ham,42.0,8.0,0,0,0.030303030303030304
10549,I will reach home around 7 tonight.,ham,35.0,7.0,0,1,0.037037037037037035
10319,The meeting has been moved to tomorrow morning.,ham,47.0,8.0,0,0,0.02564102564102564
11545,I have attached the document we discussed. Talk to you later.,ham,61.0,,0,0,0.04081632653061224
11251,Congratulations winner! Claim your cash bonus before it expires. Act immediately,spam,80.0,11.0,0,0,0.04411764705882353
11192,The meeting has been moved to tomorrow morning. Have a good day.,ham,64.0,12.0,0,0,0.0392156862745098
10558,WINNER! Your number has been selected for a fantastic cash prize. Visit http://claim-now.example,spam,96.0,13.0,1,0,0.1038961038961039
10139,Thanks for helping me with the project yesterday.,ham,49.0,8.0,0,0,0.024390243902439025
11756,Can you send me the notes from yesterday's meeting? See you tomorrow.,ham,69.0,12.0,0,0,0.03636363636363636
10531,Can you send me the notes from yesterday's meeting?,ham,51.0,9.0,0,0,0.024390243902439025
10224,Thanks for helping me with the project yesterday.,ham,49.0,8.0,0,0,0.024390243902439025
10723,I have attached the document we discussed.,ham,42.0,,0,0,0.02857142857142857
10786,Can you send me the notes from yesterday's meeting?,ham,51.0,9.0,0,0,0.024390243902439025
11738,Thanks for helping me with the project yesterday.,ham,49.0,8.0,0,0,0.024390243902439025
11292,URGENT! You have been selected for a cash reward. Click the link to claim. Offer expires today,spam,94.0,17.0,0,0,0.12
10409,The meeting has been moved to tomorrow morning. Let me know.,ham,60.0,11.0,0,0,0.041666666666666664
10325,I have attached the document we discussed. See you soon.,ham,56.0,10.0,0,0,0.044444444444444446
11113,Can you send me the notes from yesterday's meeting?,ham,51.0,9.0,0,0,0.024390243902439025
10299,The meeting has been moved to tomorrow morning.,ham,47.0,8.0,0,0,0.02564102564102564
11278,Can you send me the notes from yesterday's meeting? Talk to you later.,ham,70.0,13.0,0,0,0.03636363636363636
11449,You have been chosen for a FREE vacation. Claim now. Call 1800123456,spam,68.0,12.0,0,1,0.15555555555555556
10025,Don't forget about the appointment tomorrow. Have a good day.,ham,61.0,10.0,0,0,0.04081632653061224
11882,Don't forget about the appointment tomorrow.,ham,44.0,6.0,0,0,0.02702702702702703
10714,Can you send me the notes from yesterday's meeting?,ham,51.0,9.0,0,0,0.024390243902439025
10846,The meeting has been moved to tomorrow morning. Thanks for letting me know.,ham,75.0,13.0,0,0,0.03278688524590164
10193,Exclusive offer! Get a FREE gift today. Limited time only. Offer expires today,spam,78.0,13.0,0,0,0.12698412698412698
10440,I will reach home around 7 tonight. Talk to you later.,ham,54.0,11.0,0,1,0.04878048780487805
10573,Don't forget about the appointment tomorrow. Thanks!,ham,52.0,7.0,0,0,0.046511627906976744
10946,Congratulations winner! Claim your cash bonus before it expires. http://free-reward.example,spam,91.0,10.0,1,0,0.02666666666666667
10997,You are eligible for a special reward. Visit the link immediately.,spam,66.0,11.0,0,0,0.037037037037037035
10503,The meeting has been moved to tomorrow morning. See you tomorrow.,ham,65.0,11.0,0,0,0.03773584905660377
10605,Exclusive offer! Get a FREE gift today. Limited time only. Call 1800123456,spam,74.0,12.0,0,1,0.16
11187,Can you send me the notes from yesterday's meeting?,ham,51.0,9.0,0,0,0.024390243902439025
11178,I will reach home around 7 tonight. Take care.,ham,46.0,9.0,0,1,0.05714285714285714
11809,Let me know when you arrive.,ham,28.0,6.0,0,0,0.045454545454545456
10003,I will reach home around 7 tonight.,ham,35.0,7.0,0,1,0.037037037037037035
11164,Are you free this weekend? We could watch a movie. See you tomorrow.,ham,68.0,13.0,0,0,0.05660377358490566
10467,Thanks for helping me with the project yesterday. Thanks!,ham,57.0,9.0,0,0,0.0425531914893617
10005,Don't forget about the appointment tomorrow.,ham,44.0,6.0,0,0,0.02702702702702703
11391,I will reach home around 7 tonight. Thanks for letting me know.,ham,63.0,12.0,0,1,0.04081632653061224
10547,URGENT: Your reward is waiting. Confirm your details immediately.,spam,65.0,9.0,0,0,0.14814814814814814
10228,Limited offer! Get 70% OFF today. Click here before the offer expires. Act immediately,spam,86.0,14.0,0,1,0.1044776119402985
10542,The meeting has been moved to tomorrow morning. Take care.,ham,58.0,10.0,0,0,0.0425531914893617
10242,"Hey, are we still meeting for lunch today? Thanks!",ham,50.0,9.0,0,0,0.05128205128205128
10898,URGENT: Your reward is waiting. Confirm your details immediately. Visit http://claim-now.example,spam,96.0,11.0,1,0,0.11538461538461539
11765,Please remember to buy milk on your way home. Thanks for letting me know.,ham,73.0,14.0,0,0,0.034482758620689655
11206,Let me know when you arrive. See you tomorrow.,ham,46.0,9.0,0,0,0.05555555555555555
11471,Thanks for helping me with the project yesterday. Take care.,ham,60.0,10.0,0,0,0.04081632653061224
10842,Can you send me the notes from yesterday's meeting? Thanks for letting me know.,ham,79.0,14.0,0,0,0.031746031746031744
11435,You have WON a guaranteed prize. Call now to receive your money. http://free-reward.example,spam,91.0,13.0,1,0,0.06944444444444445
11169,"You won the office quiz! Congratulations, see you tomorrow.",ham,59.0,9.0,0,0,0.045454545454545456
11994,Are you free this weekend? We could watch a movie.,ham,50.0,10.0,0,0,0.05128205128205128
10661,Please remember to buy milk on your way home.,ham,45.0,9.0,0,0,0.027777777777777776
11225,Don't forget about the appointment tomorrow.,ham,44.0,6.0,0,0,0.02702702702702703
10314,Thanks for helping me with the project yesterday. Take care.,ham,60.0,10.0,0,0,0.04081632653061224
10691,The meeting has been moved to tomorrow morning. Talk to you later.,ham,66.0,12.0,0,0,0.03773584905660377
11884,I have attached the document we discussed.,ham,42.0,7.0,0,0,0.02857142857142857
10424,Congratulations winner! Claim your cash bonus before it expires. Click now!,spam,75.0,11.0,0,0,0.04838709677419355
10594,I have attached the document we discussed. Let me know.,ham,55.0,10.0,0,0,0.045454545454545456
11988,The meeting has been moved to tomorrow morning. See you soon.,ham,61.0,11.0,0,0,0.04081632653061224
10622,I will reach home around 7 tonight. Thanks!,ham,43.0,8.0,0,1,0.06060606060606061
11185,"Hey, are we still meeting for lunch today? See you tomorrow.",ham,60.0,11.0,0,0,0.0425531914893617
11055,I will reach home around 7 tonight.,ham,35.0,7.0,0,1,0.037037037037037035
10227,Please remember to buy milk on your way home.,ham,45.0,9.0,0,0,0.027777777777777776
11132,Congratulations! You have won a free prize. Claim your reward now! Offer expires today Call 1800123456,spam,102.0,16.0,0,1,0.06756756756756757
11347,Thanks for helping me with the project yesterday. Talk to you later.,ham,68.0,12.0,0,0,0.03636363636363636
11112,I have attached the document we discussed.,ham,42.0,7.0,0,0,0.02857142857142857
10066,You have been chosen for a FREE vacation. Claim now. Offer expires today,spam,72.0,13.0,0,0,0.1206896551724138
10024,URGENT! You have been selected for a cash reward. Click the link to claim. Offer expires today Act immediately,spam,110.0,19.0,0,0,0.11235955056179775
10144,Thanks for helping me with the project yesterday.,ham,49.0,8.0,0,0,0.024390243902439025
10536,Exclusive offer! Get a FREE gift today. Limited time only. http://free-reward.example,spam,85.0,11.0,1,0,0.1044776119402985
10811,Can you send me the notes from yesterday's meeting?,ham,51.0,9.0,0,0,0.024390243902439025
11134,Exclusive offer! Get a FREE gift today. Limited time only. Visit http://claim-now.example Act immediately,spam,105.0,14.0,1,0,0.10714285714285714
10085,Exclusive offer! Get a FREE gift today. Limited time only.,spam,58.0,10.0,0,0,0.15217391304347827
11436,You have WON a guaranteed prize. Call now to receive your money. Click now!,spam,75.0,14.0,0,0,0.1016949152542373
11198,Please remember to buy milk on your way home.,ham,45.0,9.0,0,0,0.027777777777777776
11083,I will reach home around 7 tonight. Talk to you later.,ham,54.0,11.0,0,1,0.04878048780487805
11827,The meeting has been moved to tomorrow morning.,ham,47.0,8.0,0,0,0.02564102564102564
11840,You have WON a guaranteed prize. Call now to receive your money.,spam,64.0,12.0,0,0,0.09803921568627451
11389,Exclusive offer! Get a FREE gift today. Limited time only.,spam,58.0,10.0,0,0,0.15217391304347827
11159,URGENT! You have been selected for a cash reward. Click the link to claim. Call 1800123456 http://free-reward.example,spam,117.0,17.0,1,1,0.10843373493975904
10362,Don't forget about the appointment tomorrow. See you soon.,ham,58.0,9.0,0,0,0.0425531914893617
11630,Thanks for helping me with the project yesterday. Take care.,ham,60.0,10.0,0,0,0.04081632653061224
11350,The meeting has been moved to tomorrow morning.,ham,47.0,8.0,0,0,0.02564102564102564
11026,Can you send me the notes from yesterday's meeting?,ham,51.0,9.0,0,0,0.024390243902439025
11030,I will reach home around 7 tonight. Thanks for letting me know.,ham,63.0,12.0,0,1,0.04081632653061224
11232,I have attached the document we discussed. Have a good day.,ham,59.0,11.0,0,0,0.0425531914893617
11800,Please remember to buy milk on your way home. Thanks for letting me know.,ham,73.0,14.0,0,0,0.034482758620689655
11085,Let me know when you arrive.,ham,28.0,6.0,0,0,0.045454545454545456
10665,Let me know when you arrive.,ham,28.0,6.0,0,0,0.045454545454545456
10364,URGENT: Your reward is waiting. Confirm your details immediately. Call 1800123456,spam,81.0,11.0,0,1,0.15517241379310345
10077,I will reach home around 7 tonight. See you tomorrow.,ham,53.0,10.0,0,1,0.04878048780487805
10027,"Hey, are we still meeting for lunch today? Have a good day.",ham,59.0,12.0,0,0,0.044444444444444446
11453,Let me know when you arrive. Let me know.,ham,41.0,9.0,0,0,0.06451612903225806
10525,You have WON a guaranteed prize. Call now to receive your money. Offer expires today,spam,84.0,15.0,0,0,0.08823529411764706
11857,Please remember to buy milk on your way home.,ham,45.0,9.0,0,0,0.027777777777777776
10055,URGENT: Your reward is waiting. Confirm your details immediately. Call 1800123456,spam,81.0,11.0,0,1,0.15517241379310345
10638,Please remember to buy milk on your way home.,ham,45.0,9.0,0,0,0.027777777777777776
10302,Please remember to buy milk on your way home.,ham,45.0,9.0,0,0,0.027777777777777776
10718,I will reach home around 7 tonight. Let me know.,ham,48.0,10.0,0,1,0.05555555555555555
10624,"Hey, are we still meeting for lunch today?",ham,42.0,8.0,0,0,0.030303030303030304
10007,Can you send me the notes from yesterday's meeting? Have a good day.,ham,68.0,13.0,0,0,0.03773584905660377
10803,"Hey, are we still meeting for lunch today? Take care.",ham,53.0,10.0,0,0,0.04878048780487805
11049,The meeting has been moved to tomorrow morning.,ham,47.0,8.0,0,0,0.02564102564102564
10336,I will reach home around 7 tonight. See you soon.,ham,49.0,10.0,0,1,0.05405405405405406
10047,Don't forget about the appointment tomorrow.,ham,44.0,6.0,0,0,0.02702702702702703
11498,Thanks for helping me with the project yesterday.,ham,49.0,8.0,0,0,0.024390243902439025
10106,"Hey, are we still meeting for lunch today?",ham,42.0,8.0,0,0,0.030303030303030304
10349,Please remember to buy milk on your way home. Have a good day.,ham,62.0,13.0,0,0,0.041666666666666664
11079,Are you free this weekend? We could watch a movie.,ham,50.0,10.0,0,0,0.05128205128205128
10238,WINNER! Your number has been selected for a fantastic cash prize. Act immediately Click now!,spam,92.0,15.0,0,0,0.12
10213,Please remember to buy milk on your way home.,ham,45.0,9.0,0,0,0.027777777777777776
11268,URGENT! You have been selected for a cash reward. Click the link to claim. Act immediately Visit http://claim-now.example,spam,121.0,18.0,1,0,0.10416666666666667
11746,Are you free this weekend? We could watch a movie. See you soon.,ham,64.0,13.0,0,0,0.061224489795918366
10793,Please remember to buy milk on your way home. Let me know.,ham,58.0,12.0,0,0,0.044444444444444446
11096,I will reach home around 7 tonight. Let me know.,ham,48.0,10.0,0,1,0.05555555555555555
11822,The meeting has been moved to tomorrow morning.,ham,47.0,8.0,0,0,0.02564102564102564
11137,Please remember to buy milk on your way home. Talk to you later.,ham,64.0,13.0,0,0,0.04
11601,Exclusive offer! Get a FREE gift today. Limited time only.,spam,58.0,10.0,0,0,0.15217391304347827
11692,The meeting has been moved to tomorrow morning. See you tomorrow.,ham,65.0,11.0,0,0,0.03773584905660377
10523,Congratulations! You have won a free prize. Claim your reward now!,spam,66.0,11.0,0,0,0.05660377358490566
10232,Please remember to buy milk on your way home. Take care.,ham,56.0,11.0,0,0,0.045454545454545456
10644,Let me know when you arrive. Thanks!,ham,36.0,7.0,0,0,0.07142857142857142
11526,You have WON a guaranteed prize. Call now to receive your money. Call 1800123456,spam,80.0,14.0,0,1,0.10909090909090909
10533,The meeting has been moved to tomorrow morning. Let me know.,ham,60.0,11.0,0,0,0.041666666666666664
11978,The meeting has been moved to tomorrow morning. Talk to you later.,ham,66.0,12.0,0,0,0.03773584905660377
10603,The meeting has been moved to tomorrow morning. Thanks for letting me know.,ham,75.0,13.0,0,0,0.03278688524590164
11240,Let me know when you arrive. Have a good day.,ham,45.0,10.0,0,0,0.058823529411764705
11074,The meeting has been moved to tomorrow morning. Take care.,ham,58.0,10.0,0,0,0.0425531914893617
11320,Congratulations! You have won a free prize. Claim your reward now!,spam,66.0,11.0,0,0,0.05660377358490566
10060,Can you send me the notes from yesterday's meeting?,ham,51.0,9.0,0,0,0.024390243902439025
11581,I have attached the document we discussed. Talk to you later.,ham,61.0,11.0,0,0,0.04081632653061224
10092,You have been chosen for a FREE vacation. Claim now. Visit http://claim-now.example Offer expires today,spam,103.0,15.0,1,0,0.0975609756097561
10666,Thanks for helping me with the project yesterday.,ham,49.0,8.0,0,0,0.024390243902439025
10280,Don't forget about the appointment tomorrow. Have a good day.,ham,61.0,10.0,0,0,0.04081632653061224
11128,The meeting has been moved to tomorrow morning. Thanks for letting me know.,ham,75.0,13.0,0,0,0.03278688524590164
10359,I will reach home around 7 tonight.,ham,35.0,7.0,0,1,0.037037037037037035
11669,Are you free this weekend? We could watch a movie. Thanks for letting me know.,ham,78.0,15.0,0,0,0.04918032786885246
11582,The meeting has been moved to tomorrow morning.,ham,47.0,8.0,0,0,0.02564102564102564
10847,I have attached the document we discussed.,ham,42.0,7.0,0,0,0.02857142857142857
11394,,spam,84.0,15.0,0,0,0.16176470588235295
10110,Can you send me the notes from yesterday's meeting? Have a good day.,ham,68.0,13.0,0,0,0.03773584905660377
10042,Please remember to buy milk on your way home. See you tomorrow.,ham,63.0,12.0,0,0,0.04
10125,Can you send me the notes from yesterday's meeting? See you soon.,ham,65.0,12.0,0,0,0.0392156862745098
10204,,ham,50.0,9.0,0,0,0.05128205128205128
10052,The meeting has been moved to tomorrow morning. Talk to you later.,ham,66.0,12.0,0,0,0.03773584905660377
10545,The meeting has been moved to tomorrow morning.,ham,47.0,8.0,0,0,0.02564102564102564
10068,Can you send me the notes from yesterday's meeting? Let me know.,ham,64.0,12.0,0,0,0.04
11151,Can you send me the notes from yesterday's meeting? Take care.,ham,62.0,11.0,0,0,0.04081632653061224
11566,Please remember to buy milk on your way home. Thanks for letting me know.,ham,73.0,14.0,0,0,0.034482758620689655
10183,Let me know when you arrive. Let me know.,ham,41.0,9.0,0,0,0.06451612903225806
10137,"Hey, are we still meeting for lunch today? Thanks!",ham,50.0,9.0,0,0,0.05128205128205128
10899,Don't forget about the appointment tomorrow.,ham,44.0,6.0,0,0,0.02702702702702703
10796,You are eligible for a special reward. Visit the link immediately. Call 9876543210,spam,82.0,13.0,0,1,0.05172413793103448
10132,Congratulations winner! Claim your cash bonus before it expires. http://free-reward.example Reply YES to claim,spam,110.0,14.0,1,0,0.06666666666666667
10080,I have attached the document we discussed. See you soon.,ham,56.0,10.0,0,0,0.044444444444444446
11501,Don't forget about the appointment tomorrow. Take care.,ham,55.0,8.0,0,0,0.044444444444444446
11559,Thanks for helping me with the project yesterday.,ham,49.0,8.0,0,0,0.024390243902439025
10541,I will reach home around 7 tonight. Thanks!,ham,43.0,8.0,0,1,0.06060606060606061
11614,Congratulations winner! Claim your cash bonus before it expires. Act immediately,spam,80.0,11.0,0,0,0.04411764705882353
10983,Exclusive offer! Get a FREE gift today. Limited time only.,spam,58.0,10.0,0,0,0.15217391304347827
10165,Please remember to buy milk on your way home.,ham,45.0,9.0,0,0,0.027777777777777776
10248,Don't forget about the appointment tomorrow. Have a good day.,ham,61.0,10.0,0,0,0.04081632653061224
10446,Don't forget about the appointment tomorrow. Have a good day.,ham,61.0,10.0,0,0,0.04081632653061224
11163,URGENT! You have been selected for a cash reward. Click the link to claim. Call 1800123456,spam,90.0,16.0,0,1,0.14516129032258066
10858,I have attached the document we discussed.,ham,42.0,7.0,0,0,0.02857142857142857
11226,Let me know when you arrive. Take care.,ham,39.0,8.0,0,0,0.06666666666666667
10097,I have attached the document we discussed.,ham,42.0,7.0,0,0,0.02857142857142857
11998,Don't forget about the appointment tomorrow. Have a good day.,ham,61.0,10.0,0,0,0.04081632653061224
10737,The meeting has been moved to tomorrow morning. See you tomorrow.,ham,65.0,11.0,0,0,0.03773584905660377
11271,"Hey, are we still meeting for lunch today?",ham,42.0,8.0,0,0,0.030303030303030304
10102,Can you send me the notes from yesterday's meeting? See you tomorrow.,ham,69.0,12.0,0,0,0.03636363636363636
10434,The meeting has been moved to tomorrow morning.,ham,47.0,8.0,0,0,0.02564102564102564
10074,Congratulations winner! Claim your cash bonus before it expires. Visit http://claim-now.example,spam,95.0,11.0,1,0,0.038461538461538464
11814,Exclusive offer! Get a FREE gift today. Limited time only. Click now! Click now!,spam,80.0,14.0,0,0,0.14516129032258066
11216,The meeting has been moved to tomorrow morning.,ham,47.0,8.0,0,0,0.02564102564102564
10918,I will reach home around 7 tonight.,ham,35.0,7.0,0,1,0.037037037037037035
11732,Are you free this weekend? We could watch a movie.,ham,50.0,10.0,0,0,0.05128205128205128
11691,Don't forget about the appointment tomorrow. Thanks!,ham,52.0,7.0,0,0,0.046511627906976744
11639,Are you free this weekend? We could watch a movie.,ham,50.0,10.0,0,0,0.05128205128205128
10762,Are you free this weekend? We could watch a movie. See you tomorrow.,ham,68.0,13.0,0,0,0.05660377358490566
10989,I will reach home around 7 tonight. Thanks for letting me know.,ham,63.0,12.0,0,1,0.04081632653061224
10388,You are eligible for a special reward. Visit the link immediately.,spam,66.0,11.0,0,0,0.037037037037037035
10235,The meeting has been moved to tomorrow morning.,ham,47.0,8.0,0,0,0.02564102564102564
11525,I will reach home around 7 tonight. Thanks!,ham,43.0,8.0,0,1,0.06060606060606061
10267,Limited offer! Get 70% OFF today. Click here before the offer expires. http://free-reward.example,spam,97.0,13.0,1,1,0.08108108108108109
11202,WINNER! Your number has been selected for a fantastic cash prize.,spam,65.0,11.0,0,0,0.1320754716981132
10117,Thanks for helping me with the project yesterday.,ham,49.0,8.0,0,0,0.024390243902439025
11625,Please remember to buy milk on your way home. Talk to you later.,ham,64.0,13.0,0,0,0.04
10673,I have attached the document we discussed. Thanks for letting me know.,ham,70.0,12.0,0,0,0.03508771929824561
10249,Congratulations winner! Claim your cash bonus before it expires. Click now!,spam,75.0,11.0,0,0,0.04838709677419355
11476,I have attached the document we discussed.,ham,42.0,7.0,0,0,0.02857142857142857
11852,URGENT: Your reward is waiting. Confirm your details immediately. Visit http://claim-now.example,spam,,11.0,1,0,0.11538461538461539
10094,Please remember to buy milk on your way home. Have a good day.,ham,62.0,13.0,0,0,0.041666666666666664
10033,,ham,53.0,10.0,0,1,0.04878048780487805
11292,URGENT! You have been selected for a cash reward. Click the link to claim. Offer expires today,spam,94.0,17.0,0,0,0.12
11688,I will reach home around 7 tonight. Thanks for letting me know.,ham,63.0,12.0,0,1,0.04081632653061224
10448,I have attached the document we discussed.,ham,42.0,7.0,0,0,0.02857142857142857
10716,URGENT! You have been selected for a cash reward. Click the link to claim. Call 9876543210,spam,90.0,16.0,0,1,0.14516129032258066
11280,Limited offer! Get 70% OFF today. Click here before the offer expires. Act immediately Reply YES to claim,spam,105.0,18.0,0,1,0.13414634146341464
11536,Can you send me the notes from yesterday's meeting?,ham,51.0,9.0,0,0,0.024390243902439025
10000,Can you send me the notes from yesterday's meeting?,ham,51.0,9.0,0,0,0.024390243902439025
11392,Congratulations! You have won a free prize. Claim your reward now! Call 1800123456,spam,82.0,13.0,0,1,0.07017543859649122
11101,Don't forget about the appointment tomorrow. See you soon.,ham,58.0,9.0,0,0,0.0425531914893617
11108,I have attached the document we discussed. Let me know.,ham,55.0,10.0,0,0,0.045454545454545456
11848,The meeting has been moved to tomorrow morning. Thanks!,ham,,9.0,0,0,0.044444444444444446
10082,Are you free this weekend? We could watch a movie.,ham,50.0,10.0,0,0,0.05128205128205128
11304,I have attached the document we discussed. See you tomorrow.,ham,60.0,10.0,0,0,0.04081632653061224
10676,Are you free this weekend? We could watch a movie. See you tomorrow.,ham,68.0,13.0,0,0,0.05660377358490566
11468,Exclusive offer! Get a FREE gift today. Limited time only. Offer expires today,spam,78.0,13.0,0,0,0.12698412698412698
11046,I will reach home around 7 tonight. Thanks for letting me know.,ham,63.0,12.0,0,1,0.04081632653061224
10770,Thanks for helping me with the project yesterday.,ham,49.0,8.0,0,0,0.024390243902439025
11230,URGENT! You have been selected for a cash reward. Click the link to claim. Act immediately,spam,90.0,16.0,0,0,0.125
11540,I will reach home around 7 tonight.,ham,35.0,7.0,0,1,0.037037037037037035
11599,Can you send me the notes from yesterday's meeting? See you soon.,ham,65.0,12.0,0,0,0.0392156862745098
11507,I will reach home around 7 tonight.,ham,35.0,7.0,0,1,0.037037037037037035
10404,I have attached the document we discussed. See you tomorrow.,ham,60.0,10.0,0,0,0.04081632653061224
11749,URGENT! You have been selected for a cash reward. Click the link to claim. Visit http://claim-now.example,spam,105.0,16.0,1,0,0.10975609756097561
11314,I have attached the document we discussed.,ham,42.0,7.0,0,0,0.02857142857142857
11356,Can you send me the notes from yesterday's meeting? See you soon.,ham,65.0,12.0,0,0,0.0392156862745098
10104,URGENT: Your reward is waiting. Confirm your details immediately.,spam,65.0,9.0,0,0,0.14814814814814814
10688,Please remember to buy milk on your way home. Have a good day.,ham,62.0,13.0,0,0,0.041666666666666664
11696,Please remember to buy milk on your way home. Take care.,ham,56.0,11.0,0,0,0.045454545454545456
10826,I will reach home around 7 tonight.,ham,35.0,7.0,0,1,0.037037037037037035
10062,I will reach home around 7 tonight. Take care.,ham,46.0,9.0,0,1,0.05714285714285714
10852,Don't forget about the appointment tomorrow. Take care.,ham,55.0,8.0,0,0,0.044444444444444446
11658,I will reach home around 7 tonight.,ham,35.0,7.0,0,1,0.037037037037037035
10223,I will reach home around 7 tonight. Thanks!,ham,43.0,8.0,0,1,0.06060606060606061
10145,"Hey, are we still meeting for lunch today? Take care.",ham,53.0,10.0,0,0,0.04878048780487805
11088,Congratulations winner! Claim your cash bonus before it expires. Visit http://claim-now.example,spam,95.0,11.0,1,0,0.038461538461538464
10373,Thanks for helping me with the project yesterday. Thanks for letting me know.,ham,77.0,13.0,0,0,0.031746031746031744
11999,I have attached the document we discussed. Let me know.,ham,55.0,10.0,0,0,0.045454545454545456
11142,Can you send me the notes from yesterday's meeting? Take care.,ham,62.0,11.0,0,0,0.04081632653061224
11849,I have attached the document we discussed. Thanks for letting me know.,ham,70.0,12.0,0,0,0.03508771929824561
11876,The meeting has been moved to tomorrow morning.,ham,47.0,8.0,0,0,0.02564102564102564
11620,Are you free this weekend? We could watch a movie. Thanks!,ham,58.0,11.0,0,0,0.06666666666666667
11286,Don't forget about the appointment tomorrow. See you soon.,ham,58.0,9.0,0,0,0.0425531914893617
10009,Let me know when you arrive. Have a good day.,ham,45.0,10.0,0,0,0.058823529411764705
10449,Limited offer! Get 70% OFF today. Click here before the offer expires.,spam,70.0,12.0,0,1,0.11320754716981132
10708,Don't forget about the appointment tomorrow. See you soon.,ham,58.0,9.0,0,0,0.0425531914893617
10255,Are you free this weekend? We could watch a movie. See you tomorrow.,ham,68.0,13.0,0,0,0.05660377358490566
10882,Congratulations winner! Claim your cash bonus before it expires.,spam,64.0,9.0,0,0,0.037037037037037035
10389,You have WON a guaranteed prize. Call now to receive your money. http://free-reward.example Reply YES to claim,spam,110.0,17.0,1,0,0.10344827586206896
10908,URGENT: Your reward is waiting. Confirm your details immediately.,spam,65.0,9.0,0,0,0.14814814814814814
10924,You have been chosen for a FREE vacation. Claim now. Call 9876543210,spam,68.0,12.0,0,1,0.15555555555555556
11646,WINNER! Your number has been selected for a fantastic cash prize.,spam,65.0,11.0,0,0,0.1320754716981132
11247,"Hey, are we still meeting for lunch today?",ham,42.0,8.0,0,0,0.030303030303030304
10460,I have attached the document we discussed. Thanks for letting me know.,ham,70.0,12.0,0,0,0.03508771929824561
11285,Are you free this weekend? We could watch a movie. Let me know.,ham,63.0,13.0,0,0,0.0625
11721,Exclusive offer! Get a FREE gift today. Limited time only. Call 1800123456,spam,74.0,12.0,0,1,0.16
11168,Exclusive offer! Get a FREE gift today. Limited time only. Call 1800123456,spam,74.0,12.0,0,1,0.16
10958,Don't forget about the appointment tomorrow. Thanks for letting me know.,ham,72.0,11.0,0,0,0.03389830508474576
10501,I have attached the document we discussed. Thanks!,ham,50.0,8.0,0,0,0.04878048780487805
10739,Can you send me the notes from yesterday's meeting?,ham,51.0,9.0,0,0,0.024390243902439025
11873,Exclusive offer! Get a FREE gift today. Limited time only. Click now!,spam,69.0,12.0,0,0,0.14814814814814814
10868,Are you free this weekend? We could watch a movie.,ham,50.0,10.0,0,0,0.05128205128205128
10731,Are you free this weekend? We could watch a movie.,ham,50.0,10.0,0,0,0.05128205128205128
10539,,ham,44.0,6.0,0,0,0.02702702702702703
11201,Thanks for helping me with the project yesterday. Talk to you later.,ham,68.0,12.0,0,0,0.03636363636363636
10697,Don't forget about the appointment tomorrow. See you tomorrow.,ham,62.0,9.0,0,0,0.0392156862745098
11567,Are you free this weekend? We could watch a movie. Talk to you later.,ham,69.0,14.0,0,0,0.05660377358490566
11393,Thanks for helping me with the project yesterday. Talk to you later.,ham,68.0,12.0,0,0,0.03636363636363636
11145,Don't forget about the appointment tomorrow.,ham,44.0,6.0,0,0,0.02702702702702703
11031,"Hey, are we still meeting for lunch today?",ham,42.0,8.0,0,0,0.030303030303030304
10372,URGENT! You have been selected for a cash reward. Click the link to claim. Act immediately Click now!,spam,101.0,18.0,0,0,0.125
10667,Don't forget about the appointment tomorrow.,ham,44.0,6.0,0,0,0.02702702702702703
11544,The meeting has been moved to tomorrow morning. Let me know.,ham,60.0,11.0,0,0,0.041666666666666664
10357,Are you free this weekend? We could watch a movie.,ham,50.0,,0,0,0.05128205128205128
10967,Please remember to buy milk on your way home.,ham,45.0,9.0,0,0,0.027777777777777776
10783,Let me know when you arrive. Thanks!,ham,36.0,7.0,0,0,0.07142857142857142
10735,Are you free this weekend? We could watch a movie.,ham,50.0,10.0,0,0,0.05128205128205128
11035,Don't forget about the appointment tomorrow.,ham,44.0,6.0,0,0,0.02702702702702703
10970,Let me know when you arrive.,ham,28.0,6.0,0,0,0.045454545454545456
11543,The meeting has been moved to tomorrow morning.,ham,47.0,8.0,0,0,0.02564102564102564
11505,Let me know when you arrive. Take care.,ham,39.0,8.0,0,0,0.06666666666666667
11542,I will reach home around 7 tonight.,ham,35.0,7.0,0,1,0.037037037037037035
11366,Thanks for helping me with the project yesterday. Thanks for letting me know.,ham,77.0,13.0,0,0,0.031746031746031744
11509,Thanks for helping me with the project yesterday. Thanks!,ham,57.0,9.0,0,0,0.0425531914893617
11747,"Hey, are we still meeting for lunch today? Thanks!",ham,50.0,9.0,0,0,0.05128205128205128
11252,Congratulations winner! Claim your cash bonus before it expires. Click now! Call 9876543210,spam,91.0,13.0,0,1,0.06060606060606061
11938,I will reach home around 7 tonight. See you soon.,ham,49.0,10.0,0,1,0.05405405405405406
11736,Can you send me the notes from yesterday's meeting? Take care.,ham,62.0,11.0,0,0,0.04081632653061224
11236,Don't forget about the appointment tomorrow.,ham,,6.0,0,0,0.02702702702702703
10885,I will reach home around 7 tonight. Thanks!,ham,43.0,8.0,0,1,0.06060606060606061
10079,Don't forget about the appointment tomorrow. See you tomorrow.,ham,,9.0,0,0,0.0392156862745098
11172,I will reach home around 7 tonight.,ham,35.0,7.0,0,1,0.037037037037037035
10814,I will reach home around 7 tonight.,ham,35.0,7.0,0,1,0.037037037037037035
11301,Please remember to buy milk on your way home.,ham,45.0,9.0,0,0,0.027777777777777776
10671,The meeting has been moved to tomorrow morning. See you soon.,ham,61.0,11.0,0,0,0.04081632653061224
11550,URGENT! You have been selected for a cash reward. Click the link to claim. Act immediately,spam,90.0,16.0,0,0,0.125
10057,Are you free this weekend? We could watch a movie. Have a good day.,ham,67.0,14.0,0,0,0.058823529411764705
10133,URGENT! You have been selected for a cash reward. Click the link to claim. http://free-reward.example,spam,101.0,15.0,1,0,0.10126582278481013
11140,Limited offer! Get 70% OFF today. Click here before the offer expires. Offer expires today,spam,90.0,15.0,0,1,0.1
10933,"Hey, are we still meeting for lunch today? Take care.",ham,53.0,10.0,0,0,0.04878048780487805
11982,Congratulations! You have won a free prize. Claim your reward now! http://free-reward.example,spam,93.0,12.0,1,0,0.04054054054054054
10823,The meeting has been moved to tomorrow morning.,ham,47.0,8.0,0,0,0.02564102564102564
11214,I have attached the document we discussed. Have a good day.,ham,59.0,11.0,0,0,0.0425531914893617
10504,Can you send me the notes from yesterday's meeting?,ham,51.0,9.0,0,0,0.024390243902439025
11797,Thanks for helping me with the project yesterday.,ham,49.0,8.0,0,0,0.024390243902439025
10347,URGENT! You have been selected for a cash reward. Click the link to claim.,spam,74.0,14.0,0,0,0.13793103448275862
10386,Are you free this weekend? We could watch a movie.,ham,50.0,10.0,0,0,0.05128205128205128
11024,Are you free this weekend? We could watch a movie. Take care.,ham,61.0,,0,0,0.06382978723404255
10894,Can you send me the notes from yesterday's meeting? Let me know.,ham,64.0,12.0,0,0,0.04
10828,You have been chosen for a FREE vacation. Claim now. Reply YES to claim,spam,71.0,14.0,0,0,0.17857142857142858
11917,You have WON a guaranteed prize. Call now to receive your money. Call 9876543210,spam,,14.0,0,1,0.10909090909090909
10475,Can you send me the notes from yesterday's meeting? Thanks for letting me know.,ham,79.0,14.0,0,0,0.031746031746031744
11489,Don't forget about the appointment tomorrow. Talk to you later.,ham,63.0,10.0,0,0,0.0392156862745098
11464,WINNER! Your number has been selected for a fantastic cash prize. Call 9876543210 Act immediately,spam,97.0,15.0,0,1,0.1267605633802817
11934,Please remember to buy milk on your way home.,ham,45.0,9.0,0,0,0.027777777777777776
10652,I have attached the document we discussed. See you soon.,ham,56.0,10.0,0,0,0.044444444444444446
10172,"Hey, are we still meeting for lunch today?",ham,42.0,8.0,0,0,0.030303030303030304
11149,The meeting has been moved to tomorrow morning.,ham,47.0,8.0,0,0,0.02564102564102564
10038,I will reach home around 7 tonight.,ham,35.0,7.0,0,1,0.037037037037037035
10713,Thanks for helping me with the project yesterday.,ham,49.0,8.0,0,0,0.024390243902439025
10090,You have been chosen for a FREE vacation. Claim now. Visit http://claim-now.example,spam,83.0,12.0,1,0,0.1076923076923077
11961,Congratulations winner! Claim your cash bonus before it expires. http://free-reward.example Visit http://claim-now.example,spam,122.0,12.0,1,0,0.030303030303030304
11205,I will reach home around 7 tonight. Have a good day.,ham,52.0,11.0,0,1,0.05128205128205128
10875,URGENT: Your reward is waiting. Confirm your details immediately. Visit http://claim-now.example,spam,96.0,11.0,1,0,0.11538461538461539
11890,Congratulations! You have won a free prize. Claim your reward now! Act immediately,spam,82.0,13.0,0,0,0.05970149253731343
11914,Please remember to buy milk on your way home.,ham,45.0,9.0,0,0,0.027777777777777776
11093,Can you send me the notes from yesterday's meeting?,ham,51.0,9.0,0,0,0.024390243902439025
11155,Are you free this weekend? We could watch a movie. See you soon.,ham,64.0,13.0,0,0,0.061224489795918366
11380,Thanks for helping me with the project yesterday.,ham,49.0,8.0,0,0,0.024390243902439025
11983,Let me know when you arrive.,ham,28.0,6.0,0,0,0.045454545454545456
10499,Thanks for helping me with the project yesterday. Thanks for letting me know.,ham,77.0,13.0,0,0,0.031746031746031744
10338,Are you free this weekend? We could watch a movie.,ham,50.0,10.0,0,0,0.05128205128205128
11188,Thanks for helping me with the project yesterday.,ham,49.0,8.0,0,0,0.024390243902439025
10028,The meeting has been moved to tomorrow morning. Thanks!,ham,55.0,9.0,0,0,0.044444444444444446
11217,Let me know when you arrive.,ham,28.0,6.0,0,0,0.045454545454545456
11341,Thanks for helping me with the project yesterday. Thanks!,ham,57.0,9.0,0,0,0.0425531914893617
11843,Can you send me the notes from yesterday's meeting? See you soon.,ham,65.0,12.0,0,0,0.0392156862745098
10945,Congratulations! You have won a free prize. Claim your reward now!,spam,66.0,11.0,0,0,0.05660377358490566
10169,I will reach home around 7 tonight. Let me know.,ham,48.0,10.0,0,1,0.05555555555555555
11421,Are you free this weekend? We could watch a movie. See you tomorrow.,ham,68.0,13.0,0,0,0.05660377358490566
11197,URGENT: Your reward is waiting. Confirm your details immediately. Call 9876543210,spam,81.0,11.0,0,1,0.15517241379310345
11253,Don't forget about the appointment tomorrow.,ham,44.0,6.0,0,0,0.02702702702702703
11642,Can you send me the notes from yesterday's meeting?,ham,51.0,9.0,0,0,0.024390243902439025
10912,The meeting has been moved to tomorrow morning.,ham,47.0,8.0,0,0,0.02564102564102564
10491,URGENT: Your reward is waiting. Confirm your details immediately. Call 1800123456,spam,81.0,11.0,0,1,0.15517241379310345
10953,I will reach home around 7 tonight. Take care.,ham,46.0,9.0,0,1,0.05714285714285714
11097,Don't forget about the appointment tomorrow. Thanks!,ham,52.0,7.0,0,0,0.046511627906976744
11032,I will reach home around 7 tonight. Thanks!,ham,43.0,8.0,0,1,0.06060606060606061
10587,I will reach home around 7 tonight. Talk to you later.,ham,54.0,11.0,0,1,0.04878048780487805
10750,URGENT: Your reward is waiting. Confirm your details immediately. Offer expires today Act immediately,spam,101.0,14.0,0,0,0.11764705882352941
10657,Thanks for helping me with the project yesterday. Thanks!,ham,57.0,9.0,0,0,0.0425531914893617
10234,URGENT! You have been selected for a cash reward. Click the link to claim.,spam,74.0,14.0,0,0,0.13793103448275862
10732,I have attached the document we discussed. Take care.,ham,53.0,9.0,0,0,0.046511627906976744
10584,,ham,56.0,11.0,0,0,0.045454545454545456
11651,Don't forget about the appointment tomorrow. Talk to you later.,ham,63.0,10.0,0,0,0.0392156862745098
11156,Thanks for helping me with the project yesterday. See you soon.,ham,63.0,11.0,0,0,0.0392156862745098
11488,Congratulations! You have won a free prize. Claim your reward now! Reply YES to claim,spam,85.0,15.0,0,0,0.10294117647058823
11441,I will reach home around 7 tonight. Have a good day.,ham,52.0,11.0,0,1,0.05128205128205128
11646,WINNER! Your number has been selected for a fantastic cash prize.,spam,65.0,11.0,0,0,0.1320754716981132
10934,"Hey, are we still meeting for lunch today?",ham,42.0,8.0,0,0,0.030303030303030304
11209,WINNER! Your number has been selected for a fantastic cash prize.,spam,65.0,11.0,0,0,0.1320754716981132
11065,You have been chosen for a FREE vacation. Claim now. Reply YES to claim,spam,71.0,14.0,0,0,0.17857142857142858
10108,Congratulations! You have won a free prize. Claim your reward now!,spam,66.0,11.0,0,0,0.05660377358490566
11561,URGENT: Your reward is waiting. Confirm your details immediately. Call 1800123456 Act immediately,spam,97.0,13.0,0,1,0.1388888888888889
10568,You are eligible for a special reward. Visit the link immediately. Call 1800123456 Call 9876543210,spam,98.0,15.0,0,1,0.06451612903225806
11167,I will reach home around 7 tonight.,ham,35.0,7.0,0,1,0.037037037037037035
11174,I have attached the document we discussed. Thanks for letting me know.,ham,70.0,12.0,0,0,0.03508771929824561
10890,Please remember to buy milk on your way home.,ham,45.0,9.0,0,0,0.027777777777777776
10947,I will reach home around 7 tonight.,ham,35.0,7.0,0,1,0.037037037037037035
11048,You have been chosen for a FREE vacation. Claim now. Call 9876543210,spam,68.0,12.0,0,1,0.15555555555555556
11368,Let me know when you arrive.,ham,28.0,6.0,0,0,0.045454545454545456
11627,Are you free this weekend? We could watch a movie. Take care.,ham,61.0,12.0,0,0,0.06382978723404255
11463,The meeting has been moved to tomorrow morning.,ham,47.0,8.0,0,0,0.02564102564102564
10884,Thanks for helping me with the project yesterday. See you tomorrow.,ham,67.0,11.0,0,0,0.03636363636363636
11693,Let me know when you arrive.,ham,28.0,6.0,0,0,0.045454545454545456
10850,The meeting has been moved to tomorrow morning.,ham,47.0,8.0,0,0,0.02564102564102564
10734,Can you send me the notes from yesterday's meeting?,ham,51.0,9.0,0,0,0.024390243902439025
10717,You are eligible for a special reward. Visit the link immediately. Visit http://claim-now.example Call 9876543210,spam,113.0,15.0,1,1,0.04878048780487805
10454,Please remember to buy milk on your way home.,ham,45.0,9.0,0,0,0.027777777777777776
10264,Let me know when you arrive.,ham,28.0,6.0,0,0,0.045454545454545456
10075,Let me know when you arrive. Thanks!,ham,36.0,7.0,0,0,0.07142857142857142
11677,I have attached the document we discussed.,ham,42.0,7.0,0,0,0.02857142857142857
10444,Don't forget about the appointment tomorrow.,ham,44.0,6.0,0,0,0.02702702702702703
10395,Please remember to buy milk on your way home.,ham,45.0,9.0,0,0,0.027777777777777776
10176,You have been chosen for a FREE vacation. Claim now.,spam,52.0,10.0,0,0,0.14634146341463414
11042,Thanks for helping me with the project yesterday. See you tomorrow.,ham,67.0,11.0,0,0,0.03636363636363636
11828,Thanks for helping me with the project yesterday. Have a good day.,ham,66.0,12.0,0,0,0.03773584905660377
11418,I have attached the document we discussed. Thanks!,ham,50.0,8.0,0,0,0.04878048780487805
11553,Limited offer! Get 70% OFF today. Click here before the offer expires.,spam,70.0,12.0,0,1,0.11320754716981132
11776,I will reach home around 7 tonight. Talk to you later.,ham,54.0,11.0,0,1,0.04878048780487805
10595,"Hey, are we still meeting for lunch today? Thanks for letting me know.",ham,70.0,13.0,0,0,0.03636363636363636
10061,I will reach home around 7 tonight.,ham,35.0,7.0,0,1,0.037037037037037035
11296,I will reach home around 7 tonight. Thanks for letting me know.,ham,63.0,12.0,0,1,0.04081632653061224
10872,Are you free this weekend? We could watch a movie.,ham,50.0,10.0,0,0,0.05128205128205128
11966,"Hey, are we still meeting for lunch today? Thanks!",ham,50.0,9.0,0,0,0.05128205128205128
11903,You have been chosen for a FREE vacation. Claim now. Visit http://claim-now.example,spam,83.0,12.0,1,0,0.1076923076923077
10278,I have attached the document we discussed. Thanks!,ham,50.0,8.0,0,0,0.04878048780487805
10036,Can you send me the notes from yesterday's meeting? Talk to you later.,ham,70.0,13.0,0,0,0.03636363636363636
11710,The meeting has been moved to tomorrow morning. Talk to you later.,ham,66.0,12.0,0,0,0.03773584905660377
10662,Let me know when you arrive. Talk to you later.,ham,47.0,10.0,0,0,0.05555555555555555
11829,"Hey, are we still meeting for lunch today? Have a good day.",ham,59.0,12.0,0,0,0.044444444444444446
11461,Don't forget about the appointment tomorrow. Let me know.,ham,57.0,9.0,0,0,0.043478260869565216
10977,"Hey, are we still meeting for lunch today?",ham,42.0,8.0,0,0,0.030303030303030304
11971,You have been chosen for a FREE vacation. Claim now. Reply YES to claim,spam,71.0,14.0,0,0,0.17857142857142858
10738,I will reach home around 7 tonight. Thanks for letting me know.,ham,63.0,12.0,0,1,0.04081632653061224
10191,URGENT: Your reward is waiting. Confirm your details immediately. Reply YES to claim,spam,84.0,13.0,0,0,0.17391304347826086
10919,Please remember to buy milk on your way home. Talk to you later.,ham,64.0,13.0,0,0,0.04
10456,URGENT! You have been selected for a cash reward. Click the link to claim. Visit http://claim-now.example Reply YES to claim,spam,124.0,20.0,1,0,0.13402061855670103
10675,Can you send me the notes from yesterday's meeting?,ham,51.0,9.0,0,0,0.024390243902439025
10760,"Hey, are we still meeting for lunch today?",ham,42.0,8.0,0,0,0.030303030303030304
11830,Can you send me the notes from yesterday's meeting?,ham,51.0,9.0,0,0,0.024390243902439025
11621,The meeting has been moved to tomorrow morning. See you soon.,ham,61.0,11.0,0,0,0.04081632653061224
10728,Let me know when you arrive. Have a good day.,ham,45.0,,0,0,0.058823529411764705
10412,URGENT! You have been selected for a cash reward. Click the link to claim.,spam,74.0,14.0,0,0,0.13793103448275862
11098,You have been chosen for a FREE vacation. Claim now.,spam,52.0,10.0,0,0,0.14634146341463414
10825,Please remember to buy milk on your way home. See you tomorrow.,ham,63.0,12.0,0,0,0.04
11860,"Hey, are we still meeting for lunch today?",ham,42.0,8.0,0,0,0.030303030303030304
10616,Don't forget about the appointment tomorrow. Thanks for letting me know.,ham,72.0,11.0,0,0,0.03389830508474576
10114,I will reach home around 7 tonight.,ham,35.0,7.0,0,1,0.037037037037037035
10417,Can you send me the notes from yesterday's meeting?,ham,51.0,9.0,0,0,0.024390243902439025
11935,Are you free this weekend? We could watch a movie.,ham,50.0,10.0,0,0,0.05128205128205128
10969,You have WON a guaranteed prize. Call now to receive your money. Call 9876543210,spam,80.0,14.0,0,1,0.10909090909090909
10604,The meeting has been moved to tomorrow morning.,ham,47.0,8.0,0,0,0.02564102564102564
11943,"Hey, are we still meeting for lunch today? Have a good day.",ham,59.0,12.0,0,0,0.044444444444444446
10089,Can you send me the notes from yesterday's meeting?,ham,51.0,9.0,0,0,0.024390243902439025
10848,"Hey, are we still meeting for lunch today? See you soon.",ham,56.0,11.0,0,0,0.046511627906976744
11538,Don't forget about the appointment tomorrow.,ham,44.0,6.0,0,0,0.02702702702702703
11942,URGENT! You have been selected for a cash reward. Click the link to claim. Click now!,spam,85.0,16.0,0,0,0.13636363636363635
10753,I have attached the document we discussed. Have a good day.,ham,59.0,11.0,0,0,0.0425531914893617
10498,Are you free this weekend? We could watch a movie.,ham,50.0,10.0,0,0,0.05128205128205128
11276,Thanks for helping me with the project yesterday. See you tomorrow.,ham,67.0,11.0,0,0,0.03636363636363636
11325,Let me know when you arrive.,ham,28.0,6.0,0,0,0.045454545454545456
10011,Please remember to buy milk on your way home.,ham,45.0,9.0,0,0,0.027777777777777776
10396,URGENT! You have been selected for a cash reward. Click the link to claim. Reply YES to claim,spam,93.0,18.0,0,0,0.1643835616438356
10284,Thanks for helping me with the project yesterday.,ham,49.0,8.0,0,0,0.024390243902439025
11066,Can you send me the notes from yesterday's meeting? Have a good day.,ham,68.0,13.0,0,0,0.03773584905660377
11191,URGENT: Your reward is waiting. Confirm your details immediately. http://free-reward.example,spam,92.0,10.0,1,0,0.10666666666666667
11766,Congratulations! You have won a free prize. Claim your reward now! Click now!,spam,77.0,13.0,0,0,0.06557377049180328
10690,Don't forget about the appointment tomorrow. See you soon.,ham,58.0,9.0,0,0,0.0425531914893617
11650,I have attached the document we discussed.,ham,42.0,7.0,0,0,0.02857142857142857
11900,Let me know when you arrive. Take care.,ham,39.0,8.0,0,0,0.06666666666666667
10689,Are you free this weekend? We could watch a movie. Talk to you later.,ham,69.0,14.0,0,0,0.05660377358490566
10851,Can you send me the notes from yesterday's meeting? Thanks!,ham,59.0,10.0,0,0,0.0425531914893617
10159,Please remember to buy milk on your way home. Take care.,ham,56.0,11.0,0,0,0.045454545454545456
10895,Can you send me the notes from yesterday's meeting?,ham,51.0,9.0,0,0,0.024390243902439025
11594,You are eligible for a special reward. Visit the link immediately. Visit http://claim-now.example,spam,97.0,13.0,1,0,0.038461538461538464
10257,Let me know when you arrive. Let me know.,ham,41.0,9.0,0,0,0.06451612903225806
10335,I will reach home around 7 tonight. Thanks for letting me know.,ham,63.0,12.0,0,1,0.04081632653061224
11904,Thanks for helping me with the project yesterday.,ham,49.0,8.0,0,0,0.024390243902439025
11039,Limited offer! Get 70% OFF today. Click here before the offer expires. Call 9876543210,spam,86.0,14.0,0,1,0.12280701754385964
10515,I have attached the document we discussed. See you soon.,ham,56.0,10.0,0,0,0.044444444444444446
11348,Please remember to buy milk on your way home.,ham,45.0,9.0,0,0,0.027777777777777776
11015,Can you send me the notes from yesterday's meeting? Take care.,ham,62.0,11.0,0,0,0.04081632653061224
10768,Congratulations! You have won a free prize. Claim your reward now!,spam,66.0,11.0,0,0,0.05660377358490566
11789,Are you free this weekend? We could watch a movie. Talk to you later.,ham,69.0,14.0,0,0,0.05660377358490566
10761,You have WON a guaranteed prize. Call now to receive your money. Offer expires today Offer expires today,spam,104.0,18.0,0,0,0.08235294117647059
11246,Can you send me the notes from yesterday's meeting? Talk to you later.,ham,70.0,13.0,0,0,0.03636363636363636
11203,Exclusive offer! Get a FREE gift today. Limited time only. Call 1800123456 http://free-reward.example,spam,101.0,13.0,1,1,0.11267605633802817
11486,The meeting has been moved to tomorrow morning. See you soon.,ham,61.0,11.0,0,0,0.04081632653061224
10065,Don't forget about the appointment tomorrow. Thanks for letting me know.,ham,72.0,11.0,0,0,0.03389830508474576
10521,I have attached the document we discussed. Thanks for letting me know.,ham,70.0,12.0,0,0,0.03508771929824561
10022,Can you send me the notes from yesterday's meeting?,ham,51.0,9.0,0,0,0.024390243902439025
10356,The meeting has been moved to tomorrow morning.,ham,47.0,8.0,0,0,0.02564102564102564
11277,Can you send me the notes from yesterday's meeting? Take care.,ham,62.0,11.0,0,0,0.04081632653061224
11312,Are you free this weekend? We could watch a movie.,ham,50.0,10.0,0,0,0.05128205128205128
11703,Please remember to buy milk on your way home.,ham,45.0,9.0,0,0,0.027777777777777776
10340,Are you free this weekend? We could watch a movie. See you tomorrow.,ham,68.0,13.0,0,0,0.05660377358490566
10431,Limited offer! Get 70% OFF today. Click here before the offer expires. http://free-reward.example,spam,97.0,13.0,1,1,0.08108108108108109
10473,I will reach home around 7 tonight. Let me know.,ham,48.0,10.0,0,1,0.05555555555555555
10217,Please remember to buy milk on your way home. Talk to you later.,ham,64.0,13.0,0,0,0.04
10911,Let me know when you arrive. Have a good day.,ham,45.0,10.0,0,0,0.058823529411764705
11227,WINNER! Your number has been selected for a fantastic cash prize. Act immediately,spam,81.0,13.0,0,0,0.11940298507462686
11615,Limited offer! Get 70% OFF today. Click here before the offer expires. Reply YES to claim http://free-reward.example,spam,116.0,17.0,1,1,0.11235955056179775
11011,I have attached the document we discussed.,ham,42.0,7.0,0,0,0.02857142857142857
11974,I have attached the document we discussed. Thanks for letting me know.,ham,70.0,12.0,0,0,0.03508771929824561
10093,You have been chosen for a FREE vacation. Claim now. Call 1800123456,spam,68.0,12.0,0,1,0.15555555555555556
11008,I have attached the document we discussed. Take care.,ham,53.0,9.0,0,0,0.046511627906976744
11070,Let me know when you arrive. See you tomorrow.,ham,46.0,9.0,0,0,0.05555555555555555
11092,Let me know when you arrive. Let me know.,ham,41.0,9.0,0,0,0.06451612903225806
11604,I have attached the document we discussed.,ham,42.0,7.0,0,0,0.02857142857142857
11308,Let me know when you arrive. Have a good day.,ham,45.0,10.0,0,0,0.058823529411764705
10696,Please remember to buy milk on your way home.,ham,45.0,9.0,0,0,0.027777777777777776
11815,Thanks for helping me with the project yesterday.,ham,49.0,8.0,0,0,0.024390243902439025
10996,Please remember to buy milk on your way home. See you soon.,ham,59.0,12.0,0,0,0.043478260869565216
11458,Let me know when you arrive.,ham,28.0,6.0,0,0,0.045454545454545456
10153,Congratulations! You have won a free prize. Claim your reward now! Click now!,spam,77.0,13.0,0,0,0.06557377049180328
11099,I will reach home around 7 tonight. Talk to you later.,ham,54.0,11.0,0,1,0.04878048780487805
11739,Please remember to buy milk on your way home.,ham,45.0,9.0,0,0,0.027777777777777776
11981,"Hey, are we still meeting for lunch today? Let me know.",ham,55.0,11.0,0,0,0.047619047619047616
10789,"Hey, are we still meeting for lunch today? Have a good day.",ham,,12.0,0,0,0.044444444444444446
10580,"Hey, are we still meeting for lunch today? See you soon.",ham,56.0,11.0,0,0,0.046511627906976744
11470,Can you send me the notes from yesterday's meeting?,ham,51.0,9.0,0,0,0.024390243902439025
10703,You have been chosen for a FREE vacation. Claim now. Call 9876543210,spam,68.0,12.0,0,1,0.15555555555555556
11212,You have been chosen for a FREE vacation. Claim now. Act immediately Offer expires today,spam,88.0,15.0,0,0,0.1111111111111111
11295,I will reach home around 7 tonight. Thanks for letting me know.,ham,63.0,12.0,0,1,0.04081632653061224
11686,,ham,28.0,6.0,0,0,0.045454545454545456
11260,The meeting has been moved to tomorrow morning.,ham,47.0,8.0,0,0,0.02564102564102564
10487,"Hey, are we still meeting for lunch today?",ham,42.0,8.0,0,0,0.030303030303030304
10559,I have attached the document we discussed. See you soon.,ham,56.0,10.0,0,0,0.044444444444444446
11141,Limited offer! Get 70% OFF today. Click here before the offer expires. Click now!,spam,81.0,14.0,0,1,0.11475409836065574
11119,Don't forget about the appointment tomorrow. Talk to you later.,ham,63.0,10.0,0,0,0.0392156862745098
10801,Exclusive offer! Get a FREE gift today. Limited time only. Act immediately Call 9876543210,spam,90.0,14.0,0,1,0.140625
10512,Exclusive offer! Get a FREE gift today. Limited time only. Act immediately,spam,74.0,12.0,0,0,0.13333333333333333
10633,You have WON a guaranteed prize. Call now to receive your money. Offer expires today,spam,84.0,15.0,0,0,0.08823529411764706
11497,"Hey, are we still meeting for lunch today? Thanks!",ham,50.0,9.0,0,0,0.05128205128205128
11810,I will reach home around 7 tonight. Thanks for letting me know.,ham,63.0,12.0,0,1,0.04081632653061224
11564,Congratulations winner! Claim your cash bonus before it expires. Act immediately,spam,80.0,11.0,0,0,0.04411764705882353
11150,Let me know when you arrive. See you soon.,ham,42.0,9.0,0,0,0.0625
10790,Thanks for helping me with the project yesterday.,ham,49.0,8.0,0,0,0.024390243902439025
10116,Exclusive offer! Get a FREE gift today. Limited time only. http://free-reward.example,spam,85.0,11.0,1,0,0.1044776119402985
10740,Can you send me the notes from yesterday's meeting?,ham,51.0,9.0,0,0,0.024390243902439025
11711,Are you free this weekend? We could watch a movie.,ham,50.0,10.0,0,0,0.05128205128205128
11081,I have attached the document we discussed.,ham,42.0,7.0,0,0,0.02857142857142857
10830,I will reach home around 7 tonight.,ham,35.0,7.0,0,1,0.037037037037037035
10119,Can you send me the notes from yesterday's meeting?,ham,51.0,9.0,0,0,0.024390243902439025
10656,The meeting has been moved to tomorrow morning.,ham,47.0,8.0,0,0,0.02564102564102564
11932,I will reach home around 7 tonight.,ham,35.0,7.0,0,1,0.037037037037037035
10635,You are eligible for a special reward. Visit the link immediately. Call 9876543210,spam,82.0,13.0,0,1,0.05172413793103448
10369,,spam,76.0,11.0,0,0,0.14516129032258066
10268,Limited offer! Get 70% OFF today. Click here before the offer expires. Reply YES to claim,spam,89.0,16.0,0,1,0.14705882352941177
10655,Can you send me the notes from yesterday's meeting? Thanks for letting me know.,ham,79.0,,0,0,0.031746031746031744
10935,Thanks for helping me with the project yesterday.,ham,49.0,8.0,0,0,0.024390243902439025
10822,Thanks for helping me with the project yesterday.,ham,49.0,8.0,0,0,0.024390243902439025
10866,Congratulations winner! Claim your cash bonus before it expires. Call 1800123456,spam,80.0,11.0,0,1,0.05172413793103448
10046,Can you send me the notes from yesterday's meeting? Have a good day.,ham,68.0,13.0,0,0,0.03773584905660377
11373,URGENT: Your reward is waiting. Confirm your details immediately. Act immediately,spam,81.0,11.0,0,0,0.1323529411764706
11729,Congratulations winner! Claim your cash bonus before it expires.,spam,64.0,9.0,0,0,0.037037037037037035
10991,You have WON a guaranteed prize. Call now to receive your money.,spam,64.0,12.0,0,0,0.09803921568627451
10876,Are you free this weekend? We could watch a movie. Thanks!,ham,58.0,11.0,0,0,0.06666666666666667
10773,You are eligible for a special reward. Visit the link immediately. Offer expires today,spam,86.0,14.0,0,0,0.04225352112676056
11219,Congratulations winner! Claim your cash bonus before it expires. Reply YES to claim,spam,83.0,13.0,0,0,0.08695652173913043
11922,WINNER! Your number has been selected for a fantastic cash prize. Call 9876543210,spam,81.0,13.0,0,1,0.14035087719298245
10004,Can you send me the notes from yesterday's meeting? Thanks!,ham,,10.0,0,0,0.0425531914893617
11003,Are you free this weekend? We could watch a movie.,ham,50.0,10.0,0,0,0.05128205128205128
11745,Don't forget about the appointment tomorrow. Thanks for letting me know.,ham,72.0,11.0,0,0,0.03389830508474576
10263,Thanks for helping me with the project yesterday.,ham,49.0,8.0,0,0,0.024390243902439025
11588,Don't forget about the appointment tomorrow.,ham,44.0,6.0,0,0,0.02702702702702703
11853,Are you free this weekend? We could watch a movie. Talk to you later.,ham,69.0,14.0,0,0,0.05660377358490566
10443,URGENT! You have been selected for a cash reward. Click the link to claim. Call 1800123456,spam,90.0,16.0,0,1,0.14516129032258066
11002,Please remember to buy milk on your way home. Let me know.,ham,58.0,12.0,0,0,0.044444444444444446
11077,Can you send me the notes from yesterday's meeting?,ham,51.0,9.0,0,0,0.024390243902439025
10837,Limited offer! Get 70% OFF today. Click here before the offer expires.,spam,70.0,12.0,0,1,0.11320754716981132
11813,The meeting has been moved to tomorrow morning.,ham,47.0,8.0,0,0,0.02564102564102564
10304,You are eligible for a special reward. Visit the link immediately. Act immediately,spam,82.0,,0,0,0.04411764705882353
11365,"Hey, are we still meeting for lunch today?",ham,42.0,8.0,0,0,0.030303030303030304
11576,Don't forget about the appointment tomorrow. Talk to you later.,ham,63.0,10.0,0,0,0.0392156862745098
10313,"Hey, are we still meeting for lunch today? Have a good day.",ham,59.0,12.0,0,0,0.044444444444444446
10149,Please remember to buy milk on your way home. Let me know.,ham,58.0,12.0,0,0,0.044444444444444446
11148,I have attached the document we discussed. Thanks for letting me know.,ham,,12.0,0,0,0.03508771929824561
11213,Don't forget about the appointment tomorrow.,ham,44.0,6.0,0,0,0.02702702702702703
10574,Please remember to buy milk on your way home.,ham,45.0,9.0,0,0,0.027777777777777776
10050,Thanks for helping me with the project yesterday.,ham,49.0,8.0,0,0,0.024390243902439025
11571,You are eligible for a special reward. Visit the link immediately. Call 1800123456,spam,82.0,13.0,0,1,0.05172413793103448
10726,WINNER! Your number has been selected for a fantastic cash prize. Call 9876543210,spam,81.0,13.0,0,1,0.14035087719298245
10833,Please remember to buy milk on your way home.,ham,45.0,9.0,0,0,0.027777777777777776
11377,WINNER! Your number has been selected for a fantastic cash prize. Offer expires today,spam,85.0,14.0,0,0,0.11428571428571428
11115,I have attached the document we discussed.,ham,42.0,7.0,0,0,0.02857142857142857
11166,Are you free this weekend? We could watch a movie.,ham,50.0,10.0,0,0,0.05128205128205128
10470,I will reach home around 7 tonight. Let me know.,ham,48.0,10.0,0,1,0.05555555555555555
10971,Are you free this weekend? We could watch a movie.,ham,50.0,10.0,0,0,0.05128205128205128
10653,Don't forget about the appointment tomorrow. See you tomorrow.,ham,62.0,9.0,0,0,0.0392156862745098
10399,I have attached the document we discussed.,ham,,7.0,0,0,0.02857142857142857
10511,Congratulations! You have won a free prize. Claim your reward now!,spam,66.0,11.0,0,0,0.05660377358490566
10320,WINNER! Your number has been selected for a fantastic cash prize. Call 1800123456,spam,81.0,13.0,0,1,0.14035087719298245
10019,Are you free this weekend? We could watch a movie. Let me know.,ham,63.0,13.0,0,0,0.0625
10684,I will reach home around 7 tonight.,ham,35.0,7.0,0,1,0.037037037037037035
10035,The meeting has been moved to tomorrow morning.,ham,,8.0,0,0,0.02564102564102564
10902,I will reach home around 7 tonight.,ham,,7.0,0,1,0.037037037037037035
11801,Thanks for helping me with the project yesterday. Thanks!,ham,57.0,9.0,0,0,0.0425531914893617
10827,Can you send me the notes from yesterday's meeting? Thanks!,ham,59.0,10.0,0,0,0.0425531914893617
11819,WINNER! Your number has been selected for a fantastic cash prize. Call 1800123456,spam,81.0,13.0,0,1,0.14035087719298245
10407,Are you free this weekend? We could watch a movie. Thanks for letting me know.,ham,78.0,15.0,0,0,0.04918032786885246
10920,The meeting has been moved to tomorrow morning.,ham,47.0,8.0,0,0,0.02564102564102564
10537,Let me know when you arrive. Talk to you later.,ham,47.0,10.0,0,0,0.05555555555555555
10758,Thanks for helping me with the project yesterday. See you soon.,ham,63.0,11.0,0,0,0.0392156862745098
11929,Don't forget about the appointment tomorrow.,ham,44.0,6.0,0,0,0.02702702702702703
11062,Can you send me the notes from yesterday's meeting? Let me know.,ham,64.0,12.0,0,0,0.04
11199,"Hey, are we still meeting for lunch today?",ham,42.0,8.0,0,0,0.030303030303030304
10245,Are you free this weekend? We could watch a movie.,ham,50.0,10.0,0,0,0.05128205128205128
11416,The meeting has been moved to tomorrow morning.,ham,47.0,8.0,0,0,0.02564102564102564
11127,URGENT! You have been selected for a cash reward. Click the link to claim.,spam,74.0,14.0,0,0,0.13793103448275862
10784,Are you free this weekend? We could watch a movie.,ham,50.0,10.0,0,0,0.05128205128205128
11764,Don't forget about the appointment tomorrow.,ham,44.0,6.0,0,0,0.02702702702702703
10489,Let me know when you arrive. Thanks for letting me know.,ham,56.0,11.0,0,0,0.045454545454545456
10154,Don't forget about the appointment tomorrow.,ham,44.0,6.0,0,0,0.02702702702702703
10961,Don't forget about the appointment tomorrow. See you soon.,ham,58.0,,0,0,0.0425531914893617
10853,I have attached the document we discussed. See you soon.,ham,56.0,10.0,0,0,0.044444444444444446
11311,I will reach home around 7 tonight. Talk to you later.,ham,54.0,11.0,0,1,0.04878048780487805
10625,URGENT: Your reward is waiting. Confirm your details immediately. Act immediately,spam,81.0,11.0,0,0,0.1323529411764706
10685,Don't forget about the appointment tomorrow. Have a good day.,ham,61.0,,0,0,0.04081632653061224
11580,Can you send me the notes from yesterday's meeting? Take care.,ham,62.0,11.0,0,0,0.04081632653061224
10569,Are you free this weekend? We could watch a movie.,ham,50.0,10.0,0,0,0.05128205128205128
11933,Can you send me the notes from yesterday's meeting?,ham,51.0,9.0,0,0,0.024390243902439025
10017,URGENT! You have been selected for a cash reward. Click the link to claim. Call 9876543210 Call 1800123456,spam,106.0,18.0,0,1,0.15151515151515152
10127,Please remember to buy milk on your way home. Have a good day.,ham,62.0,13.0,0,0,0.041666666666666664
11346,Let me know when you arrive.,ham,28.0,6.0,0,0,0.045454545454545456
11279,I will reach home around 7 tonight.,ham,35.0,7.0,0,1,0.037037037037037035
11993,Please remember to buy milk on your way home. See you tomorrow.,ham,63.0,12.0,0,0,0.04
10927,I have attached the document we discussed.,ham,42.0,7.0,0,0,0.02857142857142857
10980,Are you free this weekend? We could watch a movie.,ham,50.0,10.0,0,0,0.05128205128205128
11989,Please remember to buy milk on your way home.,ham,45.0,9.0,0,0,0.027777777777777776
10190,The meeting has been moved to tomorrow morning. Let me know.,ham,60.0,11.0,0,0,0.041666666666666664
11139,Let me know when you arrive. Thanks for letting me know.,ham,56.0,11.0,0,0,0.045454545454545456
10992,I will reach home around 7 tonight.,ham,35.0,7.0,0,1,0.037037037037037035
11980,Don't forget about the appointment tomorrow. Have a good day.,ham,61.0,10.0,0,0,0.04081632653061224
11676,Let me know when you arrive.,ham,28.0,6.0,0,0,0.045454545454545456
10606,Limited offer! Get 70% OFF today. Click here before the offer expires.,spam,70.0,12.0,0,1,0.11320754716981132
10180,Are you free this weekend? We could watch a movie.,ham,50.0,10.0,0,0,0.05128205128205128
10301,The meeting has been moved to tomorrow morning.,ham,47.0,8.0,0,0,0.02564102564102564
10496,Are you free this weekend? We could watch a movie.,ham,50.0,10.0,0,0,0.05128205128205128
11716,I will reach home around 7 tonight.,ham,35.0,7.0,0,1,0.037037037037037035
11730,Are you free this weekend? We could watch a movie. Thanks for letting me know.,ham,78.0,15.0,0,0,0.04918032786885246
11681,You have WON a guaranteed prize. Call now to receive your money. Call 9876543210,spam,80.0,14.0,0,1,0.10909090909090909
11657,Are you free this weekend? We could watch a movie.,ham,50.0,10.0,0,0,0.05128205128205128
10517,The meeting has been moved to tomorrow morning.,ham,47.0,8.0,0,0,0.02564102564102564
11323,I have attached the document we discussed.,ham,42.0,7.0,0,0,0.02857142857142857
11069,"Hey, are we still meeting for lunch today? See you tomorrow.",ham,60.0,11.0,0,0,0.0425531914893617
10476,The meeting has been moved to tomorrow morning.,ham,47.0,8.0,0,0,0.02564102564102564
10157,Can you send me the notes from yesterday's meeting?,ham,51.0,9.0,0,0,0.024390243902439025
11243,WINNER! Your number has been selected for a fantastic cash prize.,spam,65.0,11.0,0,0,0.1320754716981132
11195,I will reach home around 7 tonight. Have a good day.,ham,52.0,11.0,0,1,0.05128205128205128
10016,Exclusive offer! Get a FREE gift today. Limited time only. Act immediately,spam,74.0,12.0,0,0,0.13333333333333333
11535,Thanks for helping me with the project yesterday.,ham,49.0,8.0,0,0,0.024390243902439025
11072,Don't forget about the appointment tomorrow. Thanks!,ham,52.0,7.0,0,0,0.046511627906976744
11996,"Hey, are we still meeting for lunch today? See you tomorrow.",ham,60.0,11.0,0,0,0.0425531914893617
10546,Don't forget about the appointment tomorrow.,ham,44.0,6.0,0,0,0.02702702702702703
11539,You have been chosen for a FREE vacation. Claim now.,spam,52.0,10.0,0,0,0.14634146341463414
10658,You have WON a guaranteed prize. Call now to receive your money. Click now! Click now!,spam,86.0,16.0,0,0,0.1044776119402985
11644,I have attached the document we discussed. See you tomorrow.,ham,60.0,10.0,0,0,0.04081632653061224
11019,Congratulations winner! Claim your cash bonus before it expires. Offer expires today,spam,84.0,12.0,0,0,0.04225352112676056
11682,URGENT: Your reward is waiting. Confirm your details immediately. Click now!,spam,76.0,11.0,0,0,0.14516129032258066
11504,Please remember to buy milk on your way home. See you tomorrow.,ham,63.0,12.0,0,0,0.04
10959,Can you send me the notes from yesterday's meeting?,ham,51.0,9.0,0,0,0.024390243902439025
11906,Don't forget about the appointment tomorrow. See you soon.,ham,58.0,9.0,0,0,0.0425531914893617
10283,"Hey, are we still meeting for lunch today? Thanks!",ham,50.0,9.0,0,0,0.05128205128205128
10797,Congratulations! You have won a free prize. Claim your reward now! http://free-reward.example,spam,93.0,12.0,1,0,0.04054054054054054
11645,Don't forget about the appointment tomorrow.,ham,44.0,6.0,0,0,0.02702702702702703
10225,"Hey, are we still meeting for lunch today?",ham,42.0,8.0,0,0,0.030303030303030304
10026,Can you send me the notes from yesterday's meeting?,ham,51.0,9.0,0,0,0.024390243902439025
11793,Let me know when you arrive.,ham,28.0,6.0,0,0,0.045454545454545456
10437,Thanks for helping me with the project yesterday. Thanks for letting me know.,ham,77.0,13.0,0,0,0.031746031746031744
11973,Thanks for helping me with the project yesterday. See you tomorrow.,ham,67.0,11.0,0,0,0.03636363636363636
11388,Please remember to buy milk on your way home.,ham,45.0,9.0,0,0,0.027777777777777776
10229,The meeting has been moved to tomorrow morning.,ham,47.0,8.0,0,0,0.02564102564102564
10037,Let me know when you arrive. Have a good day.,ham,45.0,10.0,0,0,0.058823529411764705
10749,"Hey, are we still meeting for lunch today? Let me know.",ham,55.0,11.0,0,0,0.047619047619047616
11045,Can you send me the notes from yesterday's meeting? See you soon.,ham,65.0,12.0,0,0,0.0392156862745098
11398,Are you free this weekend? We could watch a movie. Thanks!,ham,58.0,11.0,0,0,0.06666666666666667
10469,Please remember to buy milk on your way home.,ham,45.0,9.0,0,0,0.027777777777777776
11713,The meeting has been moved to tomorrow morning.,ham,,8.0,0,0,0.02564102564102564
11992,I will reach home around 7 tonight.,ham,35.0,7.0,0,1,0.037037037037037035
10687,Don't forget about the appointment tomorrow.,ham,44.0,6.0,0,0,0.02702702702702703
11866,Thanks for helping me with the project yesterday. Have a good day.,ham,66.0,12.0,0,0,0.03773584905660377
10639,Thanks for helping me with the project yesterday.,ham,49.0,8.0,0,0,0.024390243902439025
11741,The meeting has been moved to tomorrow morning.,ham,47.0,8.0,0,0,0.02564102564102564
11218,Congratulations winner! Claim your cash bonus before it expires. Reply YES to claim Offer expires today,spam,103.0,16.0,0,0,0.08139534883720931
11158,Let me know when you arrive. Let me know.,ham,41.0,,0,0,0.06451612903225806
11415,The meeting has been moved to tomorrow morning.,ham,47.0,8.0,0,0,0.02564102564102564
11527,I have attached the document we discussed. Take care.,ham,53.0,9.0,0,0,0.046511627906976744
11683,,spam,78.0,13.0,0,0,0.12698412698412698
11300,I have attached the document we discussed. Have a good day.,ham,59.0,11.0,0,0,0.0425531914893617
11930,"Hey, are we still meeting for lunch today? Have a good day.",ham,59.0,12.0,0,0,0.044444444444444446
10800,Let me know when you arrive.,ham,28.0,6.0,0,0,0.045454545454545456
11603,Let me know when you arrive. Have a good day.,ham,45.0,10.0,0,0,0.058823529411764705
10160,Can you send me the notes from yesterday's meeting?,ham,51.0,9.0,0,0,0.024390243902439025
10956,URGENT! You have been selected for a cash reward. Click the link to claim.,spam,74.0,14.0,0,0,0.13793103448275862
11186,Are you free this weekend? We could watch a movie.,ham,50.0,10.0,0,0,0.05128205128205128
10821,Can you send me the notes from yesterday's meeting?,ham,51.0,9.0,0,0,0.024390243902439025
11702,Can you send me the notes from yesterday's meeting? Have a good day.,ham,68.0,13.0,0,0,0.03773584905660377
10877,Don't forget about the appointment tomorrow.,ham,44.0,6.0,0,0,0.02702702702702703
10913,I have attached the document we discussed. Have a good day.,ham,59.0,11.0,0,0,0.0425531914893617
10152,Are you free this weekend? We could watch a movie.,ham,50.0,,0,0,0.05128205128205128
11859,Congratulations! You have won a free prize. Claim your reward now! Click now! Reply YES to claim,spam,96.0,17.0,0,0,0.10526315789473684
11799,"Hey, are we still meeting for lunch today?",ham,42.0,8.0,0,0,0.030303030303030304
10509,I have attached the document we discussed.,ham,42.0,7.0,0,0,0.02857142857142857
11135,Don't forget about the appointment tomorrow.,ham,44.0,6.0,0,0,0.02702702702702703
11250,I have attached the document we discussed. Have a good day.,ham,59.0,11.0,0,0,0.0425531914893617
11684,Congratulations! You have won a free prize. Claim your reward now! Offer expires today,spam,86.0,14.0,0,0,0.05714285714285714
10103,"Hey, are we still meeting for lunch today? Have a good day.",ham,59.0,12.0,0,0,0.044444444444444446
11445,Are you free this weekend? We could watch a movie. See you soon.,ham,64.0,13.0,0,0,0.061224489795918366
11443,I will reach home around 7 tonight. See you soon.,ham,49.0,10.0,0,1,0.05405405405405406
11760,Can you send me the notes from yesterday's meeting? Thanks!,ham,59.0,10.0,0,0,0.0425531914893617
10586,I will reach home around 7 tonight.,ham,35.0,7.0,0,1,0.037037037037037035
11791,Can you send me the notes from yesterday's meeting?,ham,51.0,9.0,0,0,0.024390243902439025
11143,Let me know when you arrive. Thanks for letting me know.,ham,56.0,11.0,0,0,0.045454545454545456
10053,Please remember to buy milk on your way home.,ham,45.0,9.0,0,0,0.027777777777777776
10151,URGENT: Your reward is waiting. Confirm your details immediately. Click now!,spam,76.0,11.0,0,0,0.14516129032258066
10403,The meeting has been moved to tomorrow morning. See you tomorrow.,ham,65.0,,0,0,0.03773584905660377
11967,The meeting has been moved to tomorrow morning.,ham,47.0,8.0,0,0,0.02564102564102564
10207,Please click the company link to complete your training.,ham,56.0,9.0,0,0,0.05660377358490566
11919,I will reach home around 7 tonight.,ham,35.0,7.0,0,1,0.037037037037037035
11122,You are eligible for a special reward. Visit the link immediately. Call 1800123456,spam,82.0,13.0,0,1,0.05172413793103448
11908,I will reach home around 7 tonight. Have a good day.,ham,52.0,11.0,0,1,0.05128205128205128
10008,Please remember to buy milk on your way home. See you soon.,ham,59.0,12.0,0,0,0.043478260869565216
11014,URGENT! You have been selected for a cash reward. Click the link to claim. Call 1800123456,spam,90.0,16.0,0,1,0.14516129032258066
11818,Let me know when you arrive. Take care.,ham,39.0,8.0,0,0,0.06666666666666667
11060,Are you free this weekend? We could watch a movie.,ham,50.0,10.0,0,0,0.05128205128205128
10452,Don't forget about the appointment tomorrow.,ham,44.0,6.0,0,0,0.02702702702702703
11675,Let me know when you arrive.,ham,28.0,6.0,0,0,0.045454545454545456
10253,Are you free this weekend? We could watch a movie. Take care.,ham,61.0,12.0,0,0,0.06382978723404255
11327,Congratulations winner! Claim your cash bonus before it expires. Click now!,spam,75.0,11.0,0,0,0.04838709677419355
10896,You have been chosen for a FREE vacation. Claim now. Click now!,spam,63.0,12.0,0,0,0.14285714285714285
11755,You are eligible for a special reward. Visit the link immediately. Offer expires today,spam,86.0,14.0,0,0,0.04225352112676056
10880,WINNER! Your number has been selected for a fantastic cash prize.,spam,65.0,11.0,0,0,0.1320754716981132
11595,Don't forget about the appointment tomorrow.,ham,44.0,6.0,0,0,0.02702702702702703
11913,Limited offer! Get 70% OFF today. Click here before the offer expires. Offer expires today,spam,90.0,15.0,0,1,0.1
10623,,spam,113.0,15.0,1,0,0.04395604395604396
10345,"You won the office quiz! Congratulations, see you tomorrow.",ham,59.0,9.0,0,0,0.046511627906976744
11723,Don't forget about the appointment tomorrow.,ham,44.0,6.0,0,0,0.02702702702702703
10262,Don't forget about the appointment tomorrow. Let me know.,ham,57.0,9.0,0,0,0.043478260869565216
11634,Thanks for helping me with the project yesterday.,ham,49.0,8.0,0,0,0.024390243902439025
11321,I have attached the document we discussed. Talk to you later.,ham,61.0,11.0,0,0,0.04081632653061224
11438,,ham,50.0,9.0,0,0,0.05128205128205128
10150,Please remember to buy milk on your way home. See you soon.,ham,59.0,12.0,0,0,0.043478260869565216
10472,URGENT! You have been selected for a cash reward. Click the link to claim. Click now!,spam,85.0,16.0,0,0,0.13636363636363635
10640,Let me know when you arrive.,ham,28.0,6.0,0,0,0.045454545454545456
11731,I have attached the document we discussed.,ham,42.0,7.0,0,0,0.02857142857142857
11907,Thanks for helping me with the project yesterday.,ham,49.0,8.0,0,0,0.024390243902439025
10550,Limited offer! Get 70% OFF today. Click here before the offer expires. http://free-reward.example,spam,97.0,,1,1,0.08108108108108109
11802,Please remember to buy milk on your way home.,ham,45.0,9.0,0,0,0.027777777777777776
10928,Let me know when you arrive. Talk to you later.,ham,47.0,10.0,0,0,0.05555555555555555
10488,You have WON a guaranteed prize. Call now to receive your money. http://free-reward.example,spam,91.0,13.0,1,0,0.06944444444444445
11834,Congratulations winner! Claim your cash bonus before it expires. Visit http://claim-now.example Call 9876543210,spam,111.0,13.0,1,1,0.04878048780487805
11171,Congratulations! You have won a free prize. Claim your reward now!,spam,66.0,11.0,0,0,0.05660377358490566
10146,Congratulations winner! Claim your cash bonus before it expires. http://free-reward.example,spam,91.0,10.0,1,0,0.02666666666666667
11912,Are you free this weekend? We could watch a movie.,ham,50.0,10.0,0,0,0.05128205128205128
11953,Limited offer! Get 70% OFF today. Click here before the offer expires. Click now! Visit http://claim-now.example,spam,112.0,16.0,1,1,0.09411764705882353
10402,Thanks for helping me with the project yesterday. Have a good day.,ham,66.0,12.0,0,0,0.03773584905660377
10954,Can you send me the notes from yesterday's meeting? Let me know.,ham,64.0,12.0,0,0,0.04
11902,Can you send me the notes from yesterday's meeting? Thanks!,ham,59.0,10.0,0,0,0.0425531914893617
10659,Congratulations winner! Claim your cash bonus before it expires. http://free-reward.example,spam,91.0,10.0,1,0,0.02666666666666667
11372,Please remember to buy milk on your way home. See you tomorrow.,ham,63.0,12.0,0,0,0.04
10463,Congratulations winner! Claim your cash bonus before it expires. Offer expires today,spam,84.0,12.0,0,0,0.04225352112676056
11349,Congratulations! You have won a free prize. Claim your reward now! Click now!,spam,77.0,13.0,0,0,0.06557377049180328
10186,Congratulations! You have won a free prize. Claim your reward now! Offer expires today Call 9876543210,spam,102.0,16.0,0,1,0.06756756756756757
11147,"Hey, are we still meeting for lunch today? Let me know.",ham,55.0,11.0,0,0,0.047619047619047616
11224,The meeting has been moved to tomorrow morning. Thanks!,ham,55.0,9.0,0,0,0.044444444444444446
10608,Please remember to buy milk on your way home. Take care.,ham,56.0,11.0,0,0,0.045454545454545456
10143,I will reach home around 7 tonight.,ham,35.0,7.0,0,1,0.037037037037037035
10751,URGENT! You have been selected for a cash reward. Click the link to claim. Reply YES to claim,spam,93.0,18.0,0,0,0.1643835616438356
11534,The meeting has been moved to tomorrow morning. Take care.,ham,58.0,10.0,0,0,0.0425531914893617
10981,Can you send me the notes from yesterday's meeting?,ham,51.0,9.0,0,0,0.024390243902439025
10197,Can you send me the notes from yesterday's meeting? Take care.,ham,62.0,11.0,0,0,0.04081632653061224
11633,URGENT: Your reward is waiting. Confirm your details immediately. Call 1800123456,spam,81.0,11.0,0,1,0.15517241379310345
10883,Let me know when you arrive.,ham,28.0,6.0,0,0,0.045454545454545456
10279,I have attached the document we discussed. Take care.,ham,53.0,9.0,0,0,0.046511627906976744
10293,Limited offer! Get 70% OFF today. Click here before the offer expires. Call 1800123456 http://free-reward.example,spam,113.0,15.0,1,1,0.08974358974358974
11846,Let me know when you arrive.,ham,28.0,6.0,0,0,0.045454545454545456
10400,"Hey, are we still meeting for lunch today? Thanks!",ham,50.0,9.0,0,0,0.05128205128205128
10122,Thanks for helping me with the project yesterday.,ham,49.0,8.0,0,0,0.024390243902439025
11207,I have attached the document we discussed.,ham,42.0,7.0,0,0,0.02857142857142857
10202,Limited offer! Get 70% OFF today. Click here before the offer expires. Call 1800123456,spam,86.0,14.0,0,1,0.12280701754385964
11462,You are eligible for a special reward. Visit the link immediately.,spam,66.0,11.0,0,0,0.037037037037037035
10835,Don't forget about the appointment tomorrow.,ham,44.0,6.0,0,0,0.02702702702702703
10246,Thanks for helping me with the project yesterday. Thanks!,ham,57.0,9.0,0,0,0.0425531914893617
11439,"Hey, are we still meeting for lunch today?",ham,42.0,8.0,0,0,0.030303030303030304
11733,Don't forget about the appointment tomorrow. See you soon.,ham,58.0,9.0,0,0,0.0425531914893617
11775,Thanks for helping me with the project yesterday.,ham,49.0,8.0,0,0,0.024390243902439025
11926,The meeting has been moved to tomorrow morning.,ham,47.0,8.0,0,0,0.02564102564102564
11707,Please remember to buy milk on your way home.,ham,45.0,9.0,0,0,0.027777777777777776
11905,Can you send me the notes from yesterday's meeting?,ham,51.0,9.0,0,0,0.024390243902439025
11153,The meeting has been moved to tomorrow morning.,ham,47.0,8.0,0,0,0.02564102564102564
11661,WINNER! Your number has been selected for a fantastic cash prize. Visit http://claim-now.example Call 1800123456,spam,112.0,15.0,1,1,0.1111111111111111
11426,The meeting has been moved to tomorrow morning. Take care.,ham,58.0,10.0,0,0,0.0425531914893617
10384,Exclusive offer! Get a FREE gift today. Limited time only. http://free-reward.example,spam,85.0,11.0,1,0,0.1044776119402985
11780,Are you free this weekend? We could watch a movie. Have a good day.,ham,67.0,14.0,0,0,0.058823529411764705
10854,I have attached the document we discussed. Have a good day.,ham,59.0,11.0,0,0,0.0425531914893617
11589,I have attached the document we discussed. Take care.,ham,53.0,9.0,0,0,0.046511627906976744
10219,"Hey, are we still meeting for lunch today? Talk to you later.",ham,61.0,12.0,0,0,0.0425531914893617
10641,You are eligible for a special reward. Visit the link immediately.,spam,66.0,11.0,0,0,0.037037037037037035
10001,"Hey, are we still meeting for lunch today?",ham,42.0,8.0,0,0,0.030303030303030304
10112,I have attached the document we discussed. Have a good day.,ham,59.0,11.0,0,0,0.0425531914893617
10698,"Hey, are we still meeting for lunch today?",ham,42.0,8.0,0,0,0.030303030303030304
11940,Can you send me the notes from yesterday's meeting? Thanks for letting me know.,ham,79.0,14.0,0,0,0.031746031746031744
10951,"Hey, are we still meeting for lunch today?",ham,42.0,8.0,0,0,0.030303030303030304
11648,Thanks for helping me with the project yesterday. Thanks!,ham,57.0,9.0,0,0,0.0425531914893617
11636,Exclusive offer! Get a FREE gift today. Limited time only. Offer expires today,spam,78.0,13.0,0,0,0.12698412698412698
11770,Can you send me the notes from yesterday's meeting? Have a good day.,ham,68.0,13.0,0,0,0.03773584905660377
11410,URGENT: Your reward is waiting. Confirm your details immediately. Reply YES to claim,spam,84.0,13.0,0,0,0.17391304347826086
11409,URGENT! You have been selected for a cash reward. Click the link to claim. http://free-reward.example Reply YES to claim,spam,120.0,19.0,1,0,0.1276595744680851
11533,Thanks for helping me with the project yesterday. See you soon.,ham,63.0,11.0,0,0,0.0392156862745098
11291,Thanks for helping me with the project yesterday. Let me know.,ham,,11.0,0,0,0.04
11831,Thanks for helping me with the project yesterday.,ham,49.0,8.0,0,0,0.024390243902439025
10441,URGENT: Your reward is waiting. Confirm your details immediately. Offer expires today,spam,85.0,12.0,0,0,0.1267605633802817
11520,Congratulations! You have won a free prize. Claim your reward now!,spam,66.0,11.0,0,0,0.05660377358490566
11136,You are eligible for a special reward. Visit the link immediately.,spam,66.0,11.0,0,0,0.037037037037037035
11715,You have been chosen for a FREE vacation. Claim now. Call 9876543210,spam,68.0,12.0,0,1,0.15555555555555556
11256,I will reach home around 7 tonight.,ham,35.0,7.0,0,1,0.037037037037037035
11887,You have WON a guaranteed prize. Call now to receive your money. Click now!,spam,75.0,14.0,0,0,0.1016949152542373
11631,Congratulations! You have won a free prize. Claim your reward now! Reply YES to claim,spam,85.0,15.0,0,0,0.10294117647058823
11695,Let me know when you arrive.,ham,28.0,6.0,0,0,0.045454545454545456
11397,I have attached the document we discussed.,ham,42.0,7.0,0,0,0.02857142857142857
10663,WINNER! Your number has been selected for a fantastic cash prize. http://free-reward.example,spam,92.0,12.0,1,0,0.0945945945945946
11858,Let me know when you arrive. See you soon.,ham,42.0,9.0,0,0,0.0625
11257,Congratulations! You have won a free prize. Claim your reward now! Call 1800123456,spam,82.0,13.0,0,1,0.07017543859649122
11877,The meeting has been moved to tomorrow morning. See you tomorrow.,ham,65.0,11.0,0,0,0.03773584905660377
11700,The meeting has been moved to tomorrow morning. See you tomorrow.,ham,65.0,11.0,0,0,0.03773584905660377
10317,I have attached the document we discussed.,ham,42.0,7.0,0,0,0.02857142857142857
10648,,ham,44.0,6.0,0,0,0.02702702702702703
11434,You are eligible for a special reward. Visit the link immediately. Visit http://claim-now.example,spam,97.0,13.0,1,0,0.038461538461538464
11479,Let me know when you arrive. See you soon.,ham,42.0,,0,0,0.0625
10709,Let me know when you arrive. Let me know.,ham,,9.0,0,0,0.06451612903225806
11382,"Hey, are we still meeting for lunch today? See you tomorrow.",ham,60.0,11.0,0,0,0.0425531914893617
11282,Thanks for helping me with the project yesterday.,ham,49.0,8.0,0,0,0.024390243902439025
11768,Your reward points statement is available. Thanks.,spam,50.0,7.0,0,0,0.1320754716981132
10972,Can you send me the notes from yesterday's meeting?,ham,51.0,,0,0,0.024390243902439025
10627,The meeting has been moved to tomorrow morning. See you tomorrow.,ham,65.0,11.0,0,0,0.03773584905660377
10632,Let me know when you arrive. Let me know.,ham,41.0,9.0,0,0,0.06451612903225806
11306,Don't forget about the appointment tomorrow.,ham,44.0,6.0,0,0,0.02702702702702703
11400,"Hey, are we still meeting for lunch today? Let me know.",ham,55.0,11.0,0,0,0.047619047619047616
11408,Please remember to buy milk on your way home. Have a good day.,ham,62.0,13.0,0,0,0.041666666666666664
11248,You have been chosen for a FREE vacation. Claim now. Visit http://claim-now.example,spam,83.0,12.0,1,0,0.1076923076923077
11977,You have been chosen for a FREE vacation. Claim now. Act immediately Call 1800123456,spam,84.0,14.0,0,1,0.13559322033898305
11254,Please remember to buy milk on your way home. See you soon.,ham,59.0,12.0,0,0,0.043478260869565216
11496,You have WON a guaranteed prize. Call now to receive your money. Call 9876543210 Act immediately,spam,96.0,16.0,0,1,0.10144927536231885
11371,You have been chosen for a FREE vacation. Claim now. Offer expires today,spam,72.0,13.0,0,0,0.1206896551724138
11529,Can you send me the notes from yesterday's meeting?,ham,51.0,9.0,0,0,0.024390243902439025
11663,I have attached the document we discussed.,ham,42.0,7.0,0,0,0.02857142857142857
11354,Are you free this weekend? We could watch a movie. Talk to you later.,ham,69.0,14.0,0,0,0.05660377358490566
11950,Can you send me the notes from yesterday's meeting?,ham,51.0,9.0,0,0,0.024390243902439025
11925,The meeting has been moved to tomorrow morning. Thanks for letting me know.,ham,75.0,13.0,0,0,0.03278688524590164
11643,The meeting has been moved to tomorrow morning.,ham,47.0,8.0,0,0,0.02564102564102564
11872,I will reach home around 7 tonight.,ham,35.0,7.0,0,1,0.037037037037037035
10795,The meeting has been moved to tomorrow morning. Let me know.,ham,60.0,11.0,0,0,0.041666666666666664
10645,I have attached the document we discussed.,ham,42.0,7.0,0,0,0.02857142857142857
11012,Limited offer! Get 70% OFF today. Click here before the offer expires. Act immediately,spam,86.0,14.0,0,1,0.1044776119402985
11892,The meeting has been moved to tomorrow morning. Thanks!,ham,55.0,9.0,0,0,0.044444444444444446
10556,"Hey, are we still meeting for lunch today? See you tomorrow.",ham,60.0,11.0,0,0,0.0425531914893617
10681,Don't forget about the appointment tomorrow. See you soon.,ham,58.0,9.0,0,0,0.0425531914893617
10577,Thanks for helping me with the project yesterday. Thanks!,ham,57.0,9.0,0,0,0.0425531914893617
11109,The meeting has been moved to tomorrow morning. Thanks for letting me know.,ham,75.0,13.0,0,0,0.03278688524590164
11266,You have WON a guaranteed prize. Call now to receive your money. http://free-reward.example,spam,91.0,13.0,1,0,0.06944444444444445
11722,,ham,61.0,11.0,0,0,0.04081632653061224
11183,Don't forget about the appointment tomorrow. Let me know.,ham,57.0,9.0,0,0,0.043478260869565216
10524,URGENT: Your reward is waiting. Confirm your details immediately. Reply YES to claim,spam,84.0,13.0,0,0,0.17391304347826086
11059,Can you send me the notes from yesterday's meeting?,ham,51.0,9.0,0,0,0.024390243902439025
10540,Let me know when you arrive.,ham,28.0,6.0,0,0,0.045454545454545456
11194,You have WON a guaranteed prize. Call now to receive your money. Call 1800123456,spam,80.0,14.0,0,1,0.10909090909090909
11678,Thanks for helping me with the project yesterday. Thanks for letting me know.,ham,77.0,13.0,0,0,0.031746031746031744
10748,Are you free this weekend? We could watch a movie. Take care.,ham,61.0,12.0,0,0,0.06382978723404255
11875,I have attached the document we discussed.,ham,42.0,7.0,0,0,0.02857142857142857
11430,Don't forget about the appointment tomorrow. Have a good day.,ham,61.0,10.0,0,0,0.04081632653061224
10484,URGENT! You have been selected for a cash reward. Click the link to claim. Reply YES to claim Click now!,spam,104.0,20.0,0,0,0.16049382716049382
11757,You have WON a guaranteed prize. Call now to receive your money. Click now!,spam,75.0,14.0,0,0,0.1016949152542373
10095,The meeting has been moved to tomorrow morning. Take care.,ham,58.0,10.0,0,0,0.0425531914893617
11020,I have attached the document we discussed. Take care.,ham,53.0,9.0,0,0,0.046511627906976744
10563,URGENT! You have been selected for a cash reward. Click the link to claim. http://free-reward.example,spam,101.0,15.0,1,0,0.10126582278481013
11264,Are you free this weekend? We could watch a movie. Let me know.,ham,63.0,13.0,0,0,0.0625
10742,Thanks for helping me with the project yesterday. Thanks!,ham,57.0,9.0,0,0,0.0425531914893617
10863,I have attached the document we discussed.,ham,42.0,7.0,0,0,0.02857142857142857
11598,Are you free this weekend? We could watch a movie. Take care.,ham,61.0,12.0,0,0,0.06382978723404255
11714,Don't forget about the appointment tomorrow. Let me know.,ham,57.0,9.0,0,0,0.043478260869565216
11484,The meeting has been moved to tomorrow morning. See you soon.,ham,61.0,11.0,0,0,0.04081632653061224
10891,Are you free this weekend? We could watch a movie.,ham,50.0,10.0,0,0,0.05128205128205128
11577,You have been chosen for a FREE vacation. Claim now. Click now!,spam,63.0,12.0,0,0,0.14285714285714285
11038,Are you free this weekend? We could watch a movie.,ham,50.0,10.0,0,0,0.05128205128205128
10206,You have WON a guaranteed prize. Call now to receive your money. Click now!,spam,75.0,14.0,0,0,0.1016949152542373
10392,Don't forget about the appointment tomorrow. Let me know.,ham,57.0,9.0,0,0,0.043478260869565216
10794,Please remember to buy milk on your way home. Talk to you later.,ham,64.0,13.0,0,0,0.04
10870,"Hey, are we still meeting for lunch today? See you tomorrow.",ham,60.0,11.0,0,0,0.0425531914893617
10397,WINNER! Your number has been selected for a fantastic cash prize. http://free-reward.example Reply YES to claim,spam,111.0,16.0,1,0,0.12359550561797752
10766,Please click the company link to complete your training.,ham,56.0,9.0,0,0,0.024390243902439025
11864,You have WON a guaranteed prize. Call now to receive your money. Click now!,spam,75.0,14.0,0,0,0.1016949152542373
11241,Please remember to buy milk on your way home.,ham,45.0,9.0,0,0,0.027777777777777776
11028,Let me know when you arrive. Talk to you later.,ham,47.0,10.0,0,0,0.05555555555555555
11792,Please remember to buy milk on your way home.,ham,45.0,9.0,0,0,0.027777777777777776
10642,Can you send me the notes from yesterday's meeting? Take care.,ham,62.0,11.0,0,0,0.04081632653061224
11916,Exclusive offer! Get a FREE gift today. Limited time only.,spam,58.0,10.0,0,0,0.15217391304347827
10612,The meeting has been moved to tomorrow morning.,ham,47.0,8.0,0,0,0.02564102564102564
11762,I have attached the document we discussed. Thanks!,ham,50.0,8.0,0,0,0.04878048780487805
10960,Can you send me the notes from yesterday's meeting? Thanks for letting me know.,ham,79.0,14.0,0,0,0.031746031746031744
11570,Don't forget about the appointment tomorrow. Have a good day.,ham,61.0,10.0,0,0,0.04081632653061224
10725,Don't forget about the appointment tomorrow.,ham,44.0,6.0,0,0,0.02702702702702703
10683,You are eligible for a special reward. Visit the link immediately. Reply YES to claim,spam,85.0,15.0,0,0,0.08695652173913043
10098,Let me know when you arrive.,ham,28.0,6.0,0,0,0.045454545454545456
10804,Congratulations! You have won a free prize. Claim your reward now!,spam,66.0,11.0,0,0,0.05660377358490566
11751,"Hey, are we still meeting for lunch today? Take care.",ham,53.0,10.0,0,0,0.04878048780487805
11597,URGENT: Your reward is waiting. Confirm your details immediately. Call 1800123456,spam,81.0,11.0,0,1,0.15517241379310345
10406,Let me know when you arrive. See you tomorrow.,ham,46.0,9.0,0,0,0.05555555555555555
10502,Are you free this weekend? We could watch a movie.,ham,50.0,10.0,0,0,0.05128205128205128
11071,I have attached the document we discussed. Talk to you later.,ham,61.0,11.0,0,0,0.04081632653061224
11056,Can you send me the notes from yesterday's meeting?,ham,51.0,9.0,0,0,0.024390243902439025
10929,Thanks for helping me with the project yesterday. Thanks!,ham,57.0,9.0,0,0,0.0425531914893617
10779,Thanks for helping me with the project yesterday. Thanks for letting me know.,ham,77.0,13.0,0,0,0.031746031746031744
11863,I will reach home around 7 tonight.,ham,35.0,7.0,0,1,0.037037037037037035
10200,Congratulations! You have won a free prize. Claim your reward now! Act immediately Visit http://claim-now.example,spam,113.0,15.0,1,0,0.054945054945054944
10134,Let me know when you arrive.,ham,28.0,6.0,0,0,0.045454545454545456
11051,Please remember to buy milk on your way home.,ham,45.0,9.0,0,0,0.027777777777777776
10040,Congratulations winner! Claim your cash bonus before it expires.,spam,64.0,9.0,0,0,0.037037037037037035
11017,You have been chosen for a FREE vacation. Claim now. Offer expires today Act immediately,spam,88.0,15.0,0,0,0.1111111111111111
10230,Exclusive offer! Get a FREE gift today. Limited time only. Reply YES to claim,spam,77.0,14.0,0,0,0.18032786885245902
11513,Can you send me the notes from yesterday's meeting?,ham,51.0,9.0,0,0,0.024390243902439025
11796,Please remember to buy milk on your way home. Have a good day.,ham,62.0,13.0,0,0,0.041666666666666664
10378,Don't forget about the appointment tomorrow. Thanks for letting me know.,ham,72.0,11.0,0,0,0.03389830508474576
10288,Let me know when you arrive. Have a good day.,ham,45.0,10.0,0,0,0.058823529411764705
10418,Please remember to buy milk on your way home. Let me know.,ham,58.0,12.0,0,0,0.044444444444444446
11698,The meeting has been moved to tomorrow morning. See you soon.,ham,61.0,11.0,0,0,0.04081632653061224
10391,You are eligible for a special reward. Visit the link immediately. Offer expires today,spam,86.0,14.0,0,0,0.04225352112676056
10592,Please remember to buy milk on your way home.,ham,45.0,9.0,0,0,0.027777777777777776
11522,I have attached the document we discussed.,ham,,7.0,0,0,0.02857142857142857
11162,You have WON a guaranteed prize. Call now to receive your money.,spam,64.0,12.0,0,0,0.09803921568627451
11086,"Hey, are we still meeting for lunch today? Thanks!",ham,50.0,9.0,0,0,0.05128205128205128
11495,Are you free this weekend? We could watch a movie. Take care.,ham,61.0,12.0,0,0,0.06382978723404255
10647,The meeting has been moved to tomorrow morning.,ham,47.0,8.0,0,0,0.02564102564102564
11152,I will reach home around 7 tonight.,ham,35.0,7.0,0,1,0.037037037037037035
11367,Please remember to buy milk on your way home.,ham,45.0,9.0,0,0,0.027777777777777776
10520,Congratulations winner! Claim your cash bonus before it expires.,spam,64.0,9.0,0,0,0.037037037037037035
11862,Are you free this weekend? We could watch a movie. Take care.,ham,61.0,12.0,0,0,0.06382978723404255
11880,Are you free this weekend? We could watch a movie.,ham,50.0,10.0,0,0,0.05128205128205128
10064,Thanks for helping me with the project yesterday. Take care.,ham,60.0,10.0,0,0,0.04081632653061224
11836,I will reach home around 7 tonight. See you soon.,ham,49.0,10.0,0,1,0.05405405405405406
10014,You are eligible for a special reward. Visit the link immediately.,spam,66.0,11.0,0,0,0.037037037037037035
11180,URGENT: Your reward is waiting. Confirm your details immediately.,spam,65.0,9.0,0,0,0.14814814814814814
11064,I will reach home around 7 tonight. See you tomorrow.,ham,53.0,10.0,0,1,0.04878048780487805
10492,I have attached the document we discussed. Thanks!,ham,50.0,8.0,0,0,0.04878048780487805
10379,Limited offer! Get 70% OFF today. Click here before the offer expires. Call 1800123456,spam,86.0,14.0,0,1,0.12280701754385964
10187,I will reach home around 7 tonight. Let me know.,ham,48.0,10.0,0,1,0.05555555555555555
10763,"Hey, are we still meeting for lunch today? Talk to you later.",ham,61.0,12.0,0,0,0.0425531914893617
10216,Thanks for helping me with the project yesterday. Talk to you later.,ham,68.0,12.0,0,0,0.03636363636363636
10791,Don't forget about the appointment tomorrow.,ham,44.0,6.0,0,0,0.02702702702702703
11076,URGENT: Your reward is waiting. Confirm your details immediately.,spam,65.0,9.0,0,0,0.14814814814814814
10878,I will reach home around 7 tonight. See you tomorrow.,ham,53.0,10.0,0,1,0.04878048780487805
10337,The meeting has been moved to tomorrow morning. Take care.,ham,58.0,10.0,0,0,0.0425531914893617
11772,Can you send me the notes from yesterday's meeting? Thanks!,ham,59.0,10.0,0,0,0.0425531914893617
10719,Don't forget about the appointment tomorrow.,ham,44.0,6.0,0,0,0.02702702702702703
11748,I have attached the document we discussed. See you soon.,ham,56.0,,0,0,0.044444444444444446
10295,Limited offer! Get 70% OFF today. Click here before the offer expires. Offer expires today,spam,90.0,15.0,0,1,0.1
11725,Thanks for helping me with the project yesterday. Take care.,ham,,10.0,0,0,0.04081632653061224
11016,URGENT: Your reward is waiting. Confirm your details immediately. Visit http://claim-now.example,spam,96.0,11.0,1,0,0.11538461538461539
11275,Don't forget about the appointment tomorrow. Take care.,ham,55.0,8.0,0,0,0.044444444444444446
11750,I have attached the document we discussed. Thanks for letting me know.,ham,70.0,12.0,0,0,0.03508771929824561
11485,Can you send me the notes from yesterday's meeting?,ham,51.0,9.0,0,0,0.024390243902439025
10455,The meeting has been moved to tomorrow morning.,ham,47.0,8.0,0,0,0.02564102564102564
11664,Let me know when you arrive.,ham,,6.0,0,0,0.045454545454545456
10815,URGENT: Your reward is waiting. Confirm your details immediately. http://free-reward.example,spam,92.0,10.0,1,0,0.10666666666666667
11886,Please remember to buy milk on your way home. Have a good day.,ham,62.0,13.0,0,0,0.041666666666666664
10269,Let me know when you arrive. Thanks for letting me know.,ham,56.0,11.0,0,0,0.045454545454545456
10995,Exclusive offer! Get a FREE gift today. Limited time only. Click now!,spam,69.0,12.0,0,0,0.14814814814814814
10201,The meeting has been moved to tomorrow morning. Talk to you later.,ham,66.0,12.0,0,0,0.03773584905660377
10161,Don't forget about the appointment tomorrow.,ham,44.0,6.0,0,0,0.02702702702702703
11579,I have attached the document we discussed. Let me know.,ham,55.0,10.0,0,0,0.045454545454545456
10729,Thanks for helping me with the project yesterday. Thanks for letting me know.,ham,77.0,13.0,0,0,0.031746031746031744
10401,The meeting has been moved to tomorrow morning. Have a good day.,ham,64.0,12.0,0,0,0.0392156862745098
10702,Thanks for helping me with the project yesterday.,ham,49.0,8.0,0,0,0.024390243902439025
11500,URGENT! You have been selected for a cash reward. Click the link to claim. Act immediately,spam,90.0,16.0,0,0,0.125
11845,Thanks for helping me with the project yesterday. Let me know.,ham,62.0,11.0,0,0,0.04
11795,"Hey, are we still meeting for lunch today? Let me know.",ham,55.0,11.0,0,0,0.047619047619047616
11129,Please remember to buy milk on your way home.,ham,45.0,9.0,0,0,0.027777777777777776
10565,I will reach home around 7 tonight.,ham,35.0,7.0,0,1,0.037037037037037035
11413,Congratulations winner! Claim your cash bonus before it expires. Call 1800123456,spam,80.0,11.0,0,1,0.05172413793103448
11021,I will reach home around 7 tonight.,ham,35.0,7.0,0,1,0.037037037037037035
11025,The meeting has been moved to tomorrow morning. See you soon.,ham,61.0,11.0,0,0,0.04081632653061224
11411,Thanks for helping me with the project yesterday.,ham,49.0,8.0,0,0,0.024390243902439025
11895,I have attached the document we discussed.,ham,42.0,7.0,0,0,0.02857142857142857
11585,Thanks for helping me with the project yesterday.,ham,49.0,8.0,0,0,0.024390243902439025
11104,URGENT: Your reward is waiting. Confirm your details immediately. Offer expires today,spam,85.0,12.0,0,0,0.1267605633802817
10205,Can you send me the notes from yesterday's meeting?,ham,51.0,9.0,0,0,0.024390243902439025
10034,Are you free this weekend? We could watch a movie. Have a good day.,ham,67.0,14.0,0,0,0.058823529411764705
10775,,spam,95.0,14.0,1,0,0.08
10508,Let me know when you arrive.,ham,28.0,6.0,0,0,0.045454545454545456
11451,"Hey, are we still meeting for lunch today?",ham,42.0,8.0,0,0,0.030303030303030304
11478,URGENT: Your reward is waiting. Confirm your details immediately. Call 9876543210,spam,81.0,11.0,0,1,0.15517241379310345
11995,Don't forget about the appointment tomorrow.,ham,44.0,,0,0,0.02702702702702703
11390,The meeting has been moved to tomorrow morning.,ham,47.0,8.0,0,0,0.02564102564102564
10091,I will reach home around 7 tonight. Thanks for letting me know.,ham,63.0,12.0,0,1,0.04081632653061224
11363,Don't forget about the appointment tomorrow. See you soon.,ham,58.0,9.0,0,0,0.0425531914893617
10897,Are you free this weekend? We could watch a movie.,ham,50.0,10.0,0,0,0.05128205128205128
10564,"Hey, are we still meeting for lunch today?",ham,42.0,8.0,0,0,0.030303030303030304
11369,Your account statement is ready. Please check the attached document.,spam,68.0,10.0,0,0,0.14814814814814814
10776,Don't forget about the appointment tomorrow.,ham,44.0,6.0,0,0,0.02702702702702703
10241,Don't forget about the appointment tomorrow. Let me know.,ham,57.0,9.0,0,0,0.043478260869565216
10013,Congratulations! You have won a free prize. Claim your reward now! Visit http://claim-now.example Call 1800123456,spam,113.0,15.0,1,1,0.06172839506172839
10315,,ham,44.0,6.0,0,0,0.02702702702702703
10600,Are you free this weekend? We could watch a movie.,ham,50.0,10.0,0,0,0.05128205128205128
10387,"Hey, are we still meeting for lunch today? Thanks for letting me know.",ham,70.0,13.0,0,0,0.03636363636363636
11297,Don't forget about the appointment tomorrow.,ham,44.0,6.0,0,0,0.02702702702702703
10166,You are eligible for a special reward. Visit the link immediately.,spam,66.0,11.0,0,0,0.037037037037037035
10840,Are you free this weekend? We could watch a movie. Talk to you later.,ham,69.0,14.0,0,0,0.05660377358490566
10020,"Hey, are we still meeting for lunch today? Thanks for letting me know.",ham,70.0,13.0,0,0,0.03636363636363636
10646,You are eligible for a special reward. Visit the link immediately.,spam,66.0,11.0,0,0,0.037037037037037035
11842,The meeting has been moved to tomorrow morning.,ham,47.0,8.0,0,0,0.02564102564102564
11508,Don't forget about the appointment tomorrow.,ham,44.0,6.0,0,0,0.02702702702702703
11154,Are you free this weekend? We could watch a movie. Take care.,ham,61.0,12.0,0,0,0.06382978723404255
11528,Can you send me the notes from yesterday's meeting? See you soon.,ham,65.0,12.0,0,0,0.0392156862745098
10831,Please remember to buy milk on your way home. Thanks!,ham,53.0,10.0,0,0,0.047619047619047616
11267,The meeting has been moved to tomorrow morning. Have a good day.,ham,64.0,,0,0,0.0392156862745098
11590,Let me know when you arrive. Take care.,ham,39.0,8.0,0,0,0.06666666666666667
11899,"Hey, are we still meeting for lunch today? Have a good day.",ham,59.0,12.0,0,0,0.044444444444444446
10562,Can you send me the notes from yesterday's meeting? Thanks for letting me know.,ham,79.0,14.0,0,0,0.031746031746031744
11976,Don't forget about the appointment tomorrow.,ham,44.0,6.0,0,0,0.02702702702702703
10686,URGENT! You have been selected for a cash reward. Click the link to claim. Reply YES to claim,spam,93.0,18.0,0,0,0.1643835616438356
10957,Congratulations! You have won a free prize. Claim your reward now! Reply YES to claim Call 1800123456,spam,101.0,17.0,0,1,0.1111111111111111
10189,You have been chosen for a FREE vacation. Claim now. Visit http://claim-now.example,spam,83.0,12.0,1,0,0.1076923076923077
11806,You have WON a guaranteed prize. Call now to receive your money.,spam,64.0,12.0,0,0,0.09803921568627451
10975,You have been chosen for a FREE vacation. Claim now. Click now!,spam,63.0,12.0,0,0,0.14285714285714285
10699,I will reach home around 7 tonight.,ham,35.0,7.0,0,1,0.037037037037037035
11499,Please remember to buy milk on your way home.,ham,45.0,9.0,0,0,0.027777777777777776
11705,Don't forget about the appointment tomorrow. Take care.,ham,55.0,8.0,0,0,0.044444444444444446
10510,Thanks for helping me with the project yesterday.,ham,49.0,8.0,0,0,0.024390243902439025
11082,I have attached the document we discussed. See you tomorrow.,ham,60.0,10.0,0,0,0.04081632653061224
10474,URGENT: Your reward is waiting. Confirm your details immediately. Offer expires today http://free-reward.example,spam,112.0,13.0,1,0,0.09782608695652174
11584,The meeting has been moved to tomorrow morning. Talk to you later.,ham,66.0,12.0,0,0,0.03773584905660377
10856,Let me know when you arrive. Talk to you later.,ham,47.0,10.0,0,0,0.05555555555555555
10747,Thanks for helping me with the project yesterday.,ham,49.0,8.0,0,0,0.024390243902439025
10252,Let me know when you arrive. Have a good day.,ham,45.0,10.0,0,0,0.058823529411764705
10021,You have been chosen for a FREE vacation. Claim now.,spam,52.0,10.0,0,0,0.14634146341463414
11337,Congratulations winner! Claim your cash bonus before it expires. Call 1800123456 Visit http://claim-now.example,spam,111.0,13.0,1,1,0.04878048780487805
10459,Congratulations! You have won a free prize. Claim your reward now! Call 1800123456,spam,82.0,13.0,0,1,0.07017543859649122
11184,I have attached the document we discussed.,ham,42.0,7.0,0,0,0.02857142857142857
10276,"Hey, are we still meeting for lunch today?",ham,42.0,8.0,0,0,0.030303030303030304
10955,Please remember to buy milk on your way home. Let me know.,ham,58.0,12.0,0,0,0.044444444444444446
11215,Please remember to buy milk on your way home.,ham,45.0,9.0,0,0,0.027777777777777776
10385,Don't forget about the appointment tomorrow. Take care.,ham,55.0,8.0,0,0,0.044444444444444446
10805,I have attached the document we discussed.,ham,42.0,7.0,0,0,0.02857142857142857
11437,Let me know when you arrive.,ham,28.0,6.0,0,0,0.045454545454545456
11515,WINNER! Your number has been selected for a fantastic cash prize. Visit http://claim-now.example,spam,96.0,13.0,1,0,0.1038961038961039
10343,Congratulations winner! Claim your cash bonus before it expires. Call 9876543210,spam,80.0,11.0,0,1,0.05172413793103448
10769,URGENT! You have been selected for a cash reward. Click the link to claim. Reply YES to claim,spam,93.0,18.0,0,0,0.1643835616438356
11332,,ham,58.0,11.0,0,0,0.06666666666666667
11685,Please remember to buy milk on your way home.,ham,45.0,9.0,0,0,0.027777777777777776
10130,I will reach home around 7 tonight. Take care.,ham,46.0,9.0,0,1,0.05714285714285714
11687,The meeting has been moved to tomorrow morning.,ham,47.0,8.0,0,0,0.02564102564102564
10871,Can you send me the notes from yesterday's meeting?,ham,51.0,9.0,0,0,0.024390243902439025
11123,I will reach home around 7 tonight. See you tomorrow.,ham,53.0,10.0,0,1,0.04878048780487805
11396,Are you free this weekend? We could watch a movie. Thanks!,ham,58.0,11.0,0,0,0.06666666666666667
10087,Can you send me the notes from yesterday's meeting?,ham,51.0,9.0,0,0,0.024390243902439025
11482,Don't forget about the appointment tomorrow.,ham,44.0,6.0,0,0,0.02702702702702703
10330,Don't forget about the appointment tomorrow. See you soon.,ham,58.0,9.0,0,0,0.0425531914893617
11238,Please remember to buy milk on your way home.,ham,45.0,9.0,0,0,0.027777777777777776
10466,The meeting has been moved to tomorrow morning. Have a good day.,ham,64.0,12.0,0,0,0.0392156862745098
10121,Are you free this weekend? We could watch a movie. Take care.,ham,61.0,12.0,0,0,0.06382978723404255
11638,URGENT: Your reward is waiting. Confirm your details immediately. Call 9876543210 Visit http://claim-now.example,spam,112.0,13.0,1,1,0.12195121951219512
11044,Please remember to buy milk on your way home.,ham,,9.0,0,0,0.027777777777777776
11724,The meeting has been moved to tomorrow morning.,ham,47.0,8.0,0,0,0.02564102564102564
11095,Please remember to buy milk on your way home. Let me know.,ham,58.0,12.0,0,0,0.044444444444444446
11130,I will reach home around 7 tonight.,ham,35.0,7.0,0,1,0.037037037037037035
11294,Please remember to buy milk on your way home.,ham,45.0,9.0,0,0,0.027777777777777776
10860,Are you free this weekend? We could watch a movie.,ham,50.0,10.0,0,0,0.05128205128205128
11459,I will reach home around 7 tonight. Have a good day.,ham,52.0,11.0,0,1,0.05128205128205128
11126,Please remember to buy milk on your way home. Thanks for letting me know.,ham,73.0,14.0,0,0,0.034482758620689655
