,transfrom__WorkLifeBalance,transform_num__MonthlyIncome,Ordinal_Encoding__PerformanceRating,OneHot_Encoding__Department_HR,OneHot_Encoding__Department_IT,OneHot_Encoding__Department_Marketing,OneHot_Encoding__Department_Sales,OneHot_Encoding__Gender_Male,OneHot_Encoding__Overtime_Yes,remainder__Age,remainder__JobLevel,remainder__YearsAtCompany,remainder__DistanceFromHome,remainder__NumCompaniesWorked,remainder__SatisfactionScore,Attrition
0,2.0,56742.0,2.0,0.0,0.0,1.0,0.0,0.0,0.0,59.0,3.0,2.0,41.0,4.0,2.0,0
1,3.0,68908.0,2.0,0.0,0.0,1.0,0.0,0.0,0.0,49.0,3.0,11.0,9.0,3.0,1.0,0
2,2.0,15867.0,1.0,0.0,0.0,0.0,0.0,1.0,0.0,35.0,1.0,1.0,7.0,0.0,7.0,0
3,2.0,33731.0,2.0,0.0,0.0,0.0,1.0,0.0,1.0,28.0,1.0,13.0,41.0,8.0,2.0,0
4,3.0,94723.0,1.0,0.0,0.0,0.0,1.0,0.0,0.0,41.0,4.0,15.0,1.0,9.0,4.0,0
5,2.0,76377.0,1.0,0.0,0.0,0.0,1.0,0.0,0.0,59.0,3.0,18.0,2.0,3.0,4.0,0
6,1.0,57856.0,2.0,0.0,0.0,0.0,1.0,1.0,1.0,39.0,1.0,33.0,4.0,2.0,10.0,0
7,1.0,62965.0,1.0,1.0,0.0,0.0,0.0,1.0,0.0,43.0,3.0,5.0,14.0,5.0,1.0,0
8,2.0,72400.0,1.0,0.0,0.0,1.0,0.0,1.0,1.0,31.0,3.0,12.0,32.0,0.0,2.0,0
9,2.0,59626.0,1.0,0.0,1.0,0.0,0.0,1.0,1.0,31.0,2.0,21.0,36.0,4.0,1.0,0
10,2.0,107554.0,1.0,0.0,0.0,0.0,1.0,0.0,1.0,44.0,5.0,17.0,2.0,6.0,6.0,0
11,2.0,68335.0,2.0,1.0,0.0,0.0,0.0,1.0,1.0,56.0,3.0,11.0,40.0,1.0,3.0,1
12,2.0,61236.0,1.0,0.0,0.0,0.0,1.0,1.0,1.0,44.0,2.0,29.0,14.0,9.0,1.0,0
13,3.0,77938.0,1.0,0.0,0.0,0.0,1.0,0.0,0.0,23.0,4.0,6.0,20.0,8.0,8.0,0
14,2.0,94370.0,1.0,0.0,0.0,0.0,1.0,0.0,0.0,42.0,4.0,31.0,25.0,5.0,4.0,0
15,1.0,29545.0,2.0,0.0,0.0,0.0,1.0,0.0,0.0,22.0,1.0,18.0,42.0,1.0,10.0,0
16,3.0,13042.0,1.0,0.0,0.0,0.0,0.0,1.0,1.0,44.0,1.0,5.0,8.0,7.0,7.0,0
17,1.0,47084.0,1.0,0.0,0.0,1.0,0.0,1.0,1.0,50.0,1.0,19.0,28.0,7.0,10.0,0
18,2.0,85283.0,1.0,1.0,0.0,0.0,0.0,1.0,0.0,58.0,3.0,26.0,21.0,0.0,2.0,0
19,3.0,53627.0,1.0,0.0,1.0,0.0,0.0,0.0,0.0,22.0,3.0,6.0,23.0,0.0,6.0,0
20,2.0,61746.0,1.0,0.0,0.0,0.0,0.0,0.0,1.0,41.0,3.0,4.0,32.0,0.0,6.0,0
21,2.0,89931.0,0.0,0.0,0.0,0.0,1.0,1.0,0.0,53.0,4.0,10.0,8.0,3.0,7.0,0
22,2.0,73850.0,1.0,0.0,0.0,0.0,1.0,0.0,0.0,32.0,3.0,14.0,31.0,3.0,1.0,0
23,2.0,19267.0,1.0,0.0,0.0,1.0,0.0,0.0,0.0,42.0,1.0,2.0,37.0,7.0,1.0,0
24,2.0,42194.0,1.0,0.0,0.0,0.0,1.0,0.0,0.0,45.0,2.0,4.0,16.0,0.0,2.0,0
25,2.0,67808.0,1.0,0.0,1.0,0.0,0.0,1.0,1.0,47.0,2.0,22.0,40.0,9.0,2.0,0
26,2.0,42784.0,1.0,0.0,1.0,0.0,0.0,0.0,0.0,48.0,2.0,8.0,42.0,2.0,5.0,0
27,2.0,70979.0,1.0,1.0,0.0,0.0,0.0,0.0,1.0,36.0,3.0,14.0,27.0,0.0,1.0,0
28,1.0,72856.0,1.0,1.0,0.0,0.0,0.0,1.0,0.0,35.0,4.0,2.0,40.0,8.0,2.0,0
29,2.0,59919.0,1.0,0.0,0.0,0.0,0.0,1.0,1.0,23.0,2.0,28.0,41.0,9.0,6.0,0
30,2.0,47499.0,2.0,0.0,0.0,0.0,1.0,0.0,0.0,57.0,2.0,5.0,18.0,8.0,3.0,0
31,2.0,85543.0,1.0,0.0,0.0,0.0,1.0,0.0,1.0,27.0,3.0,16.0,35.0,6.0,4.0,0
32,2.0,60757.0,0.0,0.0,0.0,0.0,0.0,1.0,0.0,41.0,2.0,25.0,15.0,7.0,1.0,0
33,2.0,47776.0,2.0,0.0,1.0,0.0,0.0,1.0,0.0,29.0,1.0,20.0,27.0,0.0,5.0,0
34,2.0,39348.0,1.0,0.0,0.0,0.0,1.0,0.0,0.0,59.0,2.0,7.0,17.0,4.0,4.0,0
35,2.0,42796.0,0.0,0.0,0.0,1.0,0.0,0.0,0.0,38.0,1.0,20.0,40.0,1.0,8.0,0
36,3.0,93048.0,2.0,1.0,0.0,0.0,0.0,0.0,0.0,24.0,4.0,10.0,2.0,0.0,3.0,0
37,1.0,59626.0,1.0,0.0,0.0,0.0,0.0,0.0,0.0,45.0,1.0,7.0,31.0,2.0,10.0,0
38,2.0,63511.0,1.0,0.0,0.0,0.0,0.0,1.0,0.0,34.0,2.0,23.0,37.0,6.0,1.0,0
39,1.0,65990.0,1.0,0.0,1.0,0.0,0.0,0.0,0.0,29.0,2.0,34.0,41.0,0.0,10.0,0
40,0.0,101614.0,1.0,0.0,1.0,0.0,0.0,0.0,0.0,46.0,5.0,13.0,41.0,1.0,5.0,1
41,3.0,22162.0,2.0,0.0,0.0,1.0,0.0,1.0,0.0,22.0,1.0,13.0,34.0,1.0,1.0,0
42,1.0,31375.0,1.0,0.0,0.0,0.0,1.0,0.0,0.0,40.0,1.0,9.0,34.0,3.0,5.0,0
43,2.0,36189.0,0.0,0.0,0.0,0.0,0.0,1.0,0.0,48.0,1.0,11.0,3.0,2.0,9.0,0
44,3.0,56270.0,2.0,0.0,0.0,0.0,1.0,0.0,0.0,27.0,1.0,33.0,17.0,2.0,5.0,0
45,3.0,59626.0,2.0,1.0,0.0,0.0,0.0,0.0,0.0,28.0,1.0,9.0,14.0,9.0,2.0,0
46,3.0,71245.0,1.0,1.0,0.0,0.0,0.0,1.0,0.0,55.0,3.0,16.0,14.0,4.0,2.0,0
47,1.0,59626.0,1.0,0.0,0.0,1.0,0.0,1.0,1.0,34.0,1.0,16.0,38.0,2.0,10.0,0
48,2.0,21176.0,0.0,0.0,0.0,1.0,0.0,0.0,0.0,37.0,1.0,2.0,35.0,6.0,9.0,0
49,2.0,96086.0,2.0,0.0,0.0,0.0,1.0,0.0,0.0,56.0,4.0,30.0,1.0,4.0,5.0,0
50,2.0,41639.0,0.0,0.0,0.0,0.0,1.0,0.0,0.0,24.0,2.0,0.0,29.0,3.0,8.0,0
51,3.0,46862.0,0.0,0.0,0.0,0.0,0.0,1.0,0.0,22.0,2.0,11.0,4.0,2.0,10.0,0
52,2.0,31977.0,1.0,0.0,1.0,0.0,0.0,0.0,1.0,26.0,2.0,3.0,33.0,3.0,4.0,1
53,2.0,101766.0,1.0,0.0,0.0,0.0,1.0,1.0,0.0,24.0,5.0,12.0,17.0,1.0,2.0,0
54,2.0,46187.0,0.0,0.0,1.0,0.0,0.0,1.0,0.0,49.0,1.0,33.0,28.0,0.0,4.0,0
55,2.0,88500.0,1.0,0.0,1.0,0.0,0.0,0.0,0.0,38.0,4.0,20.0,26.0,2.0,4.0,0
56,3.0,80057.0,1.0,0.0,0.0,1.0,0.0,1.0,1.0,46.0,3.0,21.0,8.0,1.0,9.0,0
57,0.0,22960.0,1.0,0.0,0.0,0.0,1.0,0.0,0.0,54.0,1.0,3.0,34.0,0.0,10.0,0
58,2.0,112238.0,0.0,0.0,1.0,0.0,0.0,0.0,0.0,30.0,5.0,17.0,18.0,0.0,6.0,0
59,3.0,22819.0,1.0,0.0,1.0,0.0,0.0,0.0,1.0,56.0,1.0,4.0,31.0,1.0,10.0,0
60,2.0,35442.0,1.0,0.0,0.0,0.0,0.0,0.0,1.0,34.0,1.0,18.0,27.0,8.0,6.0,0
61,0.0,72873.0,2.0,0.0,1.0,0.0,0.0,0.0,1.0,51.0,4.0,1.0,16.0,4.0,5.0,0
62,2.0,64576.0,1.0,0.0,1.0,0.0,0.0,1.0,0.0,35.0,3.0,11.0,10.0,8.0,6.0,0
63,1.0,63445.0,1.0,0.0,0.0,0.0,1.0,1.0,1.0,28.0,3.0,16.0,40.0,7.0,1.0,0
64,1.0,24165.0,0.0,0.0,0.0,0.0,0.0,0.0,1.0,34.0,1.0,9.0,12.0,5.0,5.0,0
65,3.0,80937.0,0.0,0.0,1.0,0.0,0.0,0.0,0.0,43.0,2.0,33.0,22.0,0.0,6.0,0
66,2.0,69529.0,1.0,0.0,0.0,0.0,1.0,1.0,1.0,41.0,3.0,5.0,16.0,9.0,8.0,0
67,2.0,48307.0,1.0,0.0,1.0,0.0,0.0,1.0,1.0,36.0,2.0,7.0,12.0,4.0,4.0,0
68,2.0,57262.0,1.0,0.0,0.0,0.0,1.0,1.0,0.0,38.0,2.0,10.0,11.0,0.0,5.0,0
69,2.0,31712.0,1.0,0.0,0.0,0.0,1.0,1.0,0.0,44.0,1.0,11.0,20.0,6.0,4.0,1
70,0.0,38054.0,1.0,0.0,0.0,1.0,0.0,0.0,0.0,46.0,1.0,8.0,1.0,9.0,7.0,0
71,2.0,85526.0,1.0,0.0,1.0,0.0,0.0,0.0,0.0,45.0,4.0,1.0,27.0,7.0,10.0,0
72,1.0,33999.0,2.0,0.0,0.0,0.0,0.0,1.0,0.0,49.0,2.0,7.0,3.0,7.0,6.0,0
73,3.0,103328.0,1.0,1.0,0.0,0.0,0.0,0.0,0.0,35.0,5.0,10.0,12.0,6.0,4.0,0
74,1.0,47318.0,1.0,0.0,0.0,0.0,0.0,1.0,1.0,21.0,2.0,9.0,30.0,1.0,6.0,0
75,1.0,226365.0,1.0,0.0,0.0,0.0,1.0,0.0,1.0,45.0,3.0,20.0,18.0,4.0,4.0,0
76,2.0,43751.0,1.0,1.0,0.0,0.0,0.0,1.0,0.0,27.0,1.0,19.0,37.0,3.0,8.0,0
77,1.0,44646.0,2.0,0.0,0.0,1.0,0.0,0.0,0.0,29.0,2.0,7.0,1.0,4.0,3.0,0
78,1.0,47187.0,2.0,0.0,0.0,0.0,0.0,1.0,0.0,44.0,1.0,28.0,42.0,9.0,8.0,0
79,2.0,49040.0,1.0,0.0,1.0,0.0,0.0,1.0,0.0,21.0,2.0,11.0,4.0,8.0,2.0,0
80,0.0,58827.0,1.0,1.0,0.0,0.0,0.0,0.0,0.0,28.0,2.0,13.0,15.0,3.0,6.0,0
81,0.0,115095.0,1.0,0.0,0.0,1.0,0.0,1.0,1.0,44.0,5.0,20.0,27.0,7.0,8.0,0
82,2.0,82961.0,2.0,0.0,1.0,0.0,0.0,0.0,1.0,31.0,3.0,21.0,8.0,7.0,1.0,0
83,2.0,40337.0,1.0,0.0,0.0,0.0,0.0,0.0,0.0,37.0,1.0,20.0,23.0,1.0,6.0,0
84,2.0,166536.0,1.0,0.0,0.0,0.0,0.0,1.0,0.0,28.0,1.0,29.0,30.0,5.0,9.0,0
85,2.0,33544.0,1.0,0.0,0.0,0.0,1.0,0.0,0.0,55.0,1.0,19.0,27.0,4.0,10.0,0
86,2.0,60601.0,1.0,0.0,0.0,0.0,1.0,0.0,1.0,55.0,2.0,23.0,31.0,1.0,10.0,1
87,2.0,79783.0,1.0,0.0,1.0,0.0,0.0,0.0,0.0,53.0,3.0,22.0,39.0,9.0,2.0,0
88,3.0,71541.0,1.0,0.0,0.0,0.0,1.0,0.0,0.0,25.0,4.0,6.0,8.0,3.0,1.0,0
89,0.0,22618.0,1.0,0.0,0.0,0.0,1.0,0.0,1.0,59.0,1.0,8.0,30.0,6.0,2.0,0
90,2.0,37878.0,0.0,0.0,0.0,1.0,0.0,1.0,0.0,48.0,2.0,0.0,42.0,0.0,5.0,0
91,3.0,66778.0,2.0,0.0,1.0,0.0,0.0,0.0,0.0,27.0,2.0,25.0,18.0,8.0,6.0,0
92,3.0,84038.0,2.0,0.0,0.0,0.0,0.0,0.0,1.0,29.0,3.0,21.0,4.0,9.0,1.0,0
93,1.0,43196.0,2.0,0.0,1.0,0.0,0.0,0.0,0.0,28.0,2.0,9.0,43.0,0.0,7.0,0
94,1.0,60345.0,1.0,0.0,1.0,0.0,0.0,0.0,1.0,32.0,3.0,5.0,22.0,4.0,4.0,0
95,2.0,69168.0,2.0,0.0,0.0,0.0,1.0,0.0,0.0,54.0,3.0,16.0,3.0,6.0,9.0,0
96,0.0,49836.0,1.0,1.0,0.0,0.0,0.0,1.0,1.0,53.0,1.0,23.0,15.0,7.0,6.0,0
97,3.0,71944.0,1.0,1.0,0.0,0.0,0.0,0.0,0.0,43.0,3.0,9.0,35.0,1.0,9.0,0
98,2.0,29299.0,1.0,1.0,0.0,0.0,0.0,1.0,0.0,44.0,1.0,7.0,38.0,3.0,1.0,1
99,2.0,84367.0,1.0,0.0,0.0,0.0,0.0,1.0,0.0,57.0,3.0,20.0,33.0,1.0,4.0,0
100,1.0,42194.0,1.0,1.0,0.0,0.0,0.0,1.0,0.0,55.0,2.0,5.0,14.0,3.0,2.0,0
101,2.0,64833.0,2.0,0.0,1.0,0.0,0.0,1.0,0.0,42.0,2.0,20.0,1.0,5.0,6.0,0
102,2.0,100052.0,0.0,1.0,0.0,0.0,0.0,0.0,0.0,47.0,4.0,23.0,26.0,5.0,4.0,0
103,3.0,104250.0,1.0,0.0,0.0,0.0,1.0,1.0,0.0,55.0,4.0,32.0,8.0,1.0,9.0,0
104,0.0,93880.0,1.0,0.0,1.0,0.0,0.0,1.0,0.0,21.0,4.0,17.0,16.0,3.0,3.0,0
105,0.0,62428.0,1.0,0.0,0.0,0.0,1.0,0.0,0.0,55.0,2.0,27.0,38.0,3.0,1.0,0
106,2.0,105234.0,1.0,0.0,0.0,0.0,1.0,0.0,0.0,57.0,3.0,31.0,10.0,0.0,1.0,0
107,1.0,47195.0,1.0,0.0,0.0,0.0,1.0,0.0,0.0,34.0,2.0,11.0,42.0,1.0,9.0,0
108,2.0,107070.0,2.0,1.0,0.0,0.0,0.0,1.0,0.0,23.0,4.0,26.0,37.0,2.0,9.0,0
109,3.0,46725.0,1.0,0.0,0.0,0.0,0.0,0.0,0.0,21.0,2.0,9.0,26.0,4.0,5.0,0
110,2.0,119798.0,1.0,0.0,0.0,0.0,1.0,0.0,1.0,25.0,5.0,31.0,28.0,7.0,2.0,0
111,2.0,90608.0,1.0,1.0,0.0,0.0,0.0,1.0,1.0,46.0,4.0,25.0,12.0,5.0,9.0,0
112,0.0,87294.0,2.0,0.0,1.0,0.0,0.0,0.0,1.0,34.0,3.0,24.0,20.0,2.0,8.0,0
113,1.0,39296.0,2.0,0.0,0.0,0.0,1.0,0.0,0.0,59.0,1.0,10.0,14.0,5.0,10.0,0
114,0.0,39991.0,1.0,0.0,0.0,1.0,0.0,0.0,0.0,47.0,1.0,22.0,35.0,6.0,10.0,0
115,1.0,101659.0,1.0,0.0,1.0,0.0,0.0,0.0,0.0,29.0,4.0,33.0,29.0,5.0,6.0,0
116,3.0,42449.0,1.0,0.0,1.0,0.0,0.0,1.0,0.0,35.0,1.0,22.0,12.0,9.0,7.0,0
117,0.0,99977.0,2.0,0.0,1.0,0.0,0.0,0.0,0.0,35.0,4.0,28.0,18.0,5.0,6.0,0
118,2.0,68098.0,2.0,0.0,0.0,0.0,1.0,0.0,0.0,46.0,2.0,30.0,44.0,0.0,5.0,0
119,2.0,59626.0,1.0,0.0,1.0,0.0,0.0,1.0,1.0,33.0,2.0,6.0,2.0,2.0,4.0,0
120,3.0,110097.0,1.0,1.0,0.0,0.0,0.0,0.0,1.0,52.0,4.0,32.0,2.0,6.0,7.0,0
121,1.0,73022.0,2.0,0.0,0.0,1.0,0.0,1.0,0.0,59.0,3.0,20.0,17.0,3.0,4.0,0
122,1.0,40731.0,1.0,0.0,0.0,0.0,1.0,0.0,0.0,52.0,2.0,1.0,10.0,3.0,10.0,0
123,0.0,60401.0,1.0,0.0,1.0,0.0,0.0,1.0,0.0,24.0,2.0,17.0,18.0,6.0,10.0,0
124,2.0,72377.0,1.0,0.0,1.0,0.0,0.0,1.0,1.0,50.0,2.0,32.0,22.0,8.0,10.0,0
125,2.0,94427.0,1.0,0.0,0.0,0.0,1.0,1.0,0.0,57.0,3.0,33.0,19.0,1.0,9.0,0
126,3.0,43923.0,2.0,1.0,0.0,0.0,0.0,1.0,1.0,43.0,1.0,19.0,1.0,8.0,5.0,0
127,2.0,115356.0,1.0,0.0,0.0,0.0,0.0,0.0,1.0,59.0,4.0,34.0,24.0,2.0,8.0,0
128,2.0,92643.0,1.0,0.0,0.0,0.0,0.0,1.0,1.0,35.0,4.0,17.0,36.0,5.0,6.0,1
129,2.0,216585.0,1.0,1.0,0.0,0.0,0.0,0.0,1.0,49.0,2.0,23.0,50.0,3.0,4.0,0
130,2.0,65896.0,0.0,0.0,0.0,0.0,0.0,1.0,1.0,56.0,3.0,7.0,36.0,0.0,3.0,0
131,2.0,68095.0,1.0,0.0,0.0,1.0,0.0,1.0,1.0,33.0,2.0,29.0,31.0,8.0,6.0,0
132,3.0,44131.0,1.0,0.0,0.0,1.0,0.0,1.0,0.0,52.0,2.0,9.0,31.0,5.0,1.0,0
133,3.0,113051.0,1.0,0.0,0.0,0.0,1.0,0.0,1.0,27.0,5.0,22.0,2.0,7.0,2.0,0
134,3.0,33792.0,1.0,0.0,0.0,0.0,0.0,1.0,1.0,42.0,1.0,10.0,19.0,1.0,7.0,0
135,3.0,15463.0,1.0,1.0,0.0,0.0,0.0,0.0,1.0,48.0,1.0,1.0,12.0,6.0,4.0,0
136,1.0,63450.0,1.0,0.0,0.0,1.0,0.0,0.0,0.0,22.0,2.0,25.0,10.0,5.0,5.0,0
137,1.0,80748.0,1.0,0.0,1.0,0.0,0.0,0.0,1.0,26.0,2.0,32.0,31.0,1.0,10.0,0
138,0.0,69549.0,2.0,0.0,0.0,0.0,1.0,0.0,0.0,48.0,3.0,12.0,22.0,1.0,1.0,0
139,1.0,89991.0,1.0,0.0,0.0,0.0,0.0,0.0,0.0,48.0,3.0,24.0,23.0,3.0,2.0,0
140,1.0,62388.0,2.0,1.0,0.0,0.0,0.0,0.0,1.0,40.0,3.0,3.0,23.0,3.0,4.0,0
141,2.0,68539.0,1.0,0.0,0.0,1.0,0.0,0.0,0.0,50.0,3.0,18.0,15.0,2.0,8.0,0
142,2.0,37787.0,2.0,0.0,0.0,1.0,0.0,0.0,1.0,31.0,1.0,17.0,26.0,7.0,10.0,0
143,3.0,76739.0,2.0,0.0,1.0,0.0,0.0,0.0,0.0,48.0,2.0,29.0,3.0,6.0,4.0,0
144,2.0,32266.0,1.0,0.0,0.0,0.0,1.0,1.0,0.0,45.0,1.0,18.0,23.0,1.0,3.0,0
145,3.0,46918.0,2.0,0.0,1.0,0.0,0.0,1.0,1.0,59.0,1.0,22.0,20.0,2.0,3.0,1
146,0.0,59626.0,2.0,0.0,0.0,0.0,1.0,1.0,1.0,53.0,2.0,15.0,40.0,9.0,5.0,1
147,0.0,7471.0,1.0,0.0,0.0,0.0,1.0,1.0,0.0,21.0,1.0,0.0,39.0,8.0,3.0,1
148,2.0,31917.0,1.0,0.0,0.0,0.0,0.0,1.0,0.0,47.0,1.0,11.0,8.0,4.0,8.0,0
149,1.0,40575.0,1.0,0.0,0.0,0.0,1.0,0.0,1.0,33.0,1.0,23.0,18.0,1.0,5.0,0
150,1.0,104594.0,2.0,1.0,0.0,0.0,0.0,0.0,0.0,23.0,4.0,33.0,41.0,2.0,7.0,0
151,1.0,80454.0,1.0,0.0,0.0,1.0,0.0,0.0,0.0,59.0,4.0,7.0,6.0,7.0,8.0,0
152,1.0,62814.0,1.0,1.0,0.0,0.0,0.0,0.0,0.0,26.0,3.0,17.0,27.0,3.0,5.0,0
153,2.0,72754.0,0.0,1.0,0.0,0.0,0.0,0.0,1.0,28.0,4.0,4.0,36.0,1.0,8.0,0
154,2.0,99307.0,1.0,0.0,0.0,1.0,0.0,0.0,0.0,47.0,3.0,25.0,15.0,1.0,3.0,0
155,2.0,92701.0,1.0,0.0,0.0,0.0,1.0,0.0,0.0,29.0,3.0,29.0,37.0,5.0,7.0,0
156,2.0,27111.0,1.0,0.0,0.0,0.0,0.0,1.0,1.0,57.0,1.0,12.0,5.0,7.0,8.0,0
157,2.0,84024.0,1.0,0.0,0.0,1.0,0.0,1.0,0.0,53.0,3.0,18.0,39.0,6.0,7.0,0
158,1.0,81647.0,1.0,0.0,0.0,1.0,0.0,1.0,0.0,44.0,3.0,28.0,9.0,3.0,2.0,0
159,1.0,53077.0,0.0,0.0,1.0,0.0,0.0,1.0,0.0,35.0,3.0,2.0,7.0,1.0,8.0,0
160,1.0,77106.0,1.0,1.0,0.0,0.0,0.0,0.0,1.0,52.0,3.0,25.0,41.0,8.0,6.0,0
161,2.0,50736.0,1.0,0.0,0.0,0.0,1.0,0.0,0.0,52.0,2.0,11.0,20.0,3.0,10.0,0
162,2.0,63411.0,1.0,0.0,0.0,0.0,0.0,0.0,0.0,44.0,3.0,1.0,10.0,8.0,3.0,0
163,2.0,78005.0,1.0,0.0,0.0,1.0,0.0,1.0,0.0,32.0,4.0,10.0,26.0,4.0,4.0,0
164,1.0,56037.0,1.0,0.0,1.0,0.0,0.0,0.0,1.0,59.0,2.0,27.0,4.0,6.0,7.0,0
165,2.0,59626.0,1.0,0.0,0.0,0.0,1.0,0.0,0.0,22.0,3.0,17.0,38.0,4.0,3.0,0
166,2.0,59722.0,0.0,0.0,0.0,0.0,1.0,0.0,0.0,23.0,2.0,12.0,24.0,1.0,1.0,0
167,2.0,67229.0,1.0,0.0,0.0,0.0,1.0,1.0,1.0,57.0,3.0,21.0,14.0,5.0,6.0,0
168,2.0,69960.0,2.0,0.0,0.0,0.0,0.0,0.0,0.0,37.0,3.0,11.0,41.0,6.0,3.0,0
169,2.0,20559.0,1.0,0.0,1.0,0.0,0.0,1.0,0.0,22.0,1.0,1.0,1.0,5.0,10.0,0
170,2.0,56475.0,2.0,0.0,0.0,1.0,0.0,1.0,1.0,22.0,3.0,6.0,17.0,2.0,6.0,0
171,2.0,39633.0,2.0,0.0,0.0,0.0,0.0,1.0,0.0,48.0,1.0,25.0,24.0,9.0,10.0,0
172,1.0,59626.0,1.0,0.0,0.0,0.0,1.0,1.0,0.0,43.0,3.0,25.0,27.0,7.0,3.0,0
173,2.0,64674.0,1.0,0.0,1.0,0.0,0.0,0.0,1.0,57.0,2.0,23.0,7.0,2.0,6.0,0
174,1.0,68726.0,1.0,0.0,1.0,0.0,0.0,1.0,1.0,52.0,3.0,11.0,9.0,4.0,4.0,0
175,0.0,32269.0,1.0,0.0,1.0,0.0,0.0,1.0,1.0,53.0,1.0,15.0,43.0,8.0,4.0,1
176,3.0,75588.0,1.0,0.0,0.0,0.0,0.0,0.0,1.0,21.0,3.0,22.0,35.0,4.0,10.0,0
177,3.0,12870.0,2.0,0.0,0.0,0.0,0.0,0.0,0.0,39.0,1.0,8.0,12.0,6.0,10.0,0
178,0.0,107831.0,0.0,0.0,0.0,0.0,0.0,1.0,1.0,22.0,4.0,31.0,21.0,6.0,2.0,0
179,2.0,97432.0,2.0,0.0,0.0,0.0,1.0,0.0,0.0,46.0,4.0,14.0,3.0,4.0,4.0,0
180,1.0,99058.0,0.0,0.0,0.0,0.0,1.0,1.0,0.0,52.0,5.0,12.0,15.0,1.0,4.0,0
181,2.0,49665.0,2.0,0.0,0.0,0.0,0.0,1.0,1.0,26.0,3.0,4.0,21.0,4.0,7.0,0
182,3.0,68613.0,1.0,0.0,0.0,0.0,1.0,1.0,0.0,52.0,3.0,10.0,10.0,6.0,5.0,0
183,3.0,32520.0,1.0,1.0,0.0,0.0,0.0,1.0,0.0,24.0,1.0,9.0,33.0,6.0,8.0,0
184,2.0,46884.0,1.0,0.0,0.0,0.0,1.0,0.0,0.0,31.0,2.0,12.0,6.0,3.0,7.0,0
185,2.0,50707.0,1.0,0.0,1.0,0.0,0.0,1.0,1.0,37.0,2.0,14.0,2.0,0.0,10.0,0
186,2.0,62783.0,1.0,0.0,0.0,0.0,1.0,0.0,1.0,58.0,3.0,6.0,29.0,5.0,9.0,0
187,2.0,103466.0,2.0,0.0,1.0,0.0,0.0,0.0,0.0,44.0,4.0,27.0,40.0,2.0,8.0,0
188,3.0,61200.0,0.0,0.0,0.0,1.0,0.0,0.0,0.0,25.0,1.0,31.0,33.0,4.0,9.0,0
189,3.0,127423.0,2.0,0.0,0.0,0.0,1.0,0.0,0.0,54.0,4.0,34.0,4.0,3.0,1.0,0
190,2.0,59626.0,1.0,0.0,0.0,0.0,1.0,1.0,0.0,26.0,3.0,14.0,4.0,1.0,10.0,0
191,1.0,85378.0,2.0,1.0,0.0,0.0,0.0,0.0,1.0,42.0,3.0,20.0,29.0,6.0,3.0,0
192,1.0,24631.0,1.0,0.0,0.0,1.0,0.0,1.0,0.0,31.0,1.0,5.0,37.0,4.0,5.0,0
193,0.0,26329.0,1.0,0.0,0.0,0.0,1.0,0.0,1.0,36.0,1.0,0.0,20.0,6.0,9.0,0
194,3.0,43946.0,2.0,1.0,0.0,0.0,0.0,0.0,1.0,53.0,2.0,3.0,41.0,8.0,8.0,0
195,2.0,66366.0,1.0,0.0,0.0,0.0,1.0,1.0,0.0,29.0,3.0,10.0,23.0,3.0,10.0,0
196,1.0,52560.0,1.0,0.0,0.0,0.0,0.0,1.0,1.0,26.0,1.0,25.0,18.0,4.0,7.0,0
197,2.0,60035.0,0.0,0.0,1.0,0.0,0.0,1.0,0.0,36.0,2.0,22.0,25.0,8.0,2.0,1
198,3.0,100954.0,1.0,0.0,0.0,0.0,0.0,0.0,0.0,49.0,4.0,28.0,1.0,9.0,6.0,0
199,1.0,100865.0,1.0,0.0,0.0,1.0,0.0,0.0,1.0,23.0,4.0,20.0,15.0,3.0,4.0,0
200,3.0,98134.0,1.0,0.0,0.0,0.0,1.0,1.0,0.0,40.0,4.0,26.0,34.0,4.0,5.0,0
201,3.0,54254.0,1.0,0.0,0.0,0.0,0.0,1.0,0.0,56.0,2.0,12.0,20.0,4.0,5.0,0
202,3.0,62584.0,1.0,0.0,0.0,0.0,1.0,1.0,0.0,39.0,2.0,22.0,37.0,7.0,4.0,0
203,2.0,58023.0,1.0,0.0,0.0,1.0,0.0,1.0,1.0,46.0,3.0,15.0,27.0,3.0,4.0,0
204,1.0,67353.0,1.0,0.0,1.0,0.0,0.0,0.0,1.0,23.0,2.0,29.0,22.0,3.0,4.0,0
205,2.0,23609.0,1.0,0.0,0.0,1.0,0.0,1.0,0.0,39.0,1.0,3.0,5.0,6.0,2.0,0
206,1.0,33563.0,2.0,0.0,0.0,0.0,1.0,1.0,1.0,40.0,1.0,15.0,34.0,4.0,1.0,0
207,1.0,56719.0,2.0,0.0,0.0,0.0,1.0,1.0,1.0,52.0,2.0,30.0,39.0,5.0,2.0,0
208,2.0,54724.0,0.0,1.0,0.0,0.0,0.0,1.0,0.0,27.0,1.0,24.0,3.0,5.0,7.0,0
209,2.0,50216.0,2.0,1.0,0.0,0.0,0.0,0.0,1.0,53.0,2.0,11.0,17.0,5.0,1.0,0
210,3.0,50662.0,1.0,0.0,0.0,0.0,1.0,1.0,0.0,59.0,1.0,25.0,24.0,9.0,6.0,0
211,0.0,160680.0,1.0,1.0,0.0,0.0,0.0,0.0,1.0,38.0,1.0,32.0,48.0,4.0,4.0,0
212,2.0,89588.0,1.0,0.0,0.0,0.0,1.0,1.0,0.0,21.0,3.0,27.0,3.0,4.0,2.0,0
213,2.0,74608.0,1.0,0.0,1.0,0.0,0.0,1.0,0.0,31.0,3.0,8.0,7.0,8.0,3.0,0
214,2.0,62789.0,1.0,0.0,0.0,0.0,0.0,0.0,1.0,48.0,3.0,11.0,25.0,7.0,7.0,0
215,3.0,32802.0,1.0,0.0,1.0,0.0,0.0,1.0,1.0,45.0,1.0,4.0,3.0,3.0,6.0,0
216,2.0,52791.0,0.0,0.0,0.0,0.0,1.0,0.0,0.0,43.0,1.0,27.0,15.0,6.0,6.0,0
217,3.0,89583.0,1.0,0.0,1.0,0.0,0.0,0.0,0.0,51.0,3.0,34.0,29.0,7.0,8.0,0
218,1.0,72074.0,0.0,0.0,0.0,0.0,1.0,1.0,0.0,50.0,3.0,4.0,29.0,8.0,8.0,0
219,2.0,77949.0,1.0,0.0,0.0,1.0,0.0,0.0,1.0,55.0,2.0,33.0,10.0,4.0,6.0,0
220,0.0,79658.0,1.0,0.0,0.0,0.0,1.0,0.0,1.0,27.0,2.0,33.0,32.0,2.0,1.0,0
221,0.0,84783.0,1.0,0.0,0.0,0.0,0.0,0.0,0.0,36.0,4.0,12.0,23.0,3.0,10.0,0
222,1.0,46822.0,0.0,0.0,0.0,1.0,0.0,0.0,0.0,46.0,2.0,13.0,39.0,9.0,7.0,0
223,1.0,49006.0,1.0,0.0,0.0,0.0,0.0,0.0,0.0,22.0,2.0,10.0,9.0,5.0,8.0,0
224,1.0,67088.0,1.0,0.0,1.0,0.0,0.0,0.0,0.0,21.0,3.0,3.0,37.0,9.0,5.0,0
225,1.0,72542.0,2.0,0.0,0.0,0.0,0.0,0.0,0.0,32.0,2.0,32.0,40.0,4.0,4.0,0
226,0.0,43039.0,2.0,0.0,0.0,1.0,0.0,0.0,0.0,25.0,2.0,6.0,14.0,8.0,7.0,0
227,3.0,53137.0,1.0,0.0,1.0,0.0,0.0,1.0,1.0,57.0,2.0,7.0,4.0,2.0,6.0,0
228,0.0,62998.0,1.0,0.0,1.0,0.0,0.0,1.0,0.0,52.0,3.0,9.0,20.0,1.0,6.0,0
229,2.0,37861.0,0.0,0.0,1.0,0.0,0.0,0.0,0.0,29.0,1.0,14.0,28.0,5.0,3.0,0
230,1.0,40064.0,2.0,0.0,1.0,0.0,0.0,1.0,1.0,55.0,1.0,14.0,14.0,6.0,10.0,0
231,3.0,39619.0,1.0,0.0,1.0,0.0,0.0,0.0,0.0,39.0,2.0,4.0,44.0,4.0,4.0,0
232,3.0,107459.0,0.0,0.0,1.0,0.0,0.0,0.0,0.0,36.0,4.0,28.0,34.0,0.0,5.0,0
233,2.0,43566.0,1.0,0.0,0.0,0.0,1.0,1.0,0.0,23.0,1.0,18.0,13.0,2.0,9.0,0
234,2.0,98394.0,0.0,0.0,0.0,0.0,1.0,0.0,0.0,40.0,5.0,9.0,31.0,2.0,8.0,0
235,0.0,54094.0,1.0,0.0,0.0,0.0,1.0,0.0,0.0,44.0,2.0,11.0,33.0,3.0,3.0,0
236,3.0,90318.0,1.0,0.0,0.0,0.0,1.0,0.0,1.0,53.0,5.0,3.0,39.0,9.0,6.0,0
237,3.0,103949.0,1.0,0.0,0.0,0.0,1.0,0.0,0.0,44.0,4.0,30.0,28.0,5.0,10.0,0
238,3.0,47237.0,1.0,0.0,1.0,0.0,0.0,1.0,0.0,31.0,2.0,17.0,25.0,4.0,1.0,0
239,2.0,32979.0,1.0,1.0,0.0,0.0,0.0,0.0,0.0,28.0,1.0,15.0,32.0,0.0,3.0,0
240,1.0,41906.0,1.0,0.0,0.0,0.0,0.0,0.0,1.0,56.0,1.0,24.0,9.0,5.0,10.0,0
241,3.0,41994.0,1.0,0.0,0.0,0.0,1.0,0.0,1.0,58.0,1.0,22.0,28.0,8.0,7.0,0
242,1.0,70871.0,2.0,0.0,0.0,0.0,1.0,1.0,0.0,40.0,3.0,11.0,31.0,0.0,7.0,0
243,2.0,47245.0,1.0,0.0,0.0,0.0,0.0,0.0,0.0,55.0,1.0,33.0,17.0,7.0,2.0,0
244,0.0,26551.0,1.0,0.0,1.0,0.0,0.0,1.0,0.0,45.0,2.0,2.0,23.0,7.0,3.0,0
245,3.0,41105.0,1.0,0.0,0.0,0.0,1.0,1.0,0.0,55.0,2.0,8.0,13.0,2.0,7.0,0
246,1.0,95167.0,1.0,0.0,0.0,1.0,0.0,0.0,0.0,45.0,4.0,17.0,10.0,8.0,6.0,0
247,1.0,60533.0,1.0,0.0,0.0,1.0,0.0,0.0,0.0,49.0,1.0,34.0,16.0,7.0,7.0,0
248,2.0,53009.0,1.0,1.0,0.0,0.0,0.0,1.0,0.0,38.0,1.0,33.0,6.0,2.0,10.0,0
249,2.0,40616.0,1.0,1.0,0.0,0.0,0.0,0.0,0.0,38.0,1.0,13.0,11.0,9.0,9.0,0
250,2.0,71649.0,1.0,0.0,0.0,1.0,0.0,1.0,0.0,22.0,4.0,3.0,3.0,4.0,8.0,0
251,1.0,90374.0,1.0,0.0,1.0,0.0,0.0,1.0,0.0,55.0,3.0,28.0,28.0,2.0,6.0,0
252,0.0,32623.0,1.0,0.0,1.0,0.0,0.0,0.0,0.0,36.0,1.0,14.0,41.0,4.0,4.0,0
253,2.0,45187.0,1.0,0.0,0.0,0.0,0.0,0.0,0.0,56.0,1.0,27.0,15.0,8.0,10.0,0
254,3.0,32369.0,1.0,1.0,0.0,0.0,0.0,1.0,1.0,53.0,1.0,15.0,13.0,3.0,9.0,0
255,3.0,35604.0,0.0,0.0,1.0,0.0,0.0,1.0,0.0,24.0,1.0,11.0,42.0,5.0,7.0,0
256,2.0,78966.0,1.0,0.0,0.0,0.0,1.0,1.0,1.0,53.0,4.0,4.0,17.0,2.0,5.0,0
257,3.0,99408.0,0.0,0.0,0.0,0.0,0.0,1.0,0.0,34.0,3.0,33.0,7.0,2.0,2.0,0
258,2.0,38165.0,1.0,0.0,1.0,0.0,0.0,0.0,0.0,41.0,2.0,0.0,28.0,4.0,9.0,0
259,2.0,99532.0,1.0,0.0,1.0,0.0,0.0,0.0,0.0,40.0,4.0,31.0,38.0,7.0,7.0,0
260,2.0,60686.0,2.0,0.0,0.0,0.0,1.0,0.0,0.0,28.0,1.0,25.0,13.0,7.0,9.0,0
261,2.0,75451.0,2.0,0.0,0.0,0.0,1.0,0.0,1.0,27.0,3.0,16.0,17.0,2.0,9.0,0
262,2.0,106288.0,0.0,0.0,1.0,0.0,0.0,0.0,0.0,23.0,4.0,26.0,15.0,7.0,10.0,0
263,2.0,61338.0,1.0,0.0,0.0,0.0,0.0,1.0,0.0,37.0,2.0,23.0,36.0,7.0,5.0,0
264,1.0,59626.0,1.0,0.0,1.0,0.0,0.0,0.0,0.0,53.0,3.0,34.0,28.0,2.0,7.0,0
265,1.0,41441.0,1.0,0.0,0.0,0.0,1.0,0.0,1.0,32.0,1.0,25.0,15.0,9.0,5.0,0
266,0.0,48058.0,2.0,0.0,0.0,1.0,0.0,0.0,0.0,42.0,1.0,22.0,11.0,9.0,3.0,0
267,2.0,30722.0,1.0,0.0,0.0,0.0,1.0,0.0,0.0,42.0,1.0,21.0,31.0,1.0,10.0,0
268,1.0,43663.0,2.0,0.0,0.0,1.0,0.0,0.0,0.0,50.0,2.0,3.0,4.0,9.0,8.0,0
269,1.0,57122.0,0.0,0.0,0.0,0.0,1.0,1.0,0.0,58.0,3.0,8.0,35.0,1.0,8.0,0
270,2.0,77261.0,1.0,0.0,1.0,0.0,0.0,1.0,0.0,58.0,4.0,3.0,34.0,8.0,9.0,0
271,2.0,69344.0,2.0,0.0,0.0,0.0,1.0,1.0,0.0,28.0,3.0,6.0,27.0,6.0,6.0,0
272,2.0,103336.0,1.0,0.0,0.0,1.0,0.0,0.0,0.0,47.0,4.0,22.0,10.0,5.0,2.0,0
273,2.0,80546.0,2.0,0.0,1.0,0.0,0.0,1.0,0.0,47.0,4.0,1.0,30.0,6.0,3.0,0
274,3.0,52325.0,0.0,0.0,0.0,0.0,1.0,1.0,1.0,54.0,1.0,23.0,20.0,7.0,10.0,0
275,3.0,68854.0,1.0,1.0,0.0,0.0,0.0,0.0,0.0,41.0,2.0,30.0,29.0,0.0,6.0,0
276,3.0,57589.0,1.0,0.0,0.0,0.0,1.0,0.0,0.0,50.0,1.0,30.0,29.0,7.0,1.0,0
277,2.0,83250.0,0.0,0.0,0.0,0.0,1.0,0.0,1.0,53.0,3.0,33.0,23.0,2.0,2.0,0
278,1.0,95478.0,1.0,0.0,0.0,1.0,0.0,1.0,1.0,48.0,4.0,23.0,21.0,2.0,8.0,0
279,3.0,56355.0,1.0,0.0,1.0,0.0,0.0,1.0,0.0,53.0,1.0,25.0,43.0,5.0,8.0,0
280,1.0,69689.0,1.0,0.0,0.0,0.0,0.0,0.0,1.0,25.0,3.0,15.0,10.0,3.0,6.0,0
281,1.0,57191.0,1.0,0.0,1.0,0.0,0.0,0.0,0.0,39.0,3.0,12.0,41.0,3.0,3.0,0
282,2.0,82882.0,1.0,0.0,1.0,0.0,0.0,1.0,1.0,24.0,3.0,14.0,12.0,3.0,2.0,0
283,0.0,70573.0,1.0,0.0,0.0,0.0,1.0,1.0,1.0,55.0,2.0,26.0,30.0,9.0,6.0,0
284,3.0,44186.0,2.0,0.0,0.0,0.0,1.0,0.0,1.0,37.0,2.0,3.0,33.0,8.0,1.0,0
285,2.0,59626.0,1.0,0.0,0.0,0.0,0.0,0.0,1.0,48.0,1.0,15.0,18.0,7.0,10.0,0
286,2.0,54504.0,1.0,0.0,0.0,1.0,0.0,1.0,0.0,50.0,1.0,29.0,14.0,2.0,6.0,0
287,2.0,54345.0,2.0,0.0,0.0,0.0,1.0,0.0,0.0,49.0,1.0,29.0,22.0,0.0,9.0,0
288,2.0,51471.0,2.0,0.0,0.0,0.0,1.0,1.0,1.0,26.0,3.0,2.0,21.0,0.0,7.0,0
289,0.0,42181.0,0.0,0.0,1.0,0.0,0.0,1.0,0.0,55.0,1.0,21.0,1.0,0.0,9.0,0
290,2.0,88197.0,2.0,0.0,0.0,1.0,0.0,1.0,0.0,57.0,4.0,21.0,43.0,3.0,2.0,0
291,2.0,47119.0,1.0,0.0,0.0,0.0,1.0,1.0,0.0,44.0,2.0,11.0,15.0,5.0,5.0,0
292,2.0,83843.0,0.0,0.0,1.0,0.0,0.0,0.0,0.0,49.0,3.0,20.0,36.0,3.0,9.0,0
293,2.0,35118.0,1.0,0.0,0.0,1.0,0.0,0.0,0.0,51.0,2.0,3.0,22.0,2.0,7.0,0
294,1.0,83443.0,1.0,0.0,0.0,0.0,1.0,1.0,0.0,55.0,2.0,30.0,32.0,7.0,9.0,0
295,2.0,99383.0,2.0,0.0,0.0,0.0,1.0,1.0,0.0,53.0,4.0,30.0,33.0,7.0,6.0,0
296,1.0,42838.0,1.0,0.0,1.0,0.0,0.0,1.0,1.0,41.0,1.0,22.0,41.0,5.0,7.0,0
297,2.0,36861.0,2.0,0.0,0.0,1.0,0.0,1.0,0.0,52.0,1.0,19.0,39.0,8.0,10.0,0
298,3.0,69718.0,1.0,0.0,0.0,0.0,1.0,1.0,0.0,43.0,3.0,14.0,23.0,9.0,5.0,0
299,3.0,52628.0,1.0,0.0,1.0,0.0,0.0,0.0,0.0,53.0,1.0,22.0,43.0,0.0,6.0,0
300,2.0,44493.0,1.0,0.0,1.0,0.0,0.0,0.0,0.0,23.0,1.0,27.0,2.0,7.0,1.0,0
301,2.0,51292.0,2.0,0.0,1.0,0.0,0.0,0.0,0.0,38.0,2.0,15.0,2.0,5.0,1.0,0
302,2.0,45927.0,1.0,0.0,1.0,0.0,0.0,0.0,1.0,45.0,1.0,20.0,38.0,0.0,2.0,1
303,1.0,71358.0,2.0,0.0,1.0,0.0,0.0,1.0,0.0,51.0,3.0,14.0,29.0,3.0,4.0,0
304,1.0,38251.0,2.0,0.0,1.0,0.0,0.0,1.0,0.0,23.0,1.0,16.0,3.0,4.0,9.0,0
305,3.0,80608.0,1.0,0.0,1.0,0.0,0.0,1.0,0.0,44.0,4.0,12.0,39.0,6.0,7.0,0
306,2.0,75170.0,1.0,0.0,1.0,0.0,0.0,1.0,0.0,52.0,3.0,18.0,7.0,7.0,6.0,0
307,3.0,95589.0,2.0,0.0,1.0,0.0,0.0,1.0,0.0,42.0,3.0,29.0,36.0,8.0,1.0,1
308,1.0,64742.0,2.0,0.0,0.0,1.0,0.0,0.0,1.0,43.0,3.0,17.0,29.0,5.0,5.0,0
309,2.0,83416.0,1.0,0.0,0.0,0.0,1.0,1.0,0.0,22.0,4.0,13.0,37.0,9.0,4.0,0
310,1.0,29906.0,1.0,0.0,0.0,0.0,0.0,0.0,0.0,47.0,1.0,19.0,36.0,8.0,5.0,0
311,1.0,96821.0,1.0,0.0,0.0,0.0,0.0,0.0,0.0,22.0,4.0,18.0,23.0,3.0,9.0,0
312,2.0,68552.0,1.0,1.0,0.0,0.0,0.0,0.0,1.0,46.0,3.0,6.0,16.0,7.0,3.0,0
313,1.0,56499.0,1.0,0.0,1.0,0.0,0.0,0.0,0.0,37.0,3.0,3.0,31.0,2.0,4.0,0
314,1.0,59626.0,1.0,0.0,1.0,0.0,0.0,1.0,0.0,53.0,2.0,33.0,34.0,3.0,8.0,0
315,1.0,13342.0,1.0,0.0,0.0,0.0,1.0,0.0,0.0,29.0,1.0,1.0,1.0,9.0,3.0,0
316,0.0,39017.0,1.0,1.0,0.0,0.0,0.0,0.0,0.0,59.0,2.0,4.0,18.0,3.0,3.0,0
317,2.0,62994.0,1.0,0.0,0.0,0.0,1.0,0.0,0.0,49.0,3.0,9.0,40.0,5.0,9.0,0
318,2.0,60670.0,1.0,0.0,0.0,0.0,1.0,1.0,1.0,46.0,1.0,31.0,43.0,8.0,5.0,1
319,0.0,64386.0,1.0,0.0,0.0,0.0,0.0,1.0,1.0,55.0,3.0,12.0,15.0,5.0,10.0,0
320,1.0,25410.0,1.0,1.0,0.0,0.0,0.0,1.0,0.0,45.0,1.0,4.0,17.0,0.0,1.0,0
321,1.0,26967.0,1.0,0.0,0.0,0.0,0.0,0.0,0.0,44.0,1.0,9.0,44.0,4.0,7.0,0
322,2.0,24331.0,0.0,0.0,1.0,0.0,0.0,0.0,1.0,33.0,1.0,9.0,10.0,8.0,7.0,0
323,0.0,47217.0,1.0,0.0,0.0,1.0,0.0,1.0,1.0,27.0,1.0,26.0,20.0,4.0,6.0,0
324,2.0,59626.0,1.0,0.0,1.0,0.0,0.0,0.0,1.0,56.0,2.0,20.0,6.0,5.0,6.0,0
325,0.0,31889.0,2.0,0.0,0.0,0.0,1.0,1.0,0.0,40.0,1.0,7.0,8.0,2.0,3.0,0
326,1.0,88488.0,1.0,0.0,1.0,0.0,0.0,1.0,1.0,21.0,5.0,0.0,34.0,7.0,3.0,0
327,3.0,61176.0,1.0,0.0,0.0,0.0,1.0,0.0,0.0,28.0,2.0,27.0,32.0,9.0,10.0,0
328,2.0,39598.0,1.0,0.0,1.0,0.0,0.0,0.0,0.0,36.0,1.0,13.0,42.0,3.0,9.0,1
329,0.0,72610.0,1.0,0.0,0.0,1.0,0.0,0.0,1.0,34.0,3.0,20.0,4.0,3.0,1.0,0
330,3.0,108364.0,2.0,0.0,0.0,0.0,1.0,0.0,0.0,32.0,4.0,29.0,44.0,4.0,7.0,0
331,2.0,77851.0,1.0,1.0,0.0,0.0,0.0,1.0,1.0,43.0,3.0,20.0,39.0,9.0,10.0,0
332,3.0,26648.0,1.0,0.0,0.0,0.0,0.0,1.0,0.0,35.0,1.0,8.0,20.0,8.0,7.0,0
333,2.0,88278.0,1.0,0.0,0.0,1.0,0.0,1.0,1.0,48.0,4.0,16.0,24.0,7.0,8.0,0
334,2.0,62520.0,1.0,0.0,1.0,0.0,0.0,1.0,0.0,54.0,3.0,4.0,24.0,6.0,6.0,0
335,3.0,97521.0,0.0,0.0,0.0,0.0,1.0,1.0,0.0,22.0,1.0,30.0,52.0,4.0,8.0,0
336,1.0,59626.0,1.0,0.0,1.0,0.0,0.0,0.0,1.0,52.0,1.0,18.0,25.0,8.0,1.0,1
337,2.0,68924.0,1.0,1.0,0.0,0.0,0.0,1.0,1.0,43.0,2.0,32.0,36.0,8.0,1.0,0
338,2.0,34847.0,2.0,0.0,0.0,0.0,0.0,1.0,0.0,42.0,1.0,12.0,7.0,9.0,9.0,0
339,0.0,89730.0,1.0,0.0,0.0,1.0,0.0,1.0,1.0,45.0,4.0,13.0,10.0,9.0,4.0,0
340,0.0,82049.0,0.0,0.0,0.0,0.0,0.0,0.0,0.0,42.0,2.0,32.0,12.0,1.0,3.0,0
341,1.0,106786.0,1.0,0.0,0.0,1.0,0.0,0.0,0.0,42.0,4.0,28.0,1.0,3.0,6.0,0
342,2.0,41825.0,1.0,0.0,0.0,0.0,1.0,0.0,0.0,26.0,2.0,9.0,25.0,7.0,10.0,1
343,2.0,44371.0,1.0,0.0,0.0,0.0,0.0,0.0,0.0,35.0,1.0,30.0,16.0,0.0,9.0,0
344,2.0,21907.0,1.0,0.0,0.0,0.0,0.0,1.0,0.0,57.0,1.0,5.0,5.0,4.0,10.0,0
345,0.0,24250.0,1.0,0.0,0.0,0.0,1.0,1.0,0.0,53.0,2.0,0.0,19.0,7.0,4.0,0
346,2.0,59626.0,2.0,0.0,0.0,1.0,0.0,0.0,0.0,28.0,3.0,6.0,4.0,1.0,9.0,0
347,3.0,83444.0,0.0,0.0,0.0,0.0,1.0,0.0,1.0,25.0,3.0,26.0,6.0,1.0,5.0,0
348,2.0,37860.0,1.0,0.0,1.0,0.0,0.0,1.0,1.0,59.0,1.0,20.0,26.0,7.0,7.0,0
349,2.0,50650.0,1.0,0.0,0.0,0.0,0.0,1.0,0.0,24.0,1.0,27.0,39.0,9.0,3.0,0
350,2.0,34583.0,1.0,0.0,1.0,0.0,0.0,0.0,0.0,26.0,1.0,15.0,39.0,8.0,3.0,0
351,2.0,78433.0,1.0,0.0,0.0,0.0,1.0,0.0,0.0,52.0,3.0,22.0,9.0,6.0,3.0,0
352,2.0,26255.0,2.0,0.0,1.0,0.0,0.0,0.0,1.0,50.0,1.0,19.0,14.0,7.0,8.0,0
353,3.0,57031.0,2.0,0.0,1.0,0.0,0.0,0.0,0.0,55.0,2.0,24.0,9.0,4.0,6.0,0
354,2.0,90255.0,1.0,0.0,0.0,1.0,0.0,1.0,1.0,36.0,3.0,27.0,15.0,0.0,9.0,0
355,3.0,81625.0,1.0,0.0,1.0,0.0,0.0,1.0,1.0,33.0,4.0,4.0,37.0,3.0,9.0,0
356,1.0,48967.0,1.0,1.0,0.0,0.0,0.0,1.0,0.0,50.0,2.0,20.0,20.0,1.0,8.0,0
357,1.0,33511.0,1.0,0.0,0.0,0.0,0.0,0.0,1.0,39.0,1.0,17.0,8.0,2.0,1.0,0
358,0.0,66431.0,1.0,0.0,1.0,0.0,0.0,0.0,0.0,37.0,3.0,5.0,32.0,2.0,6.0,0
359,2.0,249873.0,1.0,0.0,1.0,0.0,0.0,1.0,0.0,39.0,3.0,28.0,42.0,8.0,4.0,0
360,2.0,56931.0,1.0,0.0,1.0,0.0,0.0,1.0,0.0,48.0,2.0,18.0,41.0,9.0,4.0,0
361,1.0,119050.0,1.0,0.0,0.0,1.0,0.0,1.0,0.0,46.0,4.0,32.0,19.0,3.0,3.0,0
362,1.0,69830.0,2.0,0.0,1.0,0.0,0.0,1.0,1.0,57.0,4.0,0.0,29.0,1.0,9.0,0
363,3.0,17371.0,2.0,0.0,1.0,0.0,0.0,0.0,1.0,46.0,1.0,2.0,31.0,2.0,2.0,0
364,2.0,41057.0,1.0,0.0,0.0,0.0,1.0,1.0,0.0,43.0,1.0,20.0,6.0,2.0,1.0,0
365,2.0,59626.0,0.0,0.0,0.0,0.0,1.0,1.0,0.0,29.0,2.0,34.0,4.0,6.0,10.0,0
366,2.0,59077.0,2.0,0.0,0.0,0.0,1.0,1.0,0.0,32.0,3.0,2.0,43.0,7.0,3.0,0
367,2.0,46914.0,1.0,0.0,0.0,0.0,1.0,1.0,1.0,21.0,1.0,24.0,29.0,5.0,4.0,0
368,2.0,73653.0,2.0,0.0,1.0,0.0,0.0,1.0,0.0,21.0,3.0,19.0,42.0,3.0,4.0,0
369,3.0,59626.0,0.0,0.0,0.0,0.0,0.0,1.0,0.0,54.0,3.0,33.0,3.0,5.0,6.0,0
370,1.0,45958.0,1.0,0.0,1.0,0.0,0.0,1.0,0.0,52.0,1.0,20.0,1.0,0.0,1.0,0
371,2.0,73960.0,1.0,0.0,0.0,0.0,0.0,0.0,0.0,45.0,3.0,22.0,44.0,9.0,1.0,0
372,1.0,82119.0,2.0,0.0,0.0,1.0,0.0,0.0,1.0,21.0,4.0,5.0,15.0,7.0,2.0,0
373,2.0,31493.0,0.0,0.0,0.0,0.0,0.0,0.0,1.0,36.0,1.0,12.0,21.0,0.0,4.0,1
374,2.0,62548.0,1.0,0.0,1.0,0.0,0.0,0.0,0.0,59.0,2.0,22.0,31.0,4.0,7.0,0
375,2.0,40294.0,1.0,0.0,1.0,0.0,0.0,1.0,0.0,25.0,2.0,8.0,7.0,1.0,6.0,0
376,1.0,88800.0,2.0,0.0,1.0,0.0,0.0,0.0,1.0,42.0,4.0,16.0,17.0,5.0,9.0,0
377,2.0,85019.0,2.0,0.0,0.0,0.0,1.0,0.0,0.0,49.0,5.0,1.0,19.0,8.0,7.0,0
378,1.0,59626.0,2.0,1.0,0.0,0.0,0.0,1.0,1.0,23.0,2.0,18.0,39.0,4.0,5.0,0
379,1.0,77862.0,2.0,0.0,0.0,1.0,0.0,1.0,1.0,32.0,3.0,18.0,3.0,3.0,6.0,0
380,0.0,41069.0,0.0,0.0,0.0,0.0,0.0,0.0,1.0,46.0,2.0,6.0,30.0,1.0,10.0,1
381,2.0,51002.0,0.0,0.0,0.0,0.0,1.0,0.0,1.0,36.0,2.0,19.0,35.0,2.0,9.0,0
382,2.0,40662.0,1.0,0.0,1.0,0.0,0.0,1.0,0.0,57.0,1.0,8.0,29.0,5.0,1.0,1
383,2.0,30452.0,1.0,0.0,0.0,0.0,0.0,0.0,0.0,42.0,1.0,16.0,14.0,7.0,9.0,0
384,2.0,55752.0,2.0,0.0,0.0,0.0,1.0,1.0,1.0,49.0,1.0,26.0,35.0,7.0,6.0,0
385,2.0,28341.0,2.0,1.0,0.0,0.0,0.0,1.0,1.0,34.0,2.0,1.0,28.0,4.0,4.0,0
386,2.0,42339.0,1.0,0.0,0.0,1.0,0.0,1.0,0.0,48.0,1.0,18.0,30.0,4.0,5.0,0
387,2.0,89696.0,1.0,0.0,1.0,0.0,0.0,1.0,1.0,25.0,4.0,16.0,26.0,9.0,1.0,1
388,2.0,19025.0,2.0,0.0,0.0,0.0,1.0,0.0,0.0,50.0,1.0,4.0,7.0,2.0,7.0,0
389,2.0,39580.0,1.0,0.0,1.0,0.0,0.0,1.0,1.0,25.0,1.0,17.0,39.0,6.0,8.0,0
390,2.0,43573.0,1.0,0.0,0.0,1.0,0.0,1.0,0.0,32.0,2.0,6.0,31.0,5.0,5.0,0
391,3.0,68325.0,1.0,0.0,1.0,0.0,0.0,0.0,1.0,36.0,3.0,16.0,5.0,0.0,2.0,1
392,3.0,16453.0,1.0,0.0,0.0,0.0,1.0,1.0,1.0,46.0,1.0,3.0,35.0,3.0,8.0,0
393,1.0,166068.0,1.0,1.0,0.0,0.0,0.0,0.0,1.0,46.0,2.0,24.0,28.0,5.0,10.0,0
394,1.0,96633.0,1.0,0.0,1.0,0.0,0.0,0.0,1.0,41.0,5.0,4.0,36.0,5.0,7.0,0
395,2.0,45277.0,0.0,0.0,1.0,0.0,0.0,0.0,0.0,59.0,1.0,29.0,27.0,2.0,10.0,0
396,1.0,49223.0,2.0,0.0,0.0,0.0,0.0,1.0,0.0,56.0,2.0,11.0,24.0,5.0,9.0,0
397,0.0,79154.0,1.0,0.0,0.0,0.0,1.0,0.0,1.0,53.0,4.0,3.0,40.0,9.0,4.0,1
398,3.0,46848.0,1.0,0.0,0.0,1.0,0.0,0.0,1.0,50.0,1.0,23.0,29.0,5.0,9.0,0
399,1.0,65261.0,2.0,0.0,0.0,0.0,1.0,1.0,0.0,57.0,2.0,28.0,22.0,8.0,4.0,0
400,3.0,51052.0,1.0,1.0,0.0,0.0,0.0,0.0,0.0,43.0,2.0,8.0,8.0,8.0,3.0,0
401,2.0,37152.0,1.0,0.0,0.0,0.0,1.0,0.0,0.0,30.0,2.0,3.0,15.0,1.0,3.0,0
402,2.0,37595.0,2.0,1.0,0.0,0.0,0.0,0.0,0.0,25.0,1.0,23.0,5.0,3.0,10.0,0
403,1.0,31897.0,1.0,0.0,1.0,0.0,0.0,0.0,0.0,56.0,1.0,13.0,4.0,8.0,2.0,0
404,1.0,44320.0,2.0,0.0,1.0,0.0,0.0,0.0,0.0,54.0,2.0,4.0,11.0,3.0,10.0,0
405,2.0,34353.0,1.0,0.0,0.0,0.0,1.0,1.0,0.0,51.0,1.0,17.0,18.0,7.0,3.0,0
406,1.0,80869.0,0.0,0.0,1.0,0.0,0.0,0.0,0.0,30.0,3.0,18.0,42.0,9.0,8.0,0
407,1.0,44578.0,1.0,0.0,0.0,0.0,1.0,0.0,1.0,39.0,2.0,11.0,30.0,2.0,8.0,0
408,1.0,52594.0,1.0,0.0,0.0,0.0,0.0,1.0,1.0,52.0,2.0,17.0,15.0,2.0,2.0,0
409,1.0,84923.0,2.0,0.0,0.0,1.0,0.0,1.0,1.0,21.0,4.0,16.0,6.0,8.0,2.0,0
410,1.0,92902.0,1.0,1.0,0.0,0.0,0.0,1.0,0.0,25.0,3.0,29.0,16.0,9.0,2.0,0
411,2.0,45280.0,2.0,0.0,1.0,0.0,0.0,0.0,0.0,24.0,1.0,23.0,40.0,7.0,10.0,0
412,1.0,78121.0,2.0,1.0,0.0,0.0,0.0,1.0,0.0,36.0,4.0,10.0,9.0,0.0,7.0,0
413,0.0,56422.0,1.0,0.0,0.0,0.0,1.0,0.0,1.0,44.0,1.0,34.0,43.0,9.0,6.0,0
414,2.0,25973.0,2.0,1.0,0.0,0.0,0.0,0.0,0.0,36.0,1.0,22.0,34.0,1.0,1.0,0
415,3.0,77867.0,1.0,0.0,0.0,0.0,0.0,1.0,0.0,22.0,3.0,16.0,27.0,2.0,2.0,0
416,2.0,34975.0,1.0,0.0,1.0,0.0,0.0,1.0,1.0,48.0,2.0,0.0,13.0,1.0,1.0,0
417,1.0,38362.0,2.0,0.0,0.0,0.0,1.0,0.0,0.0,52.0,2.0,14.0,36.0,2.0,7.0,0
418,2.0,46459.0,1.0,0.0,0.0,0.0,0.0,1.0,0.0,47.0,1.0,31.0,27.0,7.0,6.0,0
419,3.0,43070.0,1.0,0.0,1.0,0.0,0.0,0.0,0.0,40.0,2.0,8.0,9.0,5.0,2.0,0
420,2.0,26914.0,1.0,0.0,0.0,0.0,0.0,1.0,0.0,44.0,1.0,14.0,5.0,6.0,2.0,0
421,2.0,109160.0,1.0,0.0,1.0,0.0,0.0,1.0,0.0,32.0,4.0,27.0,22.0,9.0,2.0,0
422,1.0,48111.0,1.0,0.0,1.0,0.0,0.0,1.0,0.0,55.0,1.0,23.0,31.0,9.0,8.0,0
423,2.0,114957.0,1.0,0.0,0.0,0.0,1.0,0.0,0.0,53.0,4.0,34.0,3.0,5.0,7.0,0
424,0.0,45573.0,1.0,0.0,0.0,0.0,1.0,1.0,0.0,53.0,2.0,21.0,30.0,0.0,1.0,0
425,2.0,100047.0,0.0,0.0,0.0,1.0,0.0,0.0,1.0,57.0,4.0,26.0,21.0,2.0,4.0,0
426,2.0,71414.0,0.0,0.0,0.0,0.0,1.0,0.0,0.0,32.0,3.0,18.0,35.0,0.0,4.0,1
427,3.0,61475.0,1.0,0.0,0.0,1.0,0.0,0.0,1.0,23.0,3.0,11.0,6.0,9.0,7.0,0
428,1.0,56308.0,1.0,0.0,1.0,0.0,0.0,0.0,0.0,21.0,2.0,19.0,28.0,8.0,2.0,1
429,0.0,11242.0,2.0,0.0,0.0,0.0,1.0,1.0,0.0,53.0,1.0,0.0,32.0,8.0,4.0,1
430,2.0,43291.0,1.0,0.0,0.0,0.0,1.0,0.0,0.0,30.0,1.0,20.0,42.0,4.0,1.0,0
431,2.0,76599.0,1.0,0.0,0.0,0.0,1.0,0.0,0.0,49.0,4.0,0.0,37.0,3.0,4.0,0
432,2.0,86882.0,1.0,0.0,0.0,1.0,0.0,1.0,1.0,33.0,4.0,9.0,25.0,8.0,1.0,0
433,1.0,72372.0,1.0,0.0,1.0,0.0,0.0,0.0,0.0,32.0,2.0,31.0,32.0,8.0,2.0,0
434,1.0,55195.0,1.0,1.0,0.0,0.0,0.0,1.0,1.0,51.0,1.0,21.0,35.0,2.0,2.0,0
435,2.0,63239.0,2.0,1.0,0.0,0.0,0.0,0.0,1.0,22.0,2.0,17.0,22.0,4.0,10.0,0
436,1.0,90590.0,2.0,0.0,0.0,0.0,1.0,1.0,0.0,55.0,3.0,31.0,24.0,2.0,3.0,0
437,3.0,64306.0,2.0,0.0,1.0,0.0,0.0,0.0,1.0,43.0,2.0,26.0,39.0,9.0,8.0,0
438,2.0,94428.0,2.0,0.0,0.0,0.0,1.0,1.0,0.0,37.0,3.0,27.0,30.0,1.0,6.0,0
439,2.0,116445.0,1.0,0.0,0.0,0.0,0.0,0.0,0.0,46.0,5.0,17.0,32.0,0.0,6.0,0
440,2.0,43137.0,1.0,1.0,0.0,0.0,0.0,0.0,0.0,28.0,1.0,28.0,31.0,9.0,9.0,0
441,2.0,59626.0,1.0,1.0,0.0,0.0,0.0,1.0,0.0,49.0,2.0,17.0,23.0,1.0,8.0,0
442,1.0,43473.0,1.0,0.0,1.0,0.0,0.0,1.0,1.0,46.0,2.0,7.0,40.0,7.0,2.0,0
443,3.0,66834.0,2.0,0.0,1.0,0.0,0.0,1.0,1.0,30.0,2.0,30.0,33.0,7.0,6.0,0
444,1.0,45724.0,1.0,0.0,0.0,1.0,0.0,1.0,0.0,46.0,1.0,33.0,25.0,2.0,1.0,0
445,2.0,23586.0,2.0,0.0,1.0,0.0,0.0,0.0,0.0,54.0,1.0,6.0,36.0,6.0,9.0,0
446,1.0,92326.0,1.0,0.0,0.0,0.0,1.0,0.0,0.0,27.0,4.0,17.0,24.0,6.0,4.0,0
447,2.0,55123.0,2.0,0.0,1.0,0.0,0.0,1.0,0.0,24.0,2.0,8.0,31.0,1.0,4.0,0
448,1.0,51343.0,1.0,0.0,0.0,0.0,1.0,0.0,1.0,31.0,2.0,8.0,39.0,8.0,9.0,0
449,1.0,76902.0,1.0,0.0,0.0,0.0,1.0,1.0,0.0,49.0,4.0,7.0,13.0,2.0,3.0,0
450,3.0,97136.0,1.0,0.0,0.0,1.0,0.0,1.0,0.0,56.0,3.0,34.0,10.0,1.0,5.0,0
451,1.0,43357.0,2.0,0.0,0.0,0.0,0.0,0.0,1.0,45.0,1.0,17.0,23.0,2.0,1.0,0
452,2.0,41315.0,2.0,0.0,0.0,1.0,0.0,0.0,1.0,41.0,2.0,4.0,18.0,1.0,6.0,0
453,3.0,48077.0,1.0,0.0,1.0,0.0,0.0,0.0,1.0,56.0,2.0,13.0,32.0,7.0,3.0,0
454,0.0,83206.0,1.0,0.0,1.0,0.0,0.0,0.0,1.0,30.0,3.0,27.0,33.0,4.0,1.0,0
455,2.0,91112.0,1.0,0.0,0.0,0.0,1.0,0.0,0.0,57.0,3.0,29.0,36.0,2.0,10.0,0
456,1.0,60077.0,2.0,0.0,0.0,0.0,1.0,0.0,1.0,29.0,3.0,3.0,28.0,4.0,6.0,0
457,0.0,57042.0,1.0,0.0,0.0,0.0,0.0,0.0,1.0,44.0,2.0,19.0,16.0,7.0,10.0,0
458,2.0,85085.0,1.0,1.0,0.0,0.0,0.0,1.0,1.0,55.0,4.0,24.0,16.0,6.0,2.0,0
459,3.0,42656.0,1.0,0.0,0.0,0.0,0.0,1.0,0.0,55.0,1.0,27.0,18.0,5.0,8.0,0
460,0.0,34918.0,1.0,0.0,0.0,0.0,0.0,1.0,0.0,56.0,1.0,11.0,8.0,0.0,2.0,0
461,2.0,24414.0,0.0,0.0,0.0,0.0,1.0,1.0,1.0,38.0,2.0,1.0,42.0,9.0,4.0,0
462,2.0,40705.0,1.0,0.0,1.0,0.0,0.0,1.0,1.0,59.0,1.0,13.0,16.0,0.0,3.0,0
463,3.0,49416.0,2.0,0.0,1.0,0.0,0.0,0.0,1.0,52.0,1.0,21.0,11.0,0.0,9.0,0
464,0.0,108246.0,2.0,0.0,0.0,0.0,1.0,1.0,0.0,44.0,4.0,30.0,6.0,9.0,2.0,0
465,2.0,101987.0,0.0,0.0,0.0,0.0,0.0,1.0,1.0,43.0,4.0,22.0,1.0,7.0,3.0,0
466,2.0,61972.0,2.0,0.0,1.0,0.0,0.0,1.0,0.0,52.0,2.0,19.0,12.0,7.0,7.0,0
467,2.0,20898.0,1.0,0.0,0.0,0.0,1.0,1.0,0.0,57.0,1.0,3.0,38.0,6.0,4.0,0
468,3.0,26556.0,1.0,0.0,1.0,0.0,0.0,1.0,0.0,32.0,1.0,14.0,28.0,5.0,6.0,0
469,3.0,51403.0,0.0,0.0,0.0,1.0,0.0,1.0,1.0,33.0,1.0,23.0,17.0,3.0,3.0,0
470,0.0,55243.0,1.0,0.0,0.0,0.0,1.0,1.0,0.0,43.0,1.0,24.0,1.0,0.0,1.0,0
471,2.0,64748.0,2.0,0.0,0.0,0.0,0.0,0.0,0.0,45.0,4.0,0.0,32.0,8.0,6.0,0
472,2.0,16732.0,0.0,0.0,0.0,0.0,1.0,0.0,1.0,55.0,1.0,6.0,8.0,0.0,4.0,0
473,1.0,71179.0,1.0,0.0,0.0,0.0,0.0,1.0,0.0,50.0,2.0,30.0,40.0,3.0,2.0,0
474,2.0,59626.0,2.0,0.0,0.0,0.0,0.0,0.0,1.0,37.0,1.0,11.0,43.0,2.0,7.0,1
475,2.0,77669.0,1.0,1.0,0.0,0.0,0.0,0.0,1.0,40.0,4.0,4.0,24.0,6.0,10.0,0
476,2.0,59626.0,2.0,1.0,0.0,0.0,0.0,0.0,1.0,45.0,3.0,11.0,10.0,4.0,5.0,0
477,3.0,78925.0,1.0,0.0,0.0,0.0,0.0,0.0,0.0,42.0,4.0,17.0,39.0,4.0,6.0,0
478,0.0,64687.0,0.0,0.0,1.0,0.0,0.0,1.0,0.0,33.0,3.0,1.0,39.0,3.0,6.0,0
479,3.0,44359.0,2.0,0.0,0.0,0.0,0.0,0.0,0.0,39.0,2.0,9.0,10.0,0.0,9.0,0
480,2.0,37870.0,1.0,0.0,0.0,0.0,1.0,0.0,1.0,56.0,1.0,14.0,36.0,4.0,2.0,0
481,2.0,92512.0,1.0,0.0,0.0,1.0,0.0,0.0,0.0,32.0,3.0,29.0,25.0,3.0,6.0,0
482,3.0,59612.0,1.0,0.0,0.0,0.0,0.0,1.0,1.0,39.0,2.0,16.0,10.0,9.0,9.0,0
483,2.0,39971.0,1.0,0.0,0.0,1.0,0.0,1.0,0.0,32.0,2.0,3.0,19.0,7.0,4.0,0
484,2.0,26973.0,2.0,0.0,0.0,0.0,1.0,1.0,1.0,29.0,1.0,6.0,15.0,1.0,6.0,0
485,2.0,55734.0,1.0,0.0,1.0,0.0,0.0,1.0,1.0,27.0,1.0,30.0,16.0,7.0,7.0,0
486,2.0,71818.0,0.0,0.0,1.0,0.0,0.0,1.0,0.0,48.0,2.0,33.0,2.0,0.0,1.0,0
487,3.0,31451.0,2.0,1.0,0.0,0.0,0.0,1.0,1.0,34.0,2.0,5.0,29.0,3.0,5.0,0
488,3.0,86284.0,1.0,0.0,1.0,0.0,0.0,1.0,0.0,51.0,3.0,33.0,4.0,2.0,4.0,0
489,1.0,34174.0,1.0,0.0,0.0,0.0,1.0,0.0,0.0,39.0,1.0,14.0,29.0,4.0,10.0,0
490,1.0,46879.0,1.0,0.0,0.0,0.0,0.0,0.0,0.0,36.0,2.0,13.0,31.0,4.0,2.0,0
491,2.0,19293.0,2.0,0.0,1.0,0.0,0.0,0.0,0.0,25.0,1.0,5.0,17.0,4.0,2.0,0
492,0.0,65995.0,0.0,0.0,0.0,0.0,1.0,1.0,0.0,55.0,1.0,31.0,10.0,3.0,2.0,0
493,2.0,43553.0,1.0,0.0,1.0,0.0,0.0,1.0,1.0,32.0,2.0,2.0,27.0,7.0,7.0,0
494,1.0,18887.0,1.0,0.0,1.0,0.0,0.0,1.0,0.0,45.0,1.0,2.0,41.0,2.0,4.0,0
495,2.0,47232.0,0.0,0.0,0.0,0.0,1.0,1.0,0.0,41.0,1.0,21.0,15.0,3.0,6.0,0
496,0.0,58678.0,1.0,0.0,0.0,1.0,0.0,1.0,1.0,56.0,2.0,21.0,44.0,0.0,7.0,1
497,1.0,29464.0,1.0,0.0,0.0,1.0,0.0,0.0,1.0,43.0,1.0,9.0,31.0,6.0,9.0,0
498,2.0,23049.0,1.0,0.0,1.0,0.0,0.0,0.0,0.0,36.0,1.0,2.0,21.0,0.0,2.0,0
499,2.0,28694.0,0.0,0.0,0.0,0.0,1.0,1.0,0.0,59.0,1.0,11.0,41.0,1.0,10.0,0
500,3.0,47488.0,1.0,0.0,0.0,0.0,0.0,1.0,0.0,59.0,1.0,28.0,26.0,6.0,9.0,0
501,3.0,44543.0,2.0,0.0,1.0,0.0,0.0,1.0,1.0,34.0,1.0,16.0,38.0,0.0,5.0,0
502,2.0,64884.0,1.0,1.0,0.0,0.0,0.0,1.0,0.0,51.0,3.0,6.0,36.0,2.0,6.0,0
503,0.0,18872.0,1.0,0.0,1.0,0.0,0.0,0.0,1.0,25.0,1.0,12.0,17.0,5.0,6.0,0
504,3.0,15191.0,1.0,0.0,1.0,0.0,0.0,1.0,0.0,55.0,1.0,1.0,3.0,5.0,3.0,0
505,3.0,34912.0,1.0,0.0,1.0,0.0,0.0,1.0,0.0,43.0,2.0,3.0,14.0,5.0,10.0,0
506,3.0,61073.0,0.0,0.0,1.0,0.0,0.0,1.0,1.0,49.0,3.0,9.0,13.0,1.0,7.0,0
507,1.0,104774.0,1.0,0.0,1.0,0.0,0.0,1.0,0.0,31.0,4.0,23.0,41.0,1.0,7.0,0
508,3.0,73315.0,1.0,0.0,0.0,1.0,0.0,0.0,0.0,38.0,3.0,16.0,27.0,5.0,8.0,0
509,1.0,51662.0,2.0,1.0,0.0,0.0,0.0,1.0,0.0,32.0,3.0,5.0,1.0,9.0,5.0,0
510,2.0,55300.0,1.0,0.0,0.0,0.0,0.0,1.0,0.0,29.0,2.0,18.0,17.0,4.0,2.0,0
511,3.0,62050.0,2.0,0.0,0.0,1.0,0.0,0.0,0.0,30.0,3.0,4.0,34.0,6.0,3.0,1
512,1.0,71882.0,1.0,0.0,1.0,0.0,0.0,0.0,0.0,37.0,2.0,31.0,14.0,6.0,9.0,0
513,3.0,24931.0,2.0,0.0,1.0,0.0,0.0,0.0,1.0,58.0,1.0,9.0,17.0,4.0,6.0,1
514,1.0,29587.0,1.0,0.0,1.0,0.0,0.0,1.0,1.0,27.0,1.0,8.0,3.0,7.0,8.0,0
515,3.0,58909.0,1.0,0.0,1.0,0.0,0.0,1.0,1.0,33.0,1.0,26.0,34.0,9.0,8.0,0
516,1.0,89168.0,2.0,0.0,0.0,0.0,0.0,0.0,0.0,29.0,4.0,12.0,40.0,5.0,5.0,0
517,2.0,65405.0,0.0,0.0,1.0,0.0,0.0,0.0,0.0,47.0,2.0,18.0,25.0,4.0,1.0,0
518,0.0,74534.0,1.0,0.0,0.0,1.0,0.0,0.0,1.0,22.0,3.0,20.0,2.0,3.0,6.0,0
519,2.0,59626.0,0.0,0.0,0.0,0.0,1.0,0.0,0.0,25.0,2.0,23.0,34.0,6.0,7.0,0
520,2.0,39428.0,2.0,0.0,0.0,0.0,1.0,0.0,0.0,49.0,2.0,3.0,26.0,3.0,9.0,0
521,2.0,46312.0,0.0,0.0,1.0,0.0,0.0,0.0,0.0,57.0,1.0,23.0,31.0,4.0,2.0,0
522,1.0,61443.0,2.0,1.0,0.0,0.0,0.0,1.0,0.0,58.0,1.0,34.0,9.0,4.0,2.0,0
523,2.0,68886.0,1.0,0.0,0.0,0.0,1.0,1.0,0.0,39.0,4.0,2.0,30.0,0.0,10.0,0
524,1.0,61483.0,0.0,1.0,0.0,0.0,0.0,1.0,1.0,28.0,3.0,3.0,20.0,0.0,1.0,0
525,2.0,59626.0,1.0,0.0,0.0,0.0,1.0,0.0,1.0,21.0,2.0,34.0,21.0,2.0,5.0,0
526,1.0,59626.0,1.0,0.0,0.0,0.0,1.0,0.0,0.0,42.0,4.0,30.0,29.0,2.0,2.0,0
527,3.0,59613.0,1.0,0.0,0.0,1.0,0.0,0.0,1.0,37.0,1.0,24.0,25.0,1.0,3.0,0
528,0.0,101339.0,1.0,0.0,0.0,0.0,1.0,0.0,1.0,27.0,5.0,12.0,38.0,1.0,2.0,0
529,1.0,59626.0,1.0,0.0,0.0,0.0,0.0,0.0,0.0,45.0,2.0,3.0,44.0,5.0,4.0,0
530,1.0,61789.0,0.0,0.0,0.0,0.0,0.0,0.0,1.0,24.0,2.0,13.0,25.0,0.0,3.0,0
531,2.0,36513.0,1.0,0.0,0.0,1.0,0.0,1.0,0.0,56.0,2.0,12.0,9.0,5.0,9.0,0
532,1.0,55957.0,2.0,0.0,0.0,0.0,1.0,1.0,1.0,26.0,1.0,26.0,39.0,4.0,10.0,0
533,2.0,27893.0,1.0,0.0,0.0,1.0,0.0,0.0,0.0,51.0,1.0,5.0,44.0,5.0,2.0,0
534,3.0,83042.0,2.0,0.0,1.0,0.0,0.0,1.0,1.0,39.0,3.0,16.0,26.0,4.0,7.0,0
535,2.0,105710.0,1.0,0.0,1.0,0.0,0.0,0.0,1.0,59.0,4.0,34.0,37.0,6.0,3.0,0
536,2.0,81907.0,2.0,0.0,1.0,0.0,0.0,1.0,0.0,47.0,3.0,16.0,16.0,0.0,10.0,0
537,0.0,14763.0,1.0,0.0,0.0,0.0,0.0,0.0,0.0,30.0,1.0,1.0,37.0,2.0,8.0,0
538,2.0,56728.0,0.0,1.0,0.0,0.0,0.0,0.0,0.0,46.0,2.0,12.0,12.0,5.0,4.0,0
539,1.0,18983.0,2.0,0.0,0.0,0.0,0.0,1.0,0.0,39.0,1.0,1.0,24.0,0.0,4.0,0
540,2.0,59626.0,2.0,0.0,1.0,0.0,0.0,1.0,1.0,59.0,1.0,27.0,26.0,6.0,9.0,0
541,2.0,84293.0,1.0,0.0,0.0,0.0,0.0,0.0,0.0,23.0,3.0,25.0,20.0,3.0,3.0,0
542,2.0,50163.0,1.0,0.0,0.0,1.0,0.0,0.0,0.0,33.0,2.0,21.0,9.0,2.0,7.0,0
543,2.0,1676.0,1.0,0.0,0.0,0.0,1.0,1.0,0.0,48.0,1.0,2.0,23.0,9.0,1.0,0
544,3.0,60059.0,1.0,0.0,0.0,1.0,0.0,1.0,1.0,40.0,1.0,34.0,39.0,8.0,7.0,0
545,1.0,101617.0,2.0,0.0,0.0,0.0,1.0,0.0,0.0,48.0,5.0,11.0,29.0,0.0,10.0,0
546,2.0,47989.0,1.0,0.0,0.0,0.0,1.0,1.0,0.0,28.0,1.0,23.0,31.0,7.0,2.0,0
547,1.0,39287.0,2.0,0.0,0.0,0.0,1.0,0.0,1.0,59.0,2.0,4.0,19.0,0.0,6.0,0
548,2.0,70908.0,1.0,1.0,0.0,0.0,0.0,0.0,0.0,21.0,2.0,19.0,20.0,4.0,9.0,0
549,3.0,33783.0,2.0,0.0,1.0,0.0,0.0,0.0,1.0,23.0,1.0,12.0,23.0,9.0,6.0,0
550,2.0,28518.0,2.0,0.0,0.0,0.0,1.0,0.0,0.0,33.0,1.0,11.0,43.0,7.0,3.0,0
551,2.0,52424.0,1.0,0.0,0.0,0.0,1.0,1.0,0.0,48.0,2.0,12.0,27.0,5.0,1.0,0
552,3.0,62227.0,1.0,0.0,0.0,1.0,0.0,1.0,0.0,45.0,3.0,9.0,30.0,6.0,4.0,0
553,2.0,74957.0,2.0,0.0,0.0,0.0,0.0,1.0,0.0,53.0,2.0,32.0,21.0,7.0,4.0,0
554,2.0,194085.0,1.0,0.0,0.0,0.0,0.0,1.0,1.0,58.0,3.0,15.0,88.0,5.0,8.0,0
555,2.0,130748.0,1.0,0.0,0.0,1.0,0.0,1.0,0.0,26.0,5.0,34.0,35.0,5.0,10.0,0
556,2.0,53532.0,1.0,0.0,0.0,0.0,0.0,1.0,0.0,52.0,3.0,2.0,7.0,5.0,10.0,0
557,1.0,34063.0,1.0,0.0,0.0,0.0,1.0,1.0,1.0,41.0,2.0,4.0,22.0,4.0,7.0,0
558,3.0,77854.0,2.0,1.0,0.0,0.0,0.0,0.0,0.0,36.0,2.0,25.0,10.0,7.0,10.0,0
559,2.0,59497.0,1.0,0.0,0.0,0.0,0.0,1.0,0.0,41.0,3.0,10.0,23.0,1.0,7.0,0
560,0.0,61241.0,2.0,1.0,0.0,0.0,0.0,1.0,1.0,31.0,3.0,6.0,15.0,6.0,7.0,0
561,2.0,41983.0,1.0,0.0,1.0,0.0,0.0,0.0,1.0,57.0,2.0,9.0,30.0,3.0,2.0,1
562,2.0,95382.0,1.0,0.0,0.0,0.0,1.0,1.0,1.0,56.0,3.0,33.0,34.0,0.0,9.0,0
563,1.0,59626.0,1.0,1.0,0.0,0.0,0.0,1.0,0.0,55.0,1.0,2.0,13.0,4.0,6.0,0
564,2.0,49442.0,1.0,0.0,1.0,0.0,0.0,0.0,0.0,39.0,2.0,7.0,4.0,2.0,2.0,0
565,3.0,66216.0,1.0,0.0,1.0,0.0,0.0,1.0,0.0,40.0,1.0,30.0,18.0,3.0,1.0,0
566,3.0,24962.0,1.0,0.0,1.0,0.0,0.0,1.0,0.0,38.0,1.0,10.0,23.0,6.0,1.0,0
567,3.0,32501.0,1.0,0.0,1.0,0.0,0.0,1.0,0.0,34.0,1.0,6.0,33.0,4.0,1.0,0
568,3.0,52908.0,2.0,0.0,0.0,0.0,1.0,0.0,0.0,35.0,3.0,1.0,34.0,3.0,4.0,0
569,0.0,51034.0,1.0,0.0,0.0,0.0,1.0,1.0,1.0,51.0,2.0,5.0,34.0,0.0,4.0,1
570,2.0,68330.0,1.0,0.0,0.0,1.0,0.0,1.0,0.0,21.0,1.0,31.0,36.0,5.0,9.0,0
571,2.0,57397.0,2.0,0.0,1.0,0.0,0.0,0.0,0.0,23.0,2.0,19.0,35.0,9.0,1.0,0
572,2.0,66478.0,1.0,0.0,0.0,0.0,1.0,1.0,0.0,36.0,2.0,33.0,17.0,5.0,3.0,0
573,2.0,41688.0,1.0,0.0,0.0,0.0,0.0,0.0,0.0,43.0,1.0,15.0,28.0,6.0,3.0,0
574,2.0,84146.0,1.0,0.0,0.0,0.0,1.0,0.0,0.0,31.0,3.0,24.0,14.0,0.0,8.0,0
575,2.0,59626.0,1.0,0.0,1.0,0.0,0.0,1.0,0.0,32.0,3.0,11.0,34.0,3.0,2.0,0
576,3.0,59160.0,1.0,0.0,0.0,0.0,1.0,0.0,1.0,30.0,3.0,6.0,11.0,8.0,6.0,0
577,2.0,67893.0,1.0,0.0,0.0,0.0,0.0,0.0,0.0,52.0,3.0,16.0,13.0,9.0,4.0,0
578,2.0,54962.0,1.0,0.0,1.0,0.0,0.0,1.0,1.0,36.0,2.0,10.0,33.0,5.0,10.0,0
579,3.0,25918.0,1.0,0.0,0.0,0.0,1.0,0.0,0.0,28.0,1.0,5.0,2.0,1.0,6.0,0
580,2.0,35738.0,2.0,0.0,0.0,1.0,0.0,0.0,1.0,58.0,1.0,22.0,34.0,3.0,5.0,0
581,1.0,53321.0,1.0,0.0,1.0,0.0,0.0,1.0,1.0,32.0,1.0,26.0,29.0,5.0,9.0,0
582,2.0,98917.0,1.0,1.0,0.0,0.0,0.0,1.0,1.0,44.0,5.0,5.0,37.0,3.0,9.0,0
583,3.0,17248.0,0.0,0.0,0.0,0.0,1.0,1.0,0.0,48.0,1.0,1.0,4.0,9.0,1.0,0
584,2.0,52918.0,2.0,0.0,0.0,0.0,1.0,0.0,1.0,28.0,1.0,21.0,12.0,6.0,3.0,0
585,2.0,91090.0,1.0,0.0,0.0,0.0,1.0,1.0,0.0,48.0,4.0,19.0,26.0,2.0,1.0,0
586,2.0,99786.0,1.0,0.0,1.0,0.0,0.0,0.0,0.0,56.0,4.0,24.0,28.0,5.0,6.0,0
587,1.0,75411.0,2.0,0.0,0.0,0.0,0.0,0.0,1.0,46.0,3.0,14.0,3.0,3.0,3.0,0
588,3.0,52060.0,1.0,0.0,1.0,0.0,0.0,0.0,1.0,28.0,1.0,28.0,20.0,2.0,1.0,0
589,3.0,18093.0,1.0,0.0,0.0,0.0,1.0,0.0,0.0,48.0,1.0,7.0,10.0,2.0,6.0,0
590,1.0,75502.0,1.0,0.0,0.0,0.0,1.0,0.0,0.0,48.0,2.0,32.0,18.0,1.0,5.0,0
591,1.0,40713.0,0.0,0.0,0.0,0.0,1.0,0.0,0.0,57.0,1.0,21.0,27.0,2.0,8.0,0
592,3.0,27941.0,2.0,0.0,1.0,0.0,0.0,0.0,0.0,56.0,1.0,4.0,31.0,9.0,2.0,0
593,3.0,57307.0,0.0,0.0,0.0,0.0,0.0,1.0,1.0,47.0,2.0,17.0,27.0,0.0,8.0,0
594,3.0,107367.0,1.0,0.0,0.0,0.0,1.0,1.0,1.0,37.0,4.0,29.0,42.0,2.0,5.0,0
595,3.0,65710.0,0.0,0.0,0.0,0.0,0.0,0.0,1.0,29.0,2.0,30.0,1.0,8.0,8.0,0
596,2.0,63419.0,2.0,0.0,0.0,1.0,0.0,0.0,0.0,53.0,3.0,9.0,6.0,3.0,10.0,0
597,2.0,76620.0,1.0,0.0,1.0,0.0,0.0,1.0,0.0,40.0,3.0,14.0,11.0,2.0,4.0,0
598,2.0,33740.0,1.0,0.0,0.0,0.0,0.0,0.0,0.0,33.0,1.0,17.0,34.0,7.0,4.0,0
599,0.0,80204.0,1.0,0.0,1.0,0.0,0.0,1.0,1.0,48.0,3.0,22.0,39.0,0.0,10.0,0
600,2.0,50781.0,1.0,0.0,1.0,0.0,0.0,1.0,1.0,49.0,1.0,32.0,20.0,4.0,4.0,0
601,2.0,28896.0,1.0,0.0,1.0,0.0,0.0,1.0,1.0,33.0,1.0,15.0,21.0,0.0,6.0,0
602,2.0,94290.0,1.0,0.0,1.0,0.0,0.0,0.0,0.0,55.0,3.0,34.0,21.0,6.0,4.0,0
603,2.0,58642.0,1.0,0.0,0.0,0.0,1.0,0.0,1.0,26.0,1.0,33.0,18.0,4.0,9.0,0
604,2.0,134363.0,1.0,1.0,0.0,0.0,0.0,1.0,0.0,38.0,5.0,27.0,21.0,1.0,9.0,0
605,1.0,16467.0,1.0,1.0,0.0,0.0,0.0,1.0,0.0,25.0,1.0,1.0,19.0,0.0,3.0,0
606,1.0,59626.0,1.0,0.0,1.0,0.0,0.0,1.0,0.0,45.0,3.0,29.0,4.0,6.0,7.0,0
607,1.0,42899.0,1.0,0.0,0.0,0.0,1.0,1.0,0.0,22.0,2.0,12.0,13.0,0.0,5.0,0
608,1.0,39673.0,2.0,0.0,0.0,1.0,0.0,1.0,0.0,30.0,1.0,15.0,18.0,2.0,9.0,0
609,3.0,25188.0,1.0,0.0,0.0,0.0,0.0,0.0,0.0,50.0,1.0,4.0,29.0,5.0,2.0,0
610,1.0,95330.0,1.0,0.0,1.0,0.0,0.0,1.0,0.0,25.0,3.0,27.0,25.0,5.0,3.0,0
611,1.0,101469.0,1.0,0.0,0.0,0.0,1.0,0.0,0.0,53.0,4.0,19.0,13.0,6.0,10.0,0
612,2.0,101708.0,2.0,0.0,0.0,1.0,0.0,1.0,0.0,21.0,4.0,23.0,27.0,0.0,5.0,0
613,2.0,64379.0,0.0,0.0,0.0,0.0,0.0,0.0,0.0,38.0,2.0,26.0,19.0,6.0,5.0,0
614,1.0,90028.0,1.0,0.0,0.0,0.0,0.0,0.0,0.0,52.0,3.0,29.0,1.0,1.0,10.0,0
615,2.0,84533.0,1.0,0.0,0.0,0.0,1.0,0.0,0.0,31.0,3.0,26.0,38.0,5.0,7.0,0
616,2.0,89720.0,1.0,0.0,1.0,0.0,0.0,0.0,0.0,41.0,3.0,25.0,19.0,7.0,8.0,0
617,1.0,48157.0,2.0,0.0,0.0,0.0,1.0,0.0,0.0,46.0,2.0,6.0,1.0,4.0,8.0,0
618,1.0,57021.0,1.0,0.0,0.0,0.0,1.0,0.0,1.0,45.0,3.0,4.0,40.0,9.0,1.0,0
619,3.0,89628.0,1.0,0.0,0.0,0.0,0.0,1.0,1.0,42.0,4.0,22.0,17.0,2.0,1.0,0
620,3.0,76400.0,2.0,0.0,0.0,0.0,0.0,0.0,0.0,47.0,2.0,27.0,21.0,7.0,3.0,0
621,2.0,115091.0,1.0,0.0,1.0,0.0,0.0,1.0,0.0,33.0,4.0,33.0,22.0,7.0,1.0,0
622,0.0,68883.0,2.0,0.0,0.0,1.0,0.0,0.0,0.0,53.0,3.0,14.0,15.0,3.0,1.0,0
623,2.0,58457.0,1.0,0.0,1.0,0.0,0.0,0.0,0.0,54.0,1.0,31.0,39.0,7.0,10.0,0
624,2.0,48449.0,1.0,0.0,1.0,0.0,0.0,1.0,0.0,55.0,1.0,25.0,39.0,4.0,8.0,0
625,1.0,79911.0,2.0,1.0,0.0,0.0,0.0,0.0,0.0,21.0,2.0,30.0,32.0,4.0,1.0,0
626,2.0,46021.0,0.0,0.0,0.0,1.0,0.0,1.0,1.0,41.0,2.0,18.0,4.0,2.0,9.0,0
627,2.0,59626.0,2.0,0.0,0.0,0.0,1.0,1.0,0.0,26.0,4.0,8.0,44.0,6.0,2.0,0
628,1.0,61194.0,1.0,0.0,0.0,1.0,0.0,1.0,0.0,48.0,1.0,28.0,32.0,8.0,9.0,0
629,2.0,78979.0,0.0,0.0,0.0,0.0,0.0,1.0,1.0,37.0,4.0,3.0,4.0,8.0,7.0,0
630,3.0,85035.0,1.0,0.0,0.0,0.0,1.0,0.0,0.0,25.0,4.0,2.0,1.0,0.0,9.0,0
631,1.0,44269.0,0.0,0.0,1.0,0.0,0.0,0.0,0.0,51.0,1.0,28.0,33.0,0.0,3.0,0
632,3.0,90433.0,1.0,0.0,0.0,1.0,0.0,1.0,1.0,25.0,4.0,10.0,7.0,9.0,1.0,0
633,1.0,134473.0,1.0,0.0,1.0,0.0,0.0,0.0,1.0,58.0,5.0,32.0,9.0,4.0,1.0,0
634,3.0,55909.0,2.0,0.0,0.0,1.0,0.0,0.0,0.0,23.0,3.0,10.0,1.0,0.0,10.0,0
635,1.0,83426.0,1.0,0.0,0.0,1.0,0.0,1.0,0.0,43.0,3.0,26.0,16.0,3.0,6.0,0
636,0.0,127760.0,1.0,0.0,1.0,0.0,0.0,0.0,1.0,57.0,5.0,32.0,18.0,0.0,7.0,0
637,2.0,68282.0,1.0,1.0,0.0,0.0,0.0,1.0,1.0,57.0,3.0,20.0,6.0,1.0,9.0,0
638,2.0,70352.0,1.0,0.0,0.0,1.0,0.0,1.0,0.0,30.0,2.0,30.0,2.0,1.0,6.0,0
639,3.0,78439.0,1.0,0.0,1.0,0.0,0.0,0.0,0.0,30.0,4.0,1.0,9.0,3.0,5.0,0
640,2.0,82854.0,1.0,0.0,0.0,0.0,1.0,0.0,0.0,39.0,3.0,26.0,4.0,7.0,2.0,0
641,1.0,59626.0,2.0,0.0,0.0,0.0,1.0,0.0,1.0,37.0,3.0,10.0,23.0,1.0,2.0,0
642,2.0,39896.0,2.0,0.0,1.0,0.0,0.0,1.0,0.0,41.0,1.0,17.0,43.0,8.0,8.0,0
643,2.0,53927.0,0.0,0.0,0.0,1.0,0.0,1.0,0.0,34.0,3.0,0.0,43.0,8.0,1.0,0
644,1.0,163704.0,1.0,0.0,0.0,0.0,0.0,0.0,1.0,29.0,1.0,34.0,16.0,1.0,8.0,0
645,2.0,59626.0,1.0,0.0,1.0,0.0,0.0,0.0,0.0,21.0,4.0,34.0,39.0,0.0,10.0,0
646,2.0,62477.0,1.0,0.0,0.0,0.0,1.0,0.0,0.0,33.0,2.0,30.0,25.0,9.0,7.0,0
647,3.0,50451.0,1.0,0.0,0.0,0.0,1.0,0.0,0.0,24.0,1.0,27.0,16.0,9.0,7.0,0
648,3.0,44312.0,1.0,0.0,0.0,1.0,0.0,1.0,0.0,21.0,2.0,0.0,35.0,8.0,5.0,0
649,1.0,44115.0,1.0,0.0,0.0,0.0,1.0,0.0,1.0,52.0,1.0,24.0,17.0,1.0,3.0,0
650,2.0,72436.0,1.0,0.0,0.0,0.0,1.0,1.0,0.0,54.0,3.0,19.0,18.0,7.0,7.0,0
651,2.0,59626.0,2.0,0.0,0.0,0.0,1.0,1.0,0.0,48.0,4.0,2.0,27.0,2.0,7.0,0
652,2.0,74180.0,1.0,0.0,1.0,0.0,0.0,0.0,0.0,51.0,4.0,1.0,15.0,0.0,7.0,0
653,2.0,42872.0,0.0,0.0,0.0,1.0,0.0,0.0,1.0,28.0,1.0,17.0,17.0,0.0,2.0,1
654,2.0,29030.0,0.0,0.0,0.0,0.0,1.0,0.0,0.0,59.0,1.0,9.0,43.0,9.0,3.0,0
655,2.0,62470.0,2.0,0.0,1.0,0.0,0.0,1.0,1.0,46.0,4.0,4.0,5.0,1.0,3.0,0
656,3.0,88679.0,2.0,0.0,1.0,0.0,0.0,0.0,0.0,54.0,4.0,8.0,16.0,6.0,4.0,0
657,3.0,49620.0,1.0,0.0,0.0,1.0,0.0,0.0,1.0,23.0,2.0,1.0,15.0,5.0,9.0,0
658,3.0,83304.0,1.0,0.0,0.0,0.0,1.0,1.0,0.0,32.0,2.0,33.0,42.0,1.0,10.0,0
659,3.0,50766.0,2.0,0.0,1.0,0.0,0.0,0.0,1.0,21.0,2.0,30.0,34.0,3.0,1.0,0
660,2.0,85506.0,1.0,1.0,0.0,0.0,0.0,1.0,1.0,25.0,4.0,9.0,19.0,1.0,7.0,0
661,1.0,64399.0,2.0,0.0,0.0,1.0,0.0,0.0,0.0,50.0,3.0,11.0,8.0,0.0,7.0,0
662,2.0,35494.0,2.0,0.0,1.0,0.0,0.0,1.0,0.0,50.0,1.0,20.0,10.0,2.0,4.0,0
663,0.0,24736.0,1.0,0.0,0.0,0.0,1.0,0.0,0.0,37.0,1.0,5.0,5.0,3.0,1.0,0
664,2.0,73506.0,1.0,0.0,1.0,0.0,0.0,0.0,0.0,43.0,4.0,2.0,26.0,9.0,3.0,0
665,2.0,31851.0,1.0,0.0,0.0,0.0,0.0,1.0,1.0,35.0,1.0,9.0,22.0,4.0,5.0,0
666,2.0,41139.0,1.0,0.0,0.0,0.0,1.0,1.0,0.0,57.0,2.0,4.0,44.0,4.0,2.0,1
667,3.0,59275.0,2.0,0.0,0.0,1.0,0.0,0.0,0.0,41.0,2.0,25.0,23.0,6.0,7.0,0
668,3.0,38540.0,2.0,0.0,0.0,0.0,1.0,1.0,1.0,34.0,1.0,20.0,13.0,9.0,10.0,0
669,1.0,43572.0,1.0,0.0,1.0,0.0,0.0,1.0,0.0,22.0,1.0,25.0,9.0,7.0,10.0,0
670,2.0,91701.0,1.0,0.0,1.0,0.0,0.0,1.0,0.0,31.0,4.0,25.0,20.0,8.0,7.0,0
671,2.0,72170.0,0.0,0.0,0.0,0.0,0.0,1.0,0.0,59.0,4.0,7.0,28.0,6.0,10.0,0
672,2.0,75533.0,0.0,1.0,0.0,0.0,0.0,0.0,0.0,58.0,4.0,4.0,44.0,4.0,5.0,0
673,2.0,97342.0,1.0,0.0,0.0,1.0,0.0,0.0,0.0,54.0,4.0,14.0,37.0,8.0,10.0,0
674,2.0,59626.0,1.0,0.0,0.0,0.0,0.0,1.0,1.0,58.0,2.0,15.0,24.0,7.0,6.0,0
675,2.0,67455.0,1.0,0.0,1.0,0.0,0.0,1.0,1.0,54.0,4.0,0.0,44.0,9.0,1.0,0
676,3.0,46912.0,0.0,0.0,0.0,0.0,0.0,1.0,0.0,38.0,2.0,15.0,33.0,8.0,4.0,0
677,2.0,56583.0,2.0,0.0,0.0,0.0,0.0,1.0,1.0,50.0,3.0,2.0,20.0,9.0,4.0,0
678,1.0,133075.0,1.0,0.0,0.0,0.0,1.0,0.0,1.0,35.0,5.0,30.0,30.0,7.0,8.0,0
679,2.0,44416.0,2.0,1.0,0.0,0.0,0.0,0.0,0.0,47.0,1.0,12.0,44.0,5.0,2.0,0
680,2.0,55712.0,1.0,0.0,0.0,1.0,0.0,1.0,0.0,54.0,2.0,15.0,9.0,3.0,1.0,0
681,1.0,60839.0,1.0,0.0,0.0,0.0,1.0,1.0,1.0,58.0,2.0,20.0,17.0,8.0,7.0,0
682,0.0,15939.0,2.0,0.0,0.0,0.0,0.0,1.0,0.0,53.0,1.0,1.0,36.0,8.0,6.0,0
683,2.0,46940.0,1.0,0.0,0.0,1.0,0.0,0.0,0.0,44.0,1.0,26.0,14.0,9.0,5.0,0
684,2.0,105775.0,1.0,0.0,0.0,0.0,1.0,1.0,1.0,35.0,4.0,25.0,19.0,9.0,8.0,0
685,1.0,116910.0,1.0,0.0,1.0,0.0,0.0,0.0,0.0,50.0,5.0,24.0,7.0,8.0,2.0,0
686,2.0,59626.0,0.0,0.0,1.0,0.0,0.0,1.0,0.0,37.0,2.0,10.0,3.0,9.0,2.0,0
687,2.0,26247.0,1.0,0.0,1.0,0.0,0.0,0.0,0.0,25.0,1.0,7.0,33.0,2.0,9.0,0
688,1.0,22855.0,2.0,0.0,0.0,0.0,1.0,1.0,0.0,49.0,1.0,7.0,44.0,2.0,1.0,0
689,0.0,109950.0,0.0,0.0,0.0,0.0,1.0,0.0,1.0,24.0,4.0,32.0,32.0,5.0,6.0,0
690,3.0,31083.0,1.0,0.0,1.0,0.0,0.0,1.0,0.0,30.0,2.0,6.0,11.0,5.0,3.0,0
691,0.0,63293.0,2.0,0.0,0.0,0.0,0.0,1.0,0.0,37.0,2.0,20.0,42.0,5.0,5.0,0
692,3.0,58510.0,1.0,0.0,0.0,0.0,0.0,1.0,0.0,30.0,2.0,7.0,2.0,4.0,8.0,0
693,2.0,56687.0,1.0,0.0,1.0,0.0,0.0,0.0,0.0,37.0,2.0,20.0,26.0,4.0,7.0,0
694,1.0,61043.0,1.0,0.0,0.0,0.0,1.0,1.0,0.0,40.0,2.0,19.0,4.0,1.0,4.0,0
695,2.0,85509.0,1.0,0.0,1.0,0.0,0.0,0.0,1.0,44.0,4.0,7.0,17.0,6.0,8.0,0
696,0.0,97681.0,1.0,0.0,0.0,0.0,1.0,0.0,1.0,25.0,3.0,30.0,17.0,3.0,10.0,0
697,1.0,86014.0,1.0,0.0,0.0,1.0,0.0,1.0,1.0,54.0,3.0,28.0,28.0,2.0,2.0,0
698,1.0,34780.0,0.0,0.0,0.0,0.0,0.0,1.0,0.0,26.0,2.0,8.0,30.0,7.0,7.0,0
699,2.0,72403.0,1.0,0.0,0.0,0.0,0.0,1.0,1.0,22.0,3.0,14.0,40.0,3.0,5.0,0
700,1.0,89571.0,1.0,0.0,0.0,1.0,0.0,0.0,0.0,33.0,3.0,29.0,23.0,3.0,6.0,0
701,2.0,45926.0,1.0,0.0,0.0,0.0,1.0,1.0,1.0,31.0,1.0,25.0,24.0,7.0,3.0,0
702,2.0,45998.0,1.0,0.0,0.0,0.0,0.0,0.0,0.0,43.0,2.0,9.0,29.0,0.0,10.0,0
703,1.0,52462.0,1.0,1.0,0.0,0.0,0.0,0.0,1.0,36.0,1.0,28.0,4.0,8.0,7.0,0
704,0.0,92170.0,0.0,0.0,0.0,1.0,0.0,1.0,0.0,51.0,4.0,15.0,38.0,6.0,7.0,0
705,0.0,60718.0,2.0,0.0,0.0,0.0,1.0,1.0,0.0,31.0,2.0,19.0,29.0,1.0,2.0,0
706,0.0,113893.0,1.0,0.0,0.0,0.0,0.0,1.0,0.0,36.0,5.0,21.0,19.0,5.0,1.0,0
707,2.0,27505.0,1.0,0.0,0.0,1.0,0.0,1.0,0.0,28.0,1.0,6.0,27.0,7.0,10.0,0
708,1.0,78689.0,1.0,0.0,0.0,0.0,1.0,1.0,0.0,24.0,3.0,22.0,29.0,4.0,2.0,0
709,2.0,91452.0,0.0,1.0,0.0,0.0,0.0,1.0,0.0,24.0,3.0,28.0,36.0,5.0,8.0,0
710,2.0,68235.0,1.0,0.0,0.0,0.0,0.0,0.0,1.0,45.0,3.0,15.0,35.0,9.0,10.0,0
711,2.0,68838.0,2.0,0.0,1.0,0.0,0.0,0.0,1.0,23.0,2.0,27.0,6.0,7.0,3.0,0
712,2.0,62257.0,2.0,0.0,0.0,0.0,1.0,0.0,0.0,52.0,2.0,30.0,23.0,5.0,4.0,0
713,2.0,67380.0,2.0,0.0,0.0,0.0,1.0,1.0,0.0,23.0,3.0,13.0,39.0,8.0,8.0,0
714,1.0,59804.0,2.0,0.0,0.0,0.0,1.0,0.0,0.0,47.0,1.0,32.0,44.0,8.0,3.0,0
715,1.0,21397.0,2.0,0.0,0.0,1.0,0.0,0.0,1.0,49.0,1.0,8.0,8.0,8.0,6.0,0
716,2.0,65279.0,1.0,0.0,1.0,0.0,0.0,0.0,0.0,52.0,2.0,26.0,2.0,5.0,2.0,0
717,1.0,49169.0,1.0,0.0,0.0,0.0,1.0,0.0,1.0,39.0,2.0,23.0,13.0,8.0,3.0,0
718,2.0,24191.0,2.0,1.0,0.0,0.0,0.0,0.0,1.0,41.0,1.0,12.0,40.0,2.0,1.0,0
719,2.0,41361.0,1.0,1.0,0.0,0.0,0.0,1.0,1.0,25.0,1.0,25.0,21.0,4.0,9.0,0
720,2.0,52210.0,1.0,0.0,0.0,0.0,1.0,1.0,1.0,38.0,1.0,28.0,31.0,1.0,4.0,0
721,2.0,88400.0,1.0,0.0,1.0,0.0,0.0,0.0,1.0,48.0,3.0,27.0,36.0,7.0,6.0,0
722,2.0,86063.0,1.0,1.0,0.0,0.0,0.0,0.0,0.0,42.0,3.0,27.0,38.0,3.0,7.0,0
723,2.0,78104.0,1.0,1.0,0.0,0.0,0.0,0.0,1.0,41.0,4.0,7.0,27.0,5.0,2.0,0
724,2.0,114125.0,1.0,0.0,0.0,0.0,0.0,1.0,0.0,26.0,5.0,22.0,36.0,5.0,8.0,0
725,2.0,73896.0,1.0,0.0,0.0,0.0,1.0,1.0,1.0,21.0,2.0,28.0,23.0,4.0,9.0,0
726,2.0,24076.0,2.0,0.0,1.0,0.0,0.0,0.0,0.0,25.0,1.0,4.0,21.0,0.0,10.0,0
727,3.0,23196.0,1.0,0.0,1.0,0.0,0.0,1.0,0.0,32.0,1.0,6.0,13.0,6.0,2.0,0
728,2.0,56959.0,2.0,0.0,1.0,0.0,0.0,1.0,1.0,46.0,1.0,26.0,37.0,9.0,5.0,0
729,2.0,84899.0,1.0,0.0,1.0,0.0,0.0,0.0,0.0,54.0,4.0,1.0,26.0,7.0,2.0,0
730,2.0,57325.0,1.0,0.0,1.0,0.0,0.0,1.0,0.0,34.0,2.0,24.0,40.0,0.0,5.0,0
731,2.0,30735.0,1.0,0.0,0.0,1.0,0.0,1.0,0.0,46.0,1.0,8.0,7.0,9.0,7.0,0
732,0.0,59626.0,1.0,0.0,1.0,0.0,0.0,0.0,1.0,47.0,2.0,26.0,39.0,6.0,6.0,0
733,3.0,55681.0,1.0,0.0,1.0,0.0,0.0,1.0,0.0,29.0,3.0,0.0,22.0,3.0,4.0,0
734,0.0,81092.0,2.0,0.0,0.0,0.0,0.0,1.0,0.0,46.0,3.0,22.0,39.0,5.0,2.0,0
735,2.0,28465.0,2.0,0.0,1.0,0.0,0.0,0.0,1.0,42.0,1.0,9.0,23.0,8.0,7.0,1
736,2.0,121741.0,2.0,1.0,0.0,0.0,0.0,1.0,0.0,50.0,5.0,24.0,30.0,4.0,10.0,0
737,3.0,59626.0,1.0,0.0,0.0,0.0,1.0,1.0,0.0,37.0,2.0,2.0,18.0,7.0,9.0,0
738,0.0,16531.0,1.0,0.0,0.0,0.0,1.0,0.0,0.0,46.0,1.0,5.0,42.0,4.0,1.0,1
739,2.0,77841.0,1.0,0.0,0.0,1.0,0.0,0.0,0.0,56.0,4.0,5.0,18.0,1.0,3.0,0
740,2.0,5583.0,1.0,0.0,0.0,0.0,0.0,0.0,0.0,21.0,1.0,1.0,10.0,3.0,7.0,0
741,1.0,91144.0,1.0,0.0,0.0,1.0,0.0,1.0,1.0,28.0,4.0,17.0,39.0,1.0,9.0,0
742,0.0,110983.0,1.0,0.0,1.0,0.0,0.0,0.0,0.0,55.0,5.0,22.0,30.0,6.0,5.0,0
743,2.0,57235.0,1.0,0.0,1.0,0.0,0.0,1.0,0.0,35.0,3.0,1.0,26.0,6.0,7.0,0
744,2.0,57261.0,1.0,0.0,0.0,0.0,1.0,0.0,1.0,42.0,3.0,11.0,7.0,2.0,10.0,0
745,1.0,58126.0,0.0,0.0,1.0,0.0,0.0,1.0,1.0,34.0,2.0,21.0,7.0,6.0,7.0,0
746,2.0,100599.0,1.0,0.0,1.0,0.0,0.0,0.0,1.0,46.0,4.0,19.0,5.0,0.0,4.0,0
747,2.0,59542.0,1.0,0.0,0.0,1.0,0.0,0.0,0.0,48.0,2.0,23.0,1.0,0.0,5.0,0
748,2.0,65370.0,1.0,0.0,0.0,0.0,1.0,0.0,1.0,43.0,3.0,19.0,18.0,8.0,2.0,0
749,3.0,59626.0,1.0,0.0,1.0,0.0,0.0,0.0,0.0,34.0,4.0,0.0,13.0,5.0,8.0,0
750,2.0,86480.0,1.0,0.0,1.0,0.0,0.0,1.0,1.0,44.0,5.0,0.0,25.0,4.0,1.0,0
751,2.0,90084.0,1.0,0.0,1.0,0.0,0.0,0.0,0.0,22.0,4.0,16.0,40.0,5.0,2.0,0
752,3.0,31620.0,1.0,0.0,1.0,0.0,0.0,0.0,0.0,46.0,2.0,0.0,8.0,5.0,3.0,0
753,1.0,136646.0,2.0,0.0,0.0,0.0,0.0,1.0,0.0,34.0,5.0,29.0,10.0,0.0,7.0,0
754,1.0,47051.0,1.0,0.0,0.0,0.0,1.0,0.0,0.0,27.0,3.0,2.0,32.0,4.0,6.0,0
755,2.0,101000.0,1.0,0.0,0.0,0.0,0.0,1.0,0.0,23.0,4.0,10.0,17.0,8.0,7.0,0
756,2.0,79256.0,1.0,0.0,1.0,0.0,0.0,0.0,0.0,43.0,3.0,23.0,38.0,3.0,5.0,0
757,2.0,62300.0,2.0,0.0,0.0,1.0,0.0,0.0,1.0,38.0,2.0,21.0,15.0,2.0,4.0,0
758,2.0,62551.0,1.0,0.0,0.0,0.0,0.0,0.0,1.0,58.0,2.0,25.0,15.0,0.0,7.0,0
759,2.0,46700.0,2.0,1.0,0.0,0.0,0.0,1.0,0.0,55.0,2.0,12.0,40.0,1.0,3.0,0
760,2.0,49291.0,1.0,0.0,0.0,0.0,1.0,0.0,0.0,35.0,3.0,0.0,20.0,2.0,10.0,0
761,1.0,67207.0,1.0,0.0,0.0,1.0,0.0,0.0,0.0,45.0,2.0,23.0,15.0,3.0,7.0,0
762,3.0,38335.0,2.0,0.0,1.0,0.0,0.0,0.0,1.0,57.0,2.0,9.0,35.0,6.0,2.0,1
763,1.0,78984.0,1.0,0.0,0.0,1.0,0.0,1.0,1.0,48.0,2.0,34.0,6.0,5.0,8.0,0
764,3.0,86493.0,1.0,0.0,0.0,0.0,1.0,1.0,1.0,30.0,4.0,23.0,30.0,7.0,6.0,0
765,1.0,70041.0,1.0,0.0,1.0,0.0,0.0,0.0,0.0,59.0,2.0,27.0,8.0,8.0,3.0,0
766,3.0,41094.0,1.0,0.0,0.0,0.0,0.0,1.0,0.0,37.0,1.0,15.0,31.0,5.0,3.0,0
767,0.0,28352.0,1.0,0.0,0.0,1.0,0.0,0.0,0.0,59.0,1.0,15.0,32.0,6.0,5.0,0
768,1.0,123816.0,1.0,1.0,0.0,0.0,0.0,0.0,0.0,42.0,1.0,16.0,30.0,3.0,3.0,0
769,0.0,53108.0,1.0,0.0,0.0,0.0,0.0,0.0,0.0,46.0,2.0,14.0,18.0,1.0,6.0,0
770,2.0,45590.0,2.0,0.0,1.0,0.0,0.0,0.0,0.0,45.0,1.0,15.0,13.0,8.0,2.0,0
771,3.0,29668.0,1.0,0.0,0.0,0.0,1.0,0.0,1.0,37.0,1.0,14.0,24.0,8.0,8.0,0
772,2.0,128495.0,1.0,0.0,1.0,0.0,0.0,0.0,0.0,33.0,4.0,33.0,40.0,3.0,9.0,0
773,3.0,69655.0,1.0,0.0,1.0,0.0,0.0,0.0,1.0,40.0,4.0,10.0,14.0,2.0,7.0,0
774,2.0,34022.0,2.0,0.0,0.0,1.0,0.0,1.0,1.0,45.0,2.0,0.0,28.0,9.0,3.0,0
775,2.0,96608.0,1.0,0.0,1.0,0.0,0.0,1.0,0.0,24.0,5.0,14.0,11.0,5.0,10.0,0
776,3.0,59106.0,1.0,0.0,0.0,0.0,1.0,1.0,0.0,30.0,1.0,25.0,6.0,2.0,4.0,0
777,1.0,56029.0,2.0,0.0,0.0,0.0,1.0,1.0,0.0,23.0,3.0,3.0,25.0,0.0,10.0,0
778,2.0,57769.0,2.0,0.0,1.0,0.0,0.0,1.0,0.0,38.0,3.0,4.0,1.0,3.0,2.0,0
779,3.0,79459.0,1.0,1.0,0.0,0.0,0.0,1.0,0.0,56.0,2.0,34.0,25.0,0.0,9.0,0
780,3.0,50371.0,1.0,0.0,0.0,0.0,0.0,1.0,0.0,42.0,2.0,12.0,2.0,1.0,5.0,0
781,3.0,43237.0,1.0,1.0,0.0,0.0,0.0,0.0,0.0,54.0,2.0,9.0,32.0,2.0,2.0,0
782,2.0,40460.0,1.0,0.0,0.0,1.0,0.0,0.0,0.0,28.0,2.0,10.0,13.0,7.0,10.0,0
783,1.0,75411.0,2.0,0.0,0.0,1.0,0.0,0.0,0.0,39.0,3.0,17.0,33.0,9.0,6.0,0
784,3.0,59873.0,2.0,0.0,1.0,0.0,0.0,0.0,1.0,57.0,1.0,33.0,32.0,3.0,7.0,0
785,2.0,48572.0,1.0,0.0,0.0,1.0,0.0,1.0,1.0,26.0,1.0,22.0,24.0,3.0,2.0,0
786,3.0,36676.0,1.0,0.0,0.0,0.0,0.0,1.0,0.0,46.0,1.0,6.0,27.0,9.0,1.0,0
787,2.0,7357.0,1.0,0.0,1.0,0.0,0.0,0.0,1.0,54.0,1.0,2.0,4.0,8.0,7.0,0
788,2.0,48793.0,2.0,0.0,0.0,0.0,1.0,0.0,0.0,26.0,2.0,11.0,24.0,6.0,1.0,0
789,2.0,32350.0,1.0,0.0,1.0,0.0,0.0,1.0,1.0,57.0,1.0,6.0,23.0,1.0,3.0,0
790,1.0,101252.0,1.0,0.0,1.0,0.0,0.0,0.0,1.0,53.0,4.0,25.0,29.0,2.0,4.0,0
791,2.0,42370.0,0.0,0.0,0.0,1.0,0.0,0.0,0.0,42.0,1.0,32.0,34.0,3.0,2.0,1
792,3.0,27053.0,1.0,0.0,1.0,0.0,0.0,0.0,0.0,41.0,1.0,14.0,21.0,3.0,7.0,0
793,3.0,57171.0,0.0,0.0,0.0,1.0,0.0,0.0,1.0,26.0,3.0,1.0,30.0,9.0,5.0,0
794,1.0,26953.0,2.0,0.0,1.0,0.0,0.0,1.0,0.0,26.0,1.0,6.0,26.0,7.0,1.0,0
795,2.0,95235.0,2.0,0.0,0.0,0.0,1.0,0.0,0.0,24.0,3.0,31.0,20.0,9.0,8.0,0
796,2.0,52913.0,1.0,0.0,0.0,1.0,0.0,0.0,1.0,50.0,3.0,3.0,16.0,9.0,10.0,0
797,2.0,42359.0,1.0,0.0,1.0,0.0,0.0,1.0,0.0,31.0,1.0,19.0,3.0,5.0,7.0,0
798,1.0,49524.0,2.0,1.0,0.0,0.0,0.0,1.0,0.0,50.0,1.0,31.0,37.0,2.0,4.0,0
799,3.0,69959.0,1.0,0.0,1.0,0.0,0.0,0.0,0.0,51.0,2.0,27.0,40.0,8.0,2.0,1
800,2.0,32719.0,1.0,0.0,0.0,0.0,1.0,1.0,0.0,44.0,1.0,12.0,44.0,9.0,7.0,1
801,2.0,13074.0,2.0,0.0,1.0,0.0,0.0,0.0,1.0,29.0,1.0,0.0,25.0,7.0,2.0,0
802,2.0,68149.0,2.0,0.0,1.0,0.0,0.0,0.0,1.0,23.0,1.0,34.0,23.0,8.0,6.0,0
803,2.0,42566.0,2.0,0.0,1.0,0.0,0.0,1.0,0.0,51.0,1.0,29.0,44.0,4.0,1.0,0
804,2.0,63950.0,1.0,0.0,0.0,1.0,0.0,0.0,0.0,57.0,2.0,24.0,1.0,2.0,7.0,0
805,1.0,66942.0,1.0,0.0,1.0,0.0,0.0,0.0,0.0,56.0,3.0,15.0,33.0,3.0,7.0,0
806,1.0,86605.0,0.0,0.0,0.0,0.0,1.0,0.0,0.0,44.0,3.0,18.0,15.0,4.0,4.0,0
807,2.0,21590.0,1.0,0.0,1.0,0.0,0.0,0.0,1.0,51.0,1.0,0.0,17.0,8.0,4.0,0
808,3.0,18904.0,2.0,0.0,0.0,1.0,0.0,1.0,0.0,26.0,1.0,4.0,34.0,8.0,10.0,0
809,2.0,95521.0,1.0,0.0,0.0,0.0,1.0,1.0,1.0,22.0,4.0,21.0,17.0,2.0,5.0,0
810,1.0,74767.0,1.0,0.0,0.0,0.0,1.0,0.0,1.0,40.0,2.0,23.0,41.0,6.0,2.0,0
811,2.0,69922.0,1.0,0.0,0.0,0.0,1.0,1.0,1.0,48.0,4.0,3.0,44.0,5.0,9.0,0
812,3.0,45813.0,1.0,0.0,0.0,0.0,1.0,0.0,0.0,31.0,2.0,17.0,4.0,3.0,10.0,0
813,2.0,73746.0,2.0,0.0,0.0,0.0,0.0,0.0,1.0,24.0,3.0,15.0,13.0,4.0,4.0,0
814,3.0,58281.0,1.0,0.0,0.0,0.0,0.0,0.0,0.0,35.0,2.0,17.0,4.0,9.0,9.0,0
815,2.0,65196.0,1.0,1.0,0.0,0.0,0.0,0.0,0.0,26.0,2.0,21.0,7.0,1.0,3.0,0
816,2.0,41235.0,1.0,0.0,1.0,0.0,0.0,0.0,0.0,50.0,2.0,1.0,9.0,6.0,9.0,0
817,2.0,70624.0,1.0,1.0,0.0,0.0,0.0,1.0,0.0,58.0,2.0,20.0,23.0,3.0,1.0,0
818,1.0,41291.0,1.0,0.0,0.0,1.0,0.0,0.0,0.0,22.0,1.0,28.0,33.0,1.0,7.0,0
819,2.0,58783.0,1.0,0.0,0.0,1.0,0.0,1.0,1.0,35.0,2.0,25.0,33.0,5.0,4.0,0
820,2.0,81973.0,1.0,1.0,0.0,0.0,0.0,1.0,0.0,31.0,3.0,20.0,20.0,1.0,7.0,0
821,3.0,84566.0,2.0,0.0,0.0,1.0,0.0,0.0,0.0,28.0,4.0,16.0,4.0,9.0,10.0,0
822,3.0,45260.0,1.0,0.0,0.0,0.0,0.0,0.0,0.0,46.0,2.0,15.0,1.0,1.0,6.0,0
823,1.0,83195.0,0.0,1.0,0.0,0.0,0.0,0.0,0.0,25.0,2.0,30.0,42.0,6.0,4.0,0
824,1.0,17880.0,1.0,0.0,0.0,0.0,1.0,0.0,0.0,26.0,1.0,8.0,34.0,0.0,4.0,0
825,2.0,87892.0,0.0,0.0,1.0,0.0,0.0,0.0,0.0,46.0,3.0,30.0,27.0,6.0,8.0,0
826,1.0,51243.0,1.0,0.0,0.0,0.0,0.0,1.0,0.0,24.0,2.0,13.0,21.0,9.0,7.0,0
827,2.0,99054.0,1.0,0.0,0.0,1.0,0.0,0.0,0.0,39.0,5.0,1.0,24.0,4.0,4.0,0
828,3.0,40387.0,1.0,0.0,0.0,0.0,0.0,0.0,0.0,40.0,2.0,13.0,15.0,0.0,6.0,0
829,3.0,76892.0,2.0,0.0,0.0,1.0,0.0,1.0,0.0,53.0,2.0,32.0,35.0,5.0,6.0,0
830,2.0,89457.0,2.0,0.0,1.0,0.0,0.0,1.0,0.0,40.0,3.0,34.0,25.0,6.0,1.0,0
831,3.0,98565.0,2.0,0.0,0.0,0.0,0.0,0.0,0.0,32.0,4.0,19.0,9.0,0.0,2.0,0
832,2.0,31759.0,1.0,0.0,0.0,0.0,0.0,1.0,0.0,21.0,2.0,1.0,17.0,8.0,4.0,0
833,1.0,67033.0,1.0,1.0,0.0,0.0,0.0,0.0,0.0,46.0,2.0,18.0,21.0,6.0,6.0,0
834,2.0,104994.0,2.0,0.0,1.0,0.0,0.0,1.0,0.0,34.0,5.0,17.0,13.0,0.0,6.0,0
835,2.0,21228.0,1.0,0.0,0.0,0.0,0.0,1.0,1.0,58.0,1.0,15.0,3.0,2.0,1.0,0
836,2.0,70866.0,2.0,0.0,0.0,0.0,1.0,0.0,0.0,57.0,4.0,3.0,4.0,4.0,8.0,0
837,1.0,29632.0,0.0,0.0,0.0,0.0,0.0,1.0,0.0,31.0,1.0,11.0,4.0,3.0,2.0,0
838,2.0,94094.0,0.0,0.0,0.0,0.0,1.0,1.0,1.0,56.0,3.0,28.0,43.0,1.0,5.0,1
839,2.0,53649.0,2.0,0.0,1.0,0.0,0.0,1.0,0.0,33.0,3.0,6.0,28.0,0.0,4.0,0
840,3.0,44168.0,2.0,0.0,0.0,0.0,0.0,1.0,0.0,23.0,2.0,13.0,7.0,3.0,5.0,0
841,2.0,90963.0,2.0,0.0,0.0,0.0,1.0,1.0,0.0,53.0,4.0,11.0,26.0,6.0,5.0,0
842,2.0,50548.0,2.0,0.0,0.0,0.0,1.0,1.0,1.0,26.0,1.0,34.0,11.0,3.0,10.0,0
843,2.0,21726.0,1.0,0.0,1.0,0.0,0.0,0.0,0.0,30.0,1.0,4.0,24.0,8.0,8.0,0
844,1.0,54248.0,1.0,0.0,0.0,1.0,0.0,0.0,0.0,25.0,2.0,16.0,43.0,7.0,10.0,0
845,2.0,74505.0,2.0,0.0,0.0,0.0,1.0,1.0,0.0,43.0,2.0,31.0,10.0,7.0,7.0,0
846,3.0,60300.0,1.0,0.0,0.0,1.0,0.0,0.0,1.0,30.0,3.0,9.0,37.0,4.0,9.0,0
847,2.0,31638.0,1.0,0.0,0.0,0.0,1.0,0.0,0.0,22.0,1.0,16.0,13.0,0.0,1.0,0
848,3.0,24809.0,1.0,0.0,0.0,1.0,0.0,0.0,0.0,33.0,1.0,4.0,44.0,8.0,6.0,0
849,1.0,22224.0,0.0,0.0,0.0,1.0,0.0,1.0,0.0,22.0,1.0,8.0,42.0,1.0,6.0,0
850,0.0,59626.0,1.0,0.0,1.0,0.0,0.0,0.0,0.0,40.0,1.0,32.0,39.0,5.0,2.0,1
851,3.0,63766.0,1.0,0.0,1.0,0.0,0.0,1.0,0.0,21.0,2.0,17.0,19.0,9.0,8.0,0
852,3.0,66528.0,2.0,0.0,1.0,0.0,0.0,0.0,0.0,57.0,3.0,8.0,19.0,4.0,6.0,0
853,3.0,116205.0,1.0,0.0,1.0,0.0,0.0,1.0,0.0,29.0,4.0,28.0,12.0,9.0,10.0,0
854,2.0,92303.0,1.0,0.0,0.0,0.0,1.0,1.0,0.0,37.0,4.0,13.0,22.0,7.0,9.0,0
855,3.0,39191.0,1.0,0.0,0.0,0.0,1.0,0.0,0.0,29.0,1.0,24.0,37.0,2.0,10.0,0
856,3.0,53378.0,1.0,0.0,0.0,0.0,1.0,0.0,0.0,31.0,2.0,14.0,30.0,5.0,5.0,0
857,2.0,17906.0,1.0,0.0,1.0,0.0,0.0,1.0,1.0,35.0,1.0,5.0,12.0,5.0,7.0,0
858,2.0,59626.0,1.0,0.0,0.0,0.0,1.0,0.0,0.0,44.0,1.0,28.0,29.0,9.0,6.0,0
859,2.0,50116.0,0.0,0.0,1.0,0.0,0.0,0.0,1.0,58.0,2.0,14.0,21.0,2.0,5.0,0
860,3.0,57489.0,1.0,0.0,0.0,1.0,0.0,0.0,1.0,55.0,1.0,28.0,11.0,6.0,6.0,0
861,2.0,23249.0,1.0,1.0,0.0,0.0,0.0,1.0,0.0,50.0,1.0,3.0,37.0,3.0,4.0,0
862,2.0,59626.0,1.0,0.0,1.0,0.0,0.0,1.0,0.0,51.0,4.0,17.0,18.0,4.0,3.0,0
863,2.0,51105.0,0.0,0.0,1.0,0.0,0.0,0.0,0.0,25.0,2.0,15.0,44.0,8.0,1.0,0
864,2.0,47142.0,1.0,0.0,0.0,0.0,0.0,0.0,0.0,34.0,2.0,10.0,27.0,5.0,1.0,0
865,2.0,23465.0,1.0,0.0,0.0,1.0,0.0,0.0,0.0,31.0,1.0,13.0,37.0,9.0,6.0,0
866,0.0,24679.0,0.0,0.0,0.0,1.0,0.0,1.0,0.0,29.0,1.0,2.0,12.0,3.0,9.0,0
867,3.0,91027.0,2.0,0.0,0.0,1.0,0.0,1.0,0.0,54.0,4.0,17.0,23.0,7.0,8.0,0
868,2.0,32456.0,0.0,0.0,0.0,0.0,1.0,0.0,0.0,32.0,1.0,19.0,34.0,8.0,2.0,0
869,2.0,56116.0,2.0,0.0,0.0,0.0,0.0,0.0,0.0,55.0,2.0,24.0,38.0,9.0,9.0,0
870,1.0,39003.0,0.0,0.0,0.0,0.0,0.0,0.0,0.0,55.0,1.0,12.0,23.0,4.0,8.0,0
871,2.0,37315.0,2.0,0.0,0.0,0.0,1.0,0.0,0.0,21.0,2.0,3.0,25.0,1.0,9.0,0
872,1.0,40742.0,0.0,0.0,0.0,1.0,0.0,0.0,1.0,42.0,1.0,13.0,4.0,5.0,4.0,0
873,2.0,119832.0,2.0,0.0,0.0,0.0,1.0,0.0,1.0,49.0,4.0,32.0,30.0,7.0,9.0,0
874,0.0,110534.0,1.0,0.0,1.0,0.0,0.0,1.0,1.0,28.0,4.0,27.0,30.0,4.0,2.0,0
875,3.0,59199.0,1.0,0.0,0.0,0.0,1.0,0.0,1.0,31.0,3.0,7.0,13.0,0.0,1.0,0
876,1.0,42612.0,1.0,0.0,1.0,0.0,0.0,1.0,0.0,57.0,1.0,33.0,42.0,7.0,9.0,0
877,1.0,78677.0,0.0,0.0,0.0,0.0,0.0,0.0,1.0,34.0,4.0,4.0,14.0,8.0,10.0,0
878,1.0,53349.0,2.0,0.0,1.0,0.0,0.0,0.0,1.0,50.0,2.0,4.0,8.0,0.0,8.0,0
879,0.0,71787.0,0.0,0.0,1.0,0.0,0.0,1.0,1.0,55.0,2.0,30.0,24.0,7.0,7.0,0
880,2.0,51661.0,2.0,1.0,0.0,0.0,0.0,1.0,1.0,41.0,3.0,8.0,18.0,9.0,8.0,0
881,3.0,51150.0,0.0,0.0,0.0,0.0,0.0,1.0,1.0,57.0,1.0,31.0,35.0,1.0,1.0,0
882,2.0,55297.0,1.0,0.0,0.0,0.0,1.0,1.0,0.0,25.0,1.0,32.0,25.0,3.0,9.0,0
883,1.0,49812.0,1.0,0.0,1.0,0.0,0.0,0.0,0.0,39.0,3.0,2.0,17.0,1.0,10.0,0
884,1.0,37416.0,1.0,0.0,0.0,1.0,0.0,1.0,1.0,34.0,1.0,29.0,32.0,1.0,9.0,0
885,2.0,66612.0,1.0,0.0,0.0,0.0,0.0,0.0,0.0,46.0,3.0,11.0,24.0,9.0,9.0,0
886,3.0,64890.0,2.0,0.0,1.0,0.0,0.0,1.0,0.0,24.0,2.0,28.0,7.0,2.0,6.0,0
887,1.0,85036.0,2.0,0.0,0.0,0.0,0.0,0.0,1.0,45.0,4.0,2.0,13.0,7.0,4.0,0
888,2.0,120606.0,2.0,0.0,0.0,0.0,0.0,0.0,0.0,45.0,5.0,25.0,27.0,3.0,2.0,0
889,2.0,109617.0,1.0,0.0,0.0,1.0,0.0,0.0,0.0,38.0,4.0,29.0,5.0,6.0,4.0,0
890,1.0,26885.0,1.0,0.0,1.0,0.0,0.0,0.0,0.0,28.0,1.0,8.0,36.0,9.0,7.0,0
891,2.0,48562.0,1.0,0.0,0.0,0.0,1.0,0.0,0.0,59.0,1.0,25.0,26.0,2.0,1.0,0
892,0.0,27286.0,1.0,0.0,0.0,0.0,1.0,0.0,1.0,34.0,2.0,1.0,42.0,9.0,9.0,0
893,2.0,14159.0,2.0,1.0,0.0,0.0,0.0,1.0,0.0,52.0,1.0,2.0,31.0,2.0,3.0,0
894,1.0,28131.0,1.0,0.0,1.0,0.0,0.0,0.0,0.0,58.0,1.0,3.0,10.0,1.0,4.0,0
895,2.0,66056.0,1.0,0.0,0.0,0.0,1.0,1.0,0.0,53.0,2.0,24.0,26.0,5.0,5.0,0
896,0.0,48008.0,1.0,0.0,1.0,0.0,0.0,1.0,1.0,43.0,2.0,12.0,22.0,5.0,3.0,0
897,3.0,133717.0,1.0,1.0,0.0,0.0,0.0,0.0,0.0,35.0,5.0,34.0,12.0,0.0,4.0,0
898,1.0,47435.0,2.0,1.0,0.0,0.0,0.0,1.0,0.0,53.0,1.0,22.0,32.0,6.0,5.0,0
899,3.0,39545.0,1.0,0.0,0.0,1.0,0.0,0.0,0.0,45.0,1.0,8.0,27.0,3.0,1.0,0
900,3.0,20178.0,1.0,0.0,1.0,0.0,0.0,1.0,1.0,37.0,1.0,1.0,33.0,2.0,9.0,0
901,3.0,101624.0,2.0,0.0,0.0,0.0,1.0,0.0,0.0,53.0,4.0,30.0,20.0,7.0,10.0,0
902,2.0,54505.0,1.0,0.0,0.0,0.0,0.0,1.0,0.0,22.0,3.0,1.0,39.0,1.0,10.0,0
903,2.0,112845.0,0.0,0.0,0.0,0.0,1.0,0.0,0.0,34.0,4.0,31.0,41.0,8.0,4.0,1
904,2.0,98373.0,0.0,0.0,0.0,0.0,0.0,0.0,0.0,59.0,4.0,17.0,40.0,7.0,9.0,0
905,1.0,40709.0,0.0,0.0,0.0,0.0,0.0,0.0,0.0,26.0,2.0,12.0,13.0,7.0,4.0,0
906,2.0,42322.0,1.0,1.0,0.0,0.0,0.0,0.0,0.0,26.0,2.0,4.0,14.0,2.0,1.0,0
907,1.0,41416.0,2.0,0.0,0.0,0.0,0.0,1.0,0.0,23.0,2.0,9.0,44.0,3.0,5.0,0
908,3.0,79400.0,1.0,0.0,1.0,0.0,0.0,0.0,0.0,27.0,3.0,24.0,40.0,1.0,9.0,0
909,0.0,80675.0,1.0,0.0,1.0,0.0,0.0,1.0,0.0,28.0,2.0,33.0,22.0,1.0,3.0,0
910,2.0,75277.0,2.0,0.0,0.0,0.0,1.0,1.0,1.0,35.0,2.0,29.0,18.0,3.0,5.0,0
911,2.0,75131.0,2.0,1.0,0.0,0.0,0.0,1.0,0.0,49.0,4.0,6.0,29.0,5.0,3.0,0
912,2.0,95052.0,1.0,0.0,0.0,1.0,0.0,0.0,0.0,53.0,5.0,5.0,43.0,4.0,3.0,0
913,2.0,53183.0,1.0,1.0,0.0,0.0,0.0,1.0,0.0,50.0,3.0,2.0,16.0,0.0,1.0,0
914,1.0,85750.0,1.0,0.0,1.0,0.0,0.0,1.0,0.0,59.0,3.0,12.0,35.0,9.0,2.0,0
915,2.0,58070.0,0.0,0.0,1.0,0.0,0.0,1.0,0.0,47.0,3.0,2.0,34.0,0.0,2.0,0
916,1.0,42963.0,1.0,0.0,1.0,0.0,0.0,0.0,0.0,56.0,1.0,25.0,3.0,5.0,9.0,0
917,3.0,53533.0,1.0,0.0,0.0,0.0,1.0,0.0,1.0,49.0,1.0,23.0,4.0,2.0,7.0,0
918,2.0,68144.0,1.0,1.0,0.0,0.0,0.0,1.0,0.0,58.0,3.0,5.0,5.0,2.0,8.0,0
919,3.0,77950.0,0.0,0.0,0.0,0.0,0.0,0.0,1.0,53.0,3.0,11.0,10.0,6.0,2.0,0
920,0.0,31727.0,1.0,0.0,0.0,0.0,1.0,0.0,1.0,57.0,1.0,1.0,29.0,0.0,9.0,1
921,1.0,88246.0,1.0,0.0,0.0,0.0,1.0,1.0,0.0,47.0,4.0,10.0,32.0,0.0,3.0,0
922,1.0,55500.0,1.0,0.0,0.0,0.0,1.0,1.0,0.0,53.0,1.0,33.0,31.0,9.0,10.0,0
923,0.0,46784.0,1.0,0.0,1.0,0.0,0.0,0.0,0.0,24.0,1.0,25.0,2.0,2.0,2.0,0
924,1.0,72647.0,1.0,0.0,0.0,1.0,0.0,1.0,1.0,42.0,3.0,17.0,12.0,7.0,1.0,0
925,2.0,39577.0,1.0,0.0,0.0,0.0,1.0,0.0,1.0,22.0,1.0,20.0,27.0,0.0,9.0,0
926,1.0,50639.0,1.0,0.0,0.0,0.0,1.0,0.0,0.0,30.0,1.0,21.0,5.0,9.0,8.0,0
927,2.0,70804.0,0.0,1.0,0.0,0.0,0.0,0.0,0.0,25.0,2.0,29.0,37.0,3.0,4.0,0
928,3.0,94628.0,1.0,0.0,0.0,0.0,0.0,0.0,1.0,30.0,3.0,29.0,27.0,8.0,7.0,0
929,2.0,48459.0,2.0,0.0,1.0,0.0,0.0,0.0,0.0,53.0,2.0,7.0,23.0,3.0,3.0,0
930,2.0,87008.0,2.0,0.0,1.0,0.0,0.0,0.0,0.0,58.0,3.0,33.0,33.0,9.0,3.0,0
931,2.0,35296.0,1.0,0.0,0.0,0.0,0.0,1.0,0.0,33.0,2.0,8.0,4.0,7.0,4.0,0
932,2.0,33380.0,2.0,0.0,1.0,0.0,0.0,1.0,0.0,51.0,1.0,19.0,21.0,6.0,2.0,0
933,1.0,116239.0,1.0,0.0,0.0,1.0,0.0,0.0,0.0,56.0,5.0,24.0,24.0,2.0,10.0,0
934,2.0,40405.0,0.0,0.0,0.0,0.0,0.0,0.0,0.0,44.0,1.0,18.0,44.0,6.0,4.0,0
935,2.0,90910.0,2.0,0.0,0.0,0.0,1.0,0.0,0.0,35.0,5.0,4.0,31.0,6.0,10.0,0
936,3.0,52218.0,0.0,0.0,0.0,0.0,1.0,1.0,1.0,49.0,2.0,10.0,44.0,9.0,3.0,0
937,2.0,103633.0,1.0,0.0,0.0,0.0,1.0,0.0,0.0,28.0,5.0,14.0,24.0,2.0,8.0,0
938,2.0,27941.0,1.0,1.0,0.0,0.0,0.0,1.0,0.0,25.0,1.0,7.0,10.0,1.0,2.0,0
939,2.0,58305.0,1.0,0.0,0.0,1.0,0.0,0.0,0.0,49.0,2.0,18.0,2.0,8.0,9.0,0
940,1.0,54806.0,1.0,0.0,1.0,0.0,0.0,0.0,0.0,24.0,1.0,22.0,31.0,0.0,3.0,0
941,2.0,43348.0,1.0,0.0,0.0,0.0,1.0,1.0,1.0,32.0,1.0,26.0,25.0,6.0,4.0,0
942,2.0,104450.0,1.0,0.0,0.0,0.0,0.0,1.0,1.0,22.0,3.0,31.0,4.0,3.0,10.0,0
943,1.0,44433.0,1.0,0.0,1.0,0.0,0.0,0.0,0.0,47.0,1.0,25.0,11.0,1.0,10.0,0
944,1.0,77159.0,1.0,0.0,0.0,0.0,1.0,0.0,0.0,51.0,3.0,26.0,17.0,1.0,3.0,0
945,2.0,38298.0,2.0,1.0,0.0,0.0,0.0,0.0,1.0,56.0,1.0,18.0,44.0,7.0,3.0,1
946,2.0,89040.0,2.0,0.0,1.0,0.0,0.0,1.0,0.0,56.0,2.0,28.0,2.0,6.0,8.0,0
947,1.0,97771.0,1.0,0.0,0.0,0.0,0.0,1.0,0.0,46.0,3.0,32.0,6.0,6.0,8.0,0
948,2.0,61217.0,1.0,0.0,0.0,0.0,1.0,1.0,0.0,47.0,2.0,18.0,9.0,4.0,6.0,0
949,2.0,80371.0,2.0,0.0,0.0,0.0,1.0,1.0,0.0,25.0,3.0,18.0,5.0,9.0,4.0,0
950,2.0,87782.0,1.0,0.0,1.0,0.0,0.0,1.0,0.0,40.0,3.0,32.0,20.0,7.0,1.0,0
951,3.0,91956.0,1.0,0.0,0.0,0.0,1.0,1.0,0.0,31.0,4.0,15.0,29.0,1.0,4.0,0
952,3.0,62415.0,1.0,0.0,1.0,0.0,0.0,0.0,0.0,30.0,2.0,22.0,21.0,1.0,8.0,0
953,2.0,72054.0,2.0,0.0,1.0,0.0,0.0,0.0,1.0,58.0,3.0,6.0,9.0,4.0,6.0,0
954,0.0,119347.0,1.0,1.0,0.0,0.0,0.0,1.0,1.0,26.0,5.0,25.0,28.0,0.0,2.0,0
955,2.0,88930.0,1.0,0.0,0.0,1.0,0.0,0.0,1.0,28.0,3.0,31.0,8.0,5.0,3.0,0
956,2.0,42211.0,1.0,0.0,1.0,0.0,0.0,0.0,0.0,43.0,2.0,11.0,31.0,3.0,7.0,0
957,2.0,63240.0,1.0,0.0,0.0,0.0,1.0,1.0,1.0,46.0,3.0,7.0,20.0,5.0,4.0,0
958,2.0,60557.0,1.0,0.0,1.0,0.0,0.0,0.0,1.0,32.0,3.0,4.0,27.0,6.0,4.0,0
959,1.0,79190.0,1.0,0.0,0.0,0.0,0.0,1.0,0.0,46.0,3.0,27.0,8.0,2.0,5.0,0
960,2.0,25518.0,1.0,0.0,0.0,0.0,0.0,1.0,1.0,33.0,1.0,4.0,21.0,7.0,8.0,0
961,1.0,49399.0,1.0,0.0,0.0,0.0,1.0,0.0,1.0,38.0,1.0,25.0,28.0,6.0,7.0,0
962,2.0,82880.0,1.0,0.0,0.0,1.0,0.0,1.0,1.0,45.0,4.0,4.0,23.0,0.0,9.0,0
963,1.0,50474.0,2.0,0.0,1.0,0.0,0.0,1.0,0.0,53.0,1.0,21.0,6.0,5.0,5.0,0
964,2.0,71365.0,2.0,0.0,0.0,0.0,1.0,1.0,1.0,32.0,3.0,14.0,3.0,6.0,1.0,1
965,0.0,44181.0,1.0,0.0,0.0,0.0,1.0,1.0,0.0,56.0,2.0,12.0,5.0,3.0,4.0,0
966,2.0,63416.0,1.0,0.0,0.0,0.0,1.0,1.0,0.0,24.0,2.0,27.0,9.0,1.0,6.0,0
967,2.0,66972.0,0.0,0.0,0.0,0.0,0.0,1.0,0.0,25.0,1.0,32.0,7.0,9.0,6.0,0
968,1.0,45392.0,1.0,0.0,0.0,0.0,1.0,1.0,0.0,57.0,1.0,22.0,4.0,8.0,9.0,0
969,2.0,138876.0,1.0,0.0,0.0,0.0,1.0,1.0,0.0,28.0,5.0,32.0,39.0,6.0,10.0,0
970,2.0,95391.0,1.0,0.0,0.0,1.0,0.0,0.0,1.0,48.0,4.0,17.0,5.0,0.0,5.0,0
971,2.0,93322.0,1.0,1.0,0.0,0.0,0.0,0.0,1.0,51.0,3.0,29.0,11.0,7.0,5.0,0
972,2.0,71632.0,1.0,0.0,0.0,0.0,1.0,0.0,1.0,29.0,2.0,25.0,15.0,2.0,6.0,0
973,2.0,64661.0,2.0,0.0,0.0,0.0,1.0,1.0,1.0,49.0,3.0,15.0,34.0,3.0,6.0,1
974,2.0,70241.0,0.0,0.0,0.0,0.0,1.0,1.0,1.0,34.0,3.0,12.0,13.0,4.0,3.0,1
975,2.0,66978.0,1.0,0.0,0.0,0.0,1.0,0.0,1.0,42.0,2.0,32.0,7.0,0.0,6.0,0
976,2.0,46290.0,0.0,0.0,1.0,0.0,0.0,0.0,0.0,31.0,1.0,25.0,40.0,5.0,8.0,0
977,2.0,57841.0,2.0,0.0,0.0,0.0,1.0,0.0,0.0,43.0,3.0,0.0,6.0,9.0,6.0,0
978,1.0,49047.0,2.0,0.0,0.0,0.0,1.0,1.0,0.0,21.0,3.0,1.0,39.0,5.0,5.0,0
979,1.0,99356.0,1.0,0.0,0.0,0.0,0.0,0.0,0.0,57.0,5.0,5.0,30.0,1.0,3.0,0
980,0.0,36609.0,0.0,0.0,1.0,0.0,0.0,0.0,1.0,41.0,1.0,23.0,22.0,9.0,1.0,0
981,1.0,81259.0,1.0,0.0,1.0,0.0,0.0,1.0,1.0,46.0,3.0,17.0,25.0,5.0,5.0,0
982,2.0,63213.0,1.0,0.0,1.0,0.0,0.0,0.0,0.0,56.0,2.0,26.0,28.0,7.0,6.0,0
983,2.0,38237.0,1.0,1.0,0.0,0.0,0.0,1.0,1.0,43.0,2.0,7.0,20.0,5.0,6.0,0
984,1.0,41787.0,1.0,0.0,1.0,0.0,0.0,1.0,1.0,21.0,1.0,27.0,39.0,3.0,6.0,0
985,3.0,43323.0,0.0,0.0,1.0,0.0,0.0,1.0,0.0,35.0,2.0,9.0,3.0,3.0,3.0,0
986,2.0,43754.0,1.0,1.0,0.0,0.0,0.0,0.0,0.0,41.0,2.0,16.0,5.0,8.0,4.0,0
987,3.0,66309.0,1.0,0.0,0.0,1.0,0.0,0.0,0.0,29.0,2.0,28.0,1.0,5.0,3.0,0
988,2.0,66596.0,1.0,0.0,0.0,0.0,1.0,1.0,1.0,29.0,3.0,5.0,15.0,7.0,2.0,0
989,2.0,68467.0,1.0,0.0,0.0,0.0,0.0,0.0,0.0,30.0,3.0,13.0,26.0,7.0,8.0,0
990,0.0,72134.0,2.0,0.0,0.0,0.0,1.0,0.0,0.0,46.0,3.0,21.0,3.0,6.0,7.0,0
991,1.0,79357.0,1.0,0.0,0.0,0.0,0.0,0.0,0.0,55.0,4.0,5.0,40.0,2.0,8.0,0
992,0.0,66827.0,2.0,0.0,1.0,0.0,0.0,0.0,0.0,45.0,2.0,25.0,41.0,9.0,6.0,0
993,2.0,42939.0,1.0,0.0,0.0,0.0,0.0,1.0,0.0,46.0,1.0,11.0,42.0,0.0,7.0,0
994,1.0,99544.0,2.0,0.0,0.0,0.0,1.0,0.0,1.0,31.0,3.0,34.0,34.0,4.0,1.0,0
995,2.0,35433.0,2.0,0.0,1.0,0.0,0.0,1.0,0.0,58.0,1.0,13.0,5.0,9.0,10.0,0
996,1.0,66630.0,1.0,0.0,1.0,0.0,0.0,1.0,0.0,22.0,2.0,21.0,31.0,9.0,5.0,0
997,3.0,43593.0,2.0,0.0,0.0,0.0,0.0,0.0,0.0,27.0,1.0,22.0,13.0,1.0,4.0,0
998,1.0,24747.0,1.0,0.0,1.0,0.0,0.0,1.0,0.0,38.0,1.0,6.0,43.0,9.0,10.0,1
999,1.0,110753.0,1.0,0.0,1.0,0.0,0.0,0.0,0.0,47.0,4.0,24.0,1.0,1.0,3.0,0
1000,1.0,22586.0,0.0,0.0,1.0,0.0,0.0,0.0,0.0,54.0,1.0,12.0,22.0,6.0,2.0,0
1001,2.0,65807.0,1.0,1.0,0.0,0.0,0.0,1.0,0.0,47.0,2.0,20.0,15.0,2.0,9.0,0
1002,1.0,28135.0,1.0,0.0,1.0,0.0,0.0,1.0,0.0,37.0,1.0,9.0,26.0,7.0,8.0,0
1003,2.0,61851.0,2.0,0.0,0.0,0.0,1.0,1.0,0.0,44.0,3.0,8.0,18.0,8.0,10.0,0
1004,0.0,49482.0,1.0,0.0,0.0,1.0,0.0,1.0,1.0,45.0,2.0,14.0,9.0,7.0,2.0,0
1005,2.0,56122.0,1.0,0.0,0.0,0.0,0.0,0.0,1.0,27.0,3.0,1.0,1.0,5.0,6.0,0
1006,3.0,64538.0,1.0,0.0,0.0,1.0,0.0,0.0,0.0,26.0,2.0,24.0,43.0,4.0,3.0,0
1007,0.0,29911.0,1.0,0.0,0.0,0.0,1.0,0.0,0.0,44.0,1.0,12.0,9.0,2.0,3.0,0
1008,3.0,71384.0,1.0,0.0,0.0,1.0,0.0,1.0,0.0,53.0,2.0,33.0,23.0,2.0,5.0,0
1009,3.0,46168.0,2.0,0.0,0.0,0.0,0.0,1.0,0.0,49.0,1.0,33.0,43.0,6.0,7.0,0
1010,0.0,72457.0,1.0,0.0,1.0,0.0,0.0,1.0,1.0,42.0,2.0,34.0,2.0,4.0,7.0,0
1011,1.0,59626.0,1.0,0.0,1.0,0.0,0.0,0.0,1.0,46.0,2.0,2.0,14.0,5.0,10.0,0
1012,2.0,78907.0,2.0,1.0,0.0,0.0,0.0,1.0,0.0,48.0,4.0,5.0,38.0,5.0,1.0,0
1013,2.0,51378.0,1.0,0.0,0.0,0.0,0.0,0.0,1.0,41.0,1.0,18.0,40.0,8.0,7.0,0
1014,2.0,52704.0,0.0,0.0,1.0,0.0,0.0,1.0,0.0,27.0,3.0,2.0,18.0,0.0,7.0,0
1015,2.0,32257.0,1.0,0.0,0.0,0.0,1.0,0.0,1.0,37.0,1.0,17.0,16.0,7.0,6.0,0
1016,2.0,41313.0,0.0,1.0,0.0,0.0,0.0,0.0,1.0,40.0,2.0,8.0,29.0,9.0,6.0,1
1017,1.0,50120.0,2.0,0.0,0.0,1.0,0.0,1.0,0.0,40.0,2.0,11.0,44.0,4.0,2.0,0
1018,3.0,80331.0,1.0,0.0,0.0,1.0,0.0,1.0,0.0,42.0,4.0,4.0,11.0,5.0,3.0,0
1019,2.0,24770.0,1.0,0.0,0.0,1.0,0.0,0.0,0.0,48.0,1.0,2.0,6.0,5.0,3.0,0
1020,2.0,34966.0,1.0,0.0,1.0,0.0,0.0,0.0,1.0,27.0,1.0,10.0,3.0,0.0,3.0,0
1021,3.0,76615.0,0.0,0.0,0.0,0.0,1.0,1.0,0.0,21.0,2.0,29.0,14.0,2.0,2.0,0
1022,2.0,19926.0,2.0,0.0,0.0,0.0,1.0,1.0,0.0,52.0,1.0,3.0,2.0,5.0,9.0,0
1023,1.0,35118.0,2.0,0.0,0.0,0.0,1.0,0.0,0.0,33.0,1.0,4.0,32.0,8.0,6.0,0
1024,2.0,33871.0,2.0,0.0,0.0,0.0,1.0,1.0,0.0,50.0,2.0,0.0,31.0,5.0,2.0,0
1025,2.0,49856.0,1.0,1.0,0.0,0.0,0.0,0.0,1.0,43.0,1.0,26.0,11.0,5.0,3.0,0
1026,0.0,58174.0,1.0,0.0,0.0,0.0,1.0,0.0,0.0,39.0,1.0,27.0,22.0,0.0,10.0,0
1027,3.0,90998.0,0.0,0.0,1.0,0.0,0.0,1.0,0.0,52.0,3.0,28.0,3.0,8.0,6.0,0
1028,1.0,42954.0,1.0,0.0,0.0,1.0,0.0,1.0,0.0,50.0,2.0,17.0,31.0,3.0,4.0,0
1029,2.0,31233.0,1.0,0.0,1.0,0.0,0.0,1.0,1.0,49.0,1.0,11.0,33.0,1.0,7.0,0
1030,2.0,37571.0,1.0,0.0,0.0,1.0,0.0,1.0,0.0,49.0,1.0,12.0,24.0,0.0,6.0,0
1031,2.0,47139.0,2.0,0.0,1.0,0.0,0.0,1.0,0.0,50.0,3.0,1.0,1.0,2.0,6.0,0
1032,3.0,40504.0,1.0,0.0,0.0,0.0,1.0,0.0,1.0,36.0,1.0,15.0,44.0,2.0,3.0,1
1033,3.0,65940.0,0.0,1.0,0.0,0.0,0.0,0.0,1.0,39.0,2.0,23.0,15.0,4.0,8.0,0
1034,2.0,65903.0,0.0,0.0,0.0,0.0,1.0,1.0,0.0,38.0,1.0,34.0,37.0,0.0,9.0,0
1035,1.0,75048.0,1.0,1.0,0.0,0.0,0.0,1.0,0.0,21.0,3.0,21.0,27.0,6.0,6.0,0
1036,1.0,53975.0,0.0,0.0,1.0,0.0,0.0,1.0,0.0,34.0,2.0,10.0,38.0,0.0,2.0,0
1037,2.0,88557.0,1.0,0.0,0.0,0.0,1.0,0.0,0.0,22.0,3.0,28.0,27.0,3.0,1.0,0
1038,1.0,59626.0,1.0,0.0,0.0,0.0,1.0,1.0,0.0,48.0,4.0,34.0,44.0,5.0,3.0,0
1039,2.0,87516.0,1.0,1.0,0.0,0.0,0.0,1.0,0.0,50.0,3.0,14.0,12.0,0.0,3.0,0
1040,3.0,63229.0,2.0,0.0,0.0,1.0,0.0,0.0,1.0,58.0,1.0,30.0,3.0,6.0,8.0,0
1041,2.0,38883.0,1.0,0.0,0.0,0.0,0.0,0.0,0.0,24.0,1.0,15.0,30.0,9.0,5.0,0
1042,3.0,60726.0,1.0,0.0,0.0,0.0,0.0,1.0,0.0,21.0,2.0,9.0,32.0,6.0,1.0,0
1043,2.0,58820.0,1.0,0.0,0.0,0.0,1.0,1.0,1.0,28.0,1.0,31.0,23.0,2.0,4.0,0
1044,2.0,13752.0,1.0,0.0,0.0,0.0,0.0,1.0,0.0,49.0,1.0,1.0,2.0,3.0,7.0,0
1045,3.0,81364.0,2.0,0.0,0.0,0.0,0.0,0.0,0.0,59.0,3.0,23.0,7.0,5.0,5.0,0
1046,2.0,66970.0,0.0,0.0,1.0,0.0,0.0,1.0,0.0,23.0,2.0,22.0,34.0,6.0,10.0,0
1047,3.0,42155.0,1.0,0.0,0.0,1.0,0.0,1.0,0.0,52.0,2.0,1.0,32.0,3.0,6.0,0
1048,1.0,83248.0,2.0,1.0,0.0,0.0,0.0,1.0,0.0,30.0,3.0,30.0,39.0,9.0,10.0,0
1049,1.0,77438.0,1.0,0.0,0.0,1.0,0.0,0.0,1.0,30.0,3.0,25.0,32.0,8.0,4.0,0
1050,3.0,49552.0,1.0,0.0,0.0,1.0,0.0,0.0,0.0,39.0,1.0,28.0,43.0,8.0,2.0,0
1051,2.0,77607.0,1.0,0.0,0.0,0.0,1.0,1.0,0.0,54.0,4.0,2.0,43.0,8.0,9.0,0
1052,3.0,37575.0,1.0,0.0,1.0,0.0,0.0,1.0,0.0,53.0,1.0,13.0,14.0,9.0,2.0,0
1053,3.0,83647.0,2.0,0.0,0.0,1.0,0.0,0.0,0.0,43.0,3.0,24.0,3.0,5.0,2.0,0
1054,0.0,48993.0,0.0,0.0,0.0,0.0,1.0,0.0,0.0,48.0,3.0,0.0,32.0,1.0,2.0,0
1055,2.0,66821.0,0.0,0.0,1.0,0.0,0.0,0.0,1.0,52.0,3.0,2.0,43.0,1.0,1.0,1
1056,2.0,59567.0,1.0,0.0,0.0,1.0,0.0,0.0,1.0,27.0,2.0,25.0,36.0,3.0,3.0,0
1057,2.0,46214.0,1.0,0.0,1.0,0.0,0.0,0.0,0.0,49.0,1.0,17.0,17.0,8.0,6.0,0
1058,2.0,50032.0,1.0,0.0,0.0,0.0,1.0,0.0,1.0,28.0,2.0,8.0,3.0,2.0,7.0,0
1059,1.0,88081.0,1.0,0.0,1.0,0.0,0.0,0.0,1.0,21.0,3.0,22.0,10.0,5.0,1.0,0
1060,2.0,59626.0,1.0,0.0,0.0,0.0,1.0,0.0,0.0,23.0,2.0,20.0,40.0,1.0,5.0,0
1061,2.0,71144.0,1.0,0.0,1.0,0.0,0.0,0.0,0.0,44.0,4.0,0.0,18.0,0.0,5.0,0
1062,1.0,60330.0,2.0,0.0,0.0,0.0,1.0,1.0,1.0,43.0,2.0,20.0,3.0,4.0,1.0,0
1063,3.0,46341.0,1.0,0.0,1.0,0.0,0.0,1.0,0.0,28.0,1.0,26.0,39.0,7.0,4.0,0
1064,2.0,25351.0,1.0,0.0,1.0,0.0,0.0,1.0,0.0,57.0,1.0,5.0,10.0,9.0,10.0,0
1065,3.0,77874.0,1.0,0.0,0.0,0.0,0.0,0.0,0.0,23.0,2.0,27.0,9.0,9.0,1.0,0
1066,1.0,47418.0,2.0,0.0,1.0,0.0,0.0,1.0,0.0,53.0,2.0,16.0,11.0,1.0,1.0,0
1067,1.0,59626.0,2.0,0.0,1.0,0.0,0.0,0.0,0.0,48.0,3.0,2.0,33.0,9.0,7.0,0
1068,2.0,62605.0,2.0,0.0,1.0,0.0,0.0,0.0,1.0,28.0,3.0,11.0,36.0,8.0,7.0,0
1069,0.0,84633.0,1.0,0.0,0.0,0.0,1.0,1.0,1.0,54.0,4.0,11.0,26.0,7.0,3.0,0
1070,3.0,72386.0,2.0,0.0,1.0,0.0,0.0,0.0,0.0,55.0,4.0,1.0,27.0,2.0,7.0,0
1071,0.0,101833.0,1.0,0.0,0.0,0.0,1.0,1.0,0.0,52.0,4.0,21.0,38.0,0.0,3.0,0
1072,2.0,44602.0,1.0,0.0,0.0,1.0,0.0,1.0,0.0,44.0,1.0,22.0,22.0,3.0,2.0,0
1073,2.0,90617.0,1.0,0.0,0.0,0.0,1.0,1.0,0.0,34.0,3.0,29.0,26.0,7.0,10.0,0
1074,2.0,25190.0,2.0,0.0,1.0,0.0,0.0,0.0,0.0,52.0,1.0,4.0,22.0,2.0,4.0,0
1075,0.0,29072.0,2.0,0.0,1.0,0.0,0.0,1.0,0.0,36.0,1.0,8.0,5.0,9.0,10.0,0
1076,2.0,82219.0,2.0,0.0,1.0,0.0,0.0,0.0,1.0,24.0,3.0,20.0,35.0,1.0,3.0,1
1077,2.0,47266.0,2.0,0.0,0.0,0.0,1.0,1.0,1.0,57.0,2.0,10.0,2.0,6.0,7.0,0
1078,1.0,32678.0,1.0,0.0,1.0,0.0,0.0,1.0,0.0,41.0,1.0,4.0,35.0,3.0,1.0,1
1079,3.0,74049.0,1.0,0.0,1.0,0.0,0.0,1.0,1.0,34.0,1.0,34.0,9.0,5.0,6.0,0
1080,1.0,53437.0,0.0,0.0,0.0,0.0,0.0,0.0,1.0,51.0,1.0,26.0,18.0,4.0,2.0,0
1081,2.0,74567.0,2.0,1.0,0.0,0.0,0.0,0.0,0.0,38.0,4.0,1.0,43.0,1.0,8.0,0
1082,2.0,49347.0,1.0,0.0,1.0,0.0,0.0,0.0,0.0,27.0,1.0,23.0,12.0,9.0,5.0,0
1083,1.0,47393.0,2.0,0.0,1.0,0.0,0.0,1.0,0.0,30.0,1.0,30.0,3.0,1.0,3.0,0
1084,3.0,75480.0,1.0,0.0,1.0,0.0,0.0,1.0,1.0,27.0,2.0,32.0,18.0,8.0,10.0,0
1085,2.0,66412.0,1.0,0.0,1.0,0.0,0.0,0.0,1.0,53.0,2.0,29.0,38.0,9.0,7.0,0
1086,0.0,107459.0,0.0,0.0,1.0,0.0,0.0,0.0,1.0,43.0,4.0,27.0,7.0,1.0,2.0,0
1087,2.0,49641.0,1.0,0.0,0.0,0.0,1.0,0.0,0.0,41.0,1.0,30.0,33.0,7.0,5.0,0
1088,2.0,45931.0,2.0,0.0,0.0,0.0,1.0,0.0,0.0,39.0,2.0,10.0,6.0,7.0,8.0,0
1089,2.0,59626.0,0.0,0.0,0.0,0.0,1.0,0.0,0.0,39.0,3.0,22.0,18.0,0.0,1.0,0
1090,2.0,66160.0,1.0,0.0,0.0,0.0,1.0,0.0,0.0,56.0,4.0,1.0,22.0,0.0,1.0,0
1091,0.0,87329.0,0.0,0.0,1.0,0.0,0.0,1.0,0.0,49.0,3.0,26.0,39.0,3.0,3.0,0
1092,1.0,107586.0,1.0,0.0,1.0,0.0,0.0,0.0,1.0,38.0,4.0,34.0,9.0,1.0,3.0,0
1093,3.0,25582.0,1.0,0.0,0.0,0.0,1.0,1.0,0.0,22.0,1.0,1.0,35.0,0.0,7.0,1
1094,0.0,54276.0,1.0,0.0,0.0,1.0,0.0,1.0,0.0,21.0,2.0,20.0,23.0,8.0,6.0,0
1095,3.0,43519.0,2.0,0.0,0.0,0.0,1.0,0.0,0.0,25.0,2.0,4.0,12.0,2.0,7.0,0
1096,0.0,91428.0,1.0,0.0,0.0,0.0,0.0,0.0,0.0,40.0,4.0,20.0,24.0,0.0,4.0,0
1097,3.0,53912.0,1.0,0.0,1.0,0.0,0.0,1.0,1.0,31.0,1.0,28.0,40.0,1.0,2.0,0
1098,2.0,31591.0,1.0,1.0,0.0,0.0,0.0,0.0,0.0,22.0,1.0,19.0,9.0,7.0,2.0,0
1099,2.0,56080.0,1.0,0.0,0.0,0.0,1.0,0.0,0.0,23.0,2.0,19.0,13.0,4.0,10.0,0
1100,1.0,41722.0,1.0,0.0,1.0,0.0,0.0,1.0,1.0,43.0,1.0,24.0,40.0,6.0,1.0,1
1101,0.0,24499.0,1.0,1.0,0.0,0.0,0.0,1.0,1.0,32.0,1.0,1.0,42.0,5.0,9.0,0
1102,1.0,129973.0,1.0,0.0,0.0,1.0,0.0,1.0,0.0,40.0,5.0,31.0,17.0,0.0,7.0,0
1103,1.0,58604.0,1.0,0.0,1.0,0.0,0.0,0.0,0.0,25.0,2.0,25.0,7.0,5.0,10.0,0
1104,1.0,58780.0,1.0,0.0,0.0,1.0,0.0,1.0,1.0,57.0,3.0,5.0,17.0,6.0,3.0,0
1105,2.0,51766.0,2.0,0.0,0.0,0.0,1.0,0.0,0.0,58.0,3.0,2.0,24.0,3.0,2.0,0
1106,2.0,80101.0,2.0,0.0,0.0,0.0,0.0,1.0,1.0,50.0,2.0,32.0,2.0,7.0,3.0,0
1107,2.0,25629.0,1.0,0.0,1.0,0.0,0.0,1.0,0.0,29.0,1.0,0.0,35.0,7.0,7.0,1
1108,2.0,14150.0,1.0,0.0,0.0,0.0,0.0,1.0,1.0,54.0,1.0,4.0,28.0,6.0,5.0,0
1109,2.0,55360.0,1.0,0.0,0.0,0.0,1.0,0.0,1.0,55.0,2.0,12.0,19.0,1.0,3.0,0
1110,2.0,70660.0,1.0,0.0,1.0,0.0,0.0,0.0,0.0,42.0,3.0,18.0,33.0,5.0,9.0,0
1111,2.0,47682.0,2.0,0.0,1.0,0.0,0.0,1.0,1.0,44.0,2.0,11.0,21.0,5.0,2.0,0
1112,2.0,46993.0,2.0,0.0,0.0,0.0,0.0,1.0,0.0,37.0,1.0,24.0,10.0,6.0,7.0,0
1113,3.0,87699.0,1.0,1.0,0.0,0.0,0.0,1.0,1.0,30.0,2.0,34.0,9.0,5.0,10.0,0
1114,1.0,79176.0,1.0,0.0,0.0,1.0,0.0,0.0,0.0,50.0,4.0,11.0,38.0,1.0,6.0,0
1115,0.0,111808.0,0.0,0.0,0.0,0.0,1.0,1.0,1.0,43.0,4.0,29.0,6.0,7.0,6.0,0
1116,2.0,69770.0,1.0,0.0,0.0,0.0,0.0,0.0,0.0,52.0,4.0,4.0,42.0,3.0,7.0,0
1117,1.0,86156.0,2.0,0.0,0.0,1.0,0.0,1.0,0.0,37.0,3.0,33.0,35.0,8.0,6.0,0
1118,3.0,61370.0,1.0,0.0,0.0,0.0,0.0,1.0,1.0,37.0,2.0,21.0,18.0,7.0,2.0,0
1119,3.0,68530.0,1.0,0.0,1.0,0.0,0.0,1.0,0.0,34.0,3.0,12.0,19.0,2.0,5.0,0
1120,0.0,3406.0,1.0,0.0,1.0,0.0,0.0,1.0,1.0,29.0,1.0,2.0,5.0,2.0,3.0,0
1121,1.0,83757.0,1.0,0.0,0.0,1.0,0.0,1.0,0.0,22.0,3.0,19.0,25.0,7.0,9.0,0
1122,2.0,77165.0,1.0,0.0,0.0,0.0,1.0,1.0,1.0,45.0,3.0,30.0,11.0,1.0,8.0,0
1123,2.0,21924.0,1.0,0.0,1.0,0.0,0.0,0.0,0.0,59.0,1.0,4.0,10.0,8.0,10.0,0
1124,1.0,89565.0,1.0,0.0,1.0,0.0,0.0,1.0,0.0,29.0,3.0,23.0,17.0,3.0,2.0,0
1125,2.0,123655.0,1.0,0.0,0.0,0.0,0.0,0.0,0.0,42.0,4.0,32.0,36.0,5.0,1.0,0
1126,2.0,24221.0,2.0,0.0,0.0,0.0,1.0,1.0,0.0,24.0,1.0,7.0,26.0,2.0,4.0,0
1127,1.0,91002.0,0.0,0.0,1.0,0.0,0.0,1.0,0.0,46.0,4.0,23.0,31.0,2.0,4.0,0
1128,0.0,48543.0,2.0,0.0,0.0,0.0,0.0,0.0,0.0,49.0,1.0,19.0,32.0,2.0,10.0,0
1129,2.0,77190.0,1.0,0.0,0.0,0.0,1.0,1.0,0.0,54.0,3.0,15.0,21.0,9.0,2.0,0
1130,1.0,46266.0,1.0,0.0,0.0,1.0,0.0,0.0,0.0,43.0,2.0,11.0,18.0,1.0,7.0,0
1131,3.0,46705.0,2.0,0.0,0.0,0.0,1.0,0.0,1.0,57.0,2.0,12.0,18.0,7.0,3.0,0
1132,2.0,96495.0,1.0,1.0,0.0,0.0,0.0,1.0,0.0,31.0,4.0,24.0,1.0,8.0,7.0,0
1133,2.0,107132.0,2.0,0.0,0.0,0.0,1.0,0.0,0.0,26.0,4.0,31.0,14.0,7.0,7.0,0
1134,3.0,83496.0,1.0,0.0,0.0,0.0,1.0,0.0,0.0,38.0,3.0,23.0,8.0,9.0,1.0,0
1135,3.0,24203.0,1.0,0.0,0.0,1.0,0.0,1.0,0.0,41.0,1.0,8.0,2.0,2.0,6.0,0
1136,2.0,95762.0,1.0,1.0,0.0,0.0,0.0,0.0,1.0,56.0,4.0,22.0,15.0,6.0,4.0,0
1137,1.0,36247.0,2.0,0.0,1.0,0.0,0.0,1.0,0.0,58.0,1.0,12.0,34.0,9.0,8.0,0
1138,2.0,100305.0,2.0,0.0,0.0,0.0,1.0,1.0,1.0,54.0,4.0,31.0,36.0,1.0,8.0,0
1139,2.0,50544.0,1.0,0.0,1.0,0.0,0.0,1.0,1.0,37.0,2.0,14.0,1.0,3.0,3.0,0
1140,1.0,12744.0,1.0,0.0,1.0,0.0,0.0,1.0,1.0,57.0,1.0,4.0,21.0,5.0,4.0,0
1141,3.0,79850.0,1.0,1.0,0.0,0.0,0.0,0.0,0.0,45.0,3.0,21.0,42.0,4.0,1.0,1
1142,1.0,24363.0,2.0,1.0,0.0,0.0,0.0,1.0,1.0,58.0,1.0,15.0,1.0,8.0,10.0,0
1143,0.0,34140.0,1.0,0.0,0.0,1.0,0.0,1.0,1.0,32.0,1.0,9.0,32.0,9.0,2.0,0
1144,0.0,59626.0,1.0,1.0,0.0,0.0,0.0,0.0,0.0,43.0,2.0,23.0,20.0,3.0,7.0,0
1145,2.0,27764.0,1.0,0.0,1.0,0.0,0.0,1.0,1.0,42.0,1.0,17.0,36.0,4.0,7.0,0
1146,2.0,36218.0,1.0,1.0,0.0,0.0,0.0,1.0,1.0,41.0,1.0,17.0,39.0,3.0,9.0,0
1147,1.0,35466.0,1.0,0.0,0.0,0.0,0.0,0.0,1.0,47.0,1.0,6.0,30.0,7.0,10.0,0
1148,1.0,43867.0,2.0,1.0,0.0,0.0,0.0,0.0,0.0,51.0,2.0,3.0,7.0,7.0,9.0,0
1149,1.0,36466.0,1.0,0.0,1.0,0.0,0.0,0.0,0.0,26.0,1.0,25.0,22.0,2.0,9.0,0
1150,2.0,50741.0,2.0,0.0,0.0,0.0,1.0,0.0,1.0,47.0,3.0,4.0,10.0,0.0,6.0,0
1151,0.0,33626.0,0.0,0.0,0.0,1.0,0.0,0.0,0.0,54.0,1.0,15.0,8.0,5.0,8.0,0
1152,3.0,126230.0,1.0,1.0,0.0,0.0,0.0,0.0,0.0,32.0,4.0,34.0,27.0,1.0,9.0,0
1153,1.0,96366.0,1.0,0.0,0.0,0.0,0.0,0.0,1.0,27.0,4.0,25.0,10.0,1.0,7.0,0
1154,3.0,32814.0,1.0,0.0,1.0,0.0,0.0,1.0,1.0,30.0,1.0,17.0,14.0,2.0,4.0,0
1155,2.0,96764.0,2.0,0.0,0.0,0.0,1.0,0.0,0.0,37.0,3.0,28.0,11.0,7.0,4.0,0
1156,2.0,99569.0,0.0,0.0,0.0,0.0,0.0,0.0,0.0,46.0,4.0,22.0,6.0,2.0,6.0,0
1157,1.0,111918.0,0.0,1.0,0.0,0.0,0.0,0.0,1.0,41.0,5.0,13.0,21.0,6.0,4.0,0
1158,0.0,66437.0,1.0,0.0,0.0,1.0,0.0,1.0,1.0,48.0,3.0,14.0,33.0,9.0,7.0,0
1159,3.0,55790.0,0.0,0.0,0.0,1.0,0.0,1.0,0.0,22.0,1.0,32.0,19.0,9.0,8.0,0
1160,3.0,90693.0,2.0,0.0,0.0,1.0,0.0,0.0,1.0,21.0,3.0,24.0,39.0,8.0,8.0,1
1161,2.0,59626.0,1.0,0.0,0.0,0.0,1.0,0.0,0.0,56.0,3.0,20.0,24.0,7.0,8.0,0
1162,2.0,79938.0,1.0,0.0,0.0,0.0,0.0,0.0,0.0,46.0,3.0,16.0,18.0,0.0,2.0,0
1163,2.0,64723.0,0.0,0.0,1.0,0.0,0.0,1.0,0.0,49.0,2.0,22.0,35.0,6.0,10.0,0
1164,2.0,84962.0,1.0,0.0,0.0,1.0,0.0,1.0,1.0,41.0,4.0,16.0,43.0,6.0,2.0,0
1165,1.0,105502.0,1.0,0.0,1.0,0.0,0.0,0.0,0.0,31.0,5.0,13.0,37.0,7.0,2.0,0
1166,2.0,57488.0,0.0,0.0,0.0,0.0,0.0,1.0,1.0,31.0,1.0,28.0,19.0,9.0,2.0,0
1167,2.0,44816.0,1.0,0.0,1.0,0.0,0.0,0.0,0.0,56.0,1.0,19.0,24.0,4.0,4.0,0
1168,2.0,52558.0,1.0,0.0,1.0,0.0,0.0,1.0,0.0,59.0,1.0,29.0,34.0,9.0,5.0,0
1169,3.0,82249.0,2.0,0.0,0.0,0.0,1.0,1.0,0.0,55.0,4.0,18.0,22.0,8.0,4.0,0
1170,1.0,57624.0,1.0,0.0,0.0,0.0,0.0,0.0,0.0,54.0,3.0,12.0,4.0,8.0,5.0,0
1171,1.0,64900.0,1.0,0.0,1.0,0.0,0.0,0.0,0.0,44.0,3.0,17.0,10.0,7.0,4.0,0
1172,2.0,59337.0,2.0,0.0,1.0,0.0,0.0,0.0,0.0,42.0,2.0,22.0,2.0,5.0,7.0,0
1173,2.0,72137.0,2.0,0.0,0.0,0.0,0.0,0.0,0.0,25.0,2.0,32.0,8.0,5.0,10.0,0
1174,1.0,47547.0,2.0,0.0,1.0,0.0,0.0,1.0,0.0,53.0,2.0,17.0,33.0,0.0,1.0,1
1175,2.0,51735.0,2.0,0.0,0.0,0.0,1.0,1.0,0.0,56.0,2.0,8.0,38.0,5.0,1.0,0
1176,3.0,84817.0,1.0,0.0,1.0,0.0,0.0,1.0,0.0,40.0,3.0,32.0,43.0,3.0,2.0,0
1177,1.0,118976.0,1.0,0.0,1.0,0.0,0.0,0.0,0.0,39.0,5.0,31.0,28.0,3.0,1.0,0
1178,2.0,91729.0,1.0,0.0,1.0,0.0,0.0,1.0,1.0,55.0,4.0,16.0,10.0,1.0,10.0,0
1179,2.0,99443.0,1.0,0.0,0.0,0.0,1.0,0.0,0.0,37.0,4.0,18.0,1.0,3.0,10.0,0
1180,2.0,79529.0,2.0,0.0,0.0,0.0,1.0,1.0,0.0,54.0,2.0,26.0,34.0,4.0,3.0,0
1181,3.0,45495.0,1.0,1.0,0.0,0.0,0.0,0.0,0.0,29.0,2.0,5.0,3.0,4.0,6.0,0
1182,2.0,104278.0,1.0,0.0,0.0,0.0,0.0,0.0,0.0,46.0,3.0,34.0,9.0,4.0,10.0,0
1183,2.0,104327.0,1.0,0.0,0.0,0.0,1.0,1.0,1.0,22.0,4.0,33.0,5.0,3.0,6.0,0
1184,2.0,53758.0,1.0,0.0,1.0,0.0,0.0,0.0,1.0,29.0,1.0,19.0,42.0,0.0,1.0,0
1185,2.0,53631.0,2.0,0.0,0.0,1.0,0.0,0.0,1.0,29.0,2.0,24.0,10.0,9.0,6.0,0
1186,2.0,18576.0,1.0,0.0,0.0,0.0,1.0,1.0,1.0,37.0,1.0,3.0,12.0,7.0,5.0,0
1187,3.0,68163.0,1.0,0.0,1.0,0.0,0.0,0.0,0.0,21.0,3.0,9.0,18.0,2.0,7.0,0
1188,2.0,37168.0,2.0,0.0,0.0,0.0,0.0,0.0,0.0,45.0,2.0,9.0,21.0,1.0,6.0,0
1189,1.0,58037.0,1.0,0.0,0.0,1.0,0.0,0.0,0.0,45.0,2.0,23.0,21.0,8.0,7.0,0
1190,1.0,35484.0,2.0,0.0,0.0,0.0,0.0,1.0,0.0,59.0,1.0,20.0,1.0,6.0,2.0,0
1191,0.0,46138.0,1.0,0.0,0.0,0.0,0.0,1.0,1.0,55.0,2.0,10.0,3.0,8.0,1.0,0
1192,0.0,111729.0,1.0,0.0,0.0,0.0,0.0,0.0,1.0,23.0,4.0,26.0,5.0,1.0,7.0,0
1193,2.0,36100.0,2.0,0.0,1.0,0.0,0.0,1.0,1.0,57.0,1.0,15.0,25.0,8.0,9.0,0
1194,2.0,81221.0,1.0,0.0,0.0,0.0,0.0,0.0,0.0,50.0,3.0,25.0,8.0,9.0,2.0,0
1195,2.0,71494.0,1.0,0.0,0.0,0.0,1.0,0.0,0.0,58.0,3.0,29.0,17.0,8.0,7.0,0
1196,2.0,92800.0,1.0,0.0,0.0,1.0,0.0,0.0,1.0,54.0,4.0,15.0,9.0,8.0,3.0,0
1197,3.0,29940.0,2.0,0.0,1.0,0.0,0.0,0.0,1.0,32.0,1.0,6.0,32.0,9.0,6.0,0
1198,2.0,97799.0,0.0,0.0,1.0,0.0,0.0,0.0,1.0,39.0,5.0,15.0,6.0,9.0,3.0,0
1199,3.0,94398.0,2.0,0.0,0.0,0.0,1.0,1.0,0.0,57.0,3.0,34.0,40.0,3.0,10.0,0
1200,2.0,109158.0,1.0,0.0,0.0,0.0,0.0,0.0,0.0,37.0,5.0,15.0,21.0,9.0,5.0,0
1201,3.0,90987.0,1.0,0.0,0.0,0.0,1.0,1.0,0.0,30.0,4.0,11.0,7.0,2.0,2.0,0
1202,2.0,54451.0,2.0,0.0,0.0,1.0,0.0,1.0,0.0,32.0,1.0,34.0,7.0,5.0,8.0,0
1203,1.0,36747.0,1.0,0.0,0.0,0.0,0.0,0.0,0.0,36.0,1.0,20.0,39.0,2.0,8.0,0
1204,2.0,34461.0,1.0,0.0,0.0,0.0,1.0,0.0,1.0,44.0,1.0,16.0,27.0,8.0,7.0,0
1205,2.0,80906.0,2.0,0.0,0.0,0.0,0.0,1.0,0.0,39.0,2.0,31.0,8.0,2.0,6.0,0
1206,1.0,30263.0,2.0,0.0,0.0,0.0,0.0,1.0,0.0,28.0,1.0,5.0,9.0,1.0,1.0,0
1207,2.0,45471.0,1.0,0.0,1.0,0.0,0.0,1.0,0.0,51.0,1.0,23.0,28.0,7.0,8.0,0
1208,1.0,73318.0,1.0,1.0,0.0,0.0,0.0,0.0,0.0,41.0,2.0,26.0,15.0,5.0,1.0,0
1209,0.0,26587.0,2.0,0.0,0.0,0.0,1.0,1.0,0.0,37.0,1.0,19.0,2.0,7.0,8.0,0
1210,3.0,51549.0,2.0,0.0,0.0,0.0,1.0,0.0,0.0,43.0,1.0,24.0,7.0,6.0,2.0,0
1211,2.0,30487.0,2.0,1.0,0.0,0.0,0.0,0.0,1.0,57.0,2.0,1.0,18.0,2.0,8.0,0
1212,3.0,38202.0,1.0,0.0,0.0,1.0,0.0,0.0,0.0,36.0,1.0,8.0,22.0,7.0,10.0,0
1213,2.0,186042.0,2.0,0.0,0.0,0.0,1.0,1.0,1.0,26.0,2.0,27.0,20.0,9.0,4.0,0
1214,2.0,33283.0,1.0,0.0,0.0,0.0,0.0,0.0,1.0,28.0,2.0,2.0,33.0,0.0,7.0,1
1215,2.0,62174.0,0.0,1.0,0.0,0.0,0.0,0.0,0.0,45.0,2.0,19.0,7.0,0.0,5.0,0
1216,2.0,81953.0,1.0,0.0,1.0,0.0,0.0,0.0,0.0,38.0,4.0,5.0,3.0,9.0,8.0,0
1217,2.0,71722.0,1.0,0.0,0.0,0.0,0.0,0.0,1.0,45.0,2.0,32.0,14.0,7.0,6.0,0
1218,1.0,38228.0,1.0,0.0,0.0,1.0,0.0,0.0,0.0,32.0,2.0,0.0,44.0,8.0,5.0,0
1219,3.0,44972.0,1.0,1.0,0.0,0.0,0.0,1.0,0.0,35.0,2.0,5.0,36.0,9.0,1.0,0
1220,2.0,113958.0,0.0,0.0,1.0,0.0,0.0,0.0,1.0,46.0,4.0,33.0,13.0,5.0,3.0,0
1221,2.0,86372.0,1.0,0.0,1.0,0.0,0.0,0.0,0.0,46.0,4.0,14.0,16.0,4.0,10.0,0
1222,3.0,105031.0,0.0,0.0,0.0,0.0,1.0,1.0,0.0,52.0,4.0,25.0,16.0,1.0,9.0,0
1223,2.0,78038.0,1.0,1.0,0.0,0.0,0.0,0.0,0.0,30.0,3.0,13.0,5.0,8.0,9.0,0
1224,3.0,17847.0,0.0,0.0,1.0,0.0,0.0,1.0,0.0,36.0,1.0,6.0,25.0,5.0,5.0,0
1225,2.0,48959.0,0.0,0.0,1.0,0.0,0.0,0.0,1.0,27.0,1.0,30.0,38.0,7.0,3.0,0
1226,0.0,45763.0,1.0,0.0,0.0,0.0,0.0,1.0,0.0,37.0,1.0,23.0,38.0,8.0,6.0,0
1227,3.0,101662.0,1.0,1.0,0.0,0.0,0.0,1.0,0.0,43.0,4.0,30.0,38.0,8.0,5.0,0
1228,2.0,76779.0,2.0,0.0,1.0,0.0,0.0,0.0,0.0,46.0,3.0,28.0,39.0,7.0,1.0,0
1229,2.0,59626.0,2.0,0.0,1.0,0.0,0.0,0.0,1.0,41.0,3.0,31.0,41.0,9.0,2.0,0
1230,2.0,41827.0,2.0,0.0,0.0,0.0,0.0,0.0,0.0,42.0,2.0,16.0,26.0,7.0,5.0,0
1231,1.0,85185.0,1.0,0.0,0.0,1.0,0.0,1.0,0.0,27.0,4.0,13.0,13.0,2.0,9.0,0
1232,2.0,50153.0,1.0,0.0,1.0,0.0,0.0,1.0,1.0,34.0,1.0,23.0,44.0,2.0,4.0,0
1233,3.0,50800.0,0.0,0.0,0.0,0.0,0.0,1.0,0.0,35.0,1.0,26.0,26.0,1.0,9.0,0
1234,0.0,62476.0,2.0,1.0,0.0,0.0,0.0,0.0,0.0,27.0,2.0,24.0,1.0,0.0,3.0,0
1235,1.0,66615.0,0.0,0.0,1.0,0.0,0.0,1.0,1.0,29.0,2.0,31.0,8.0,3.0,1.0,0
1236,0.0,58463.0,1.0,1.0,0.0,0.0,0.0,1.0,0.0,28.0,2.0,17.0,4.0,1.0,6.0,0
1237,2.0,86469.0,1.0,0.0,1.0,0.0,0.0,0.0,0.0,43.0,4.0,17.0,21.0,1.0,10.0,0
1238,2.0,49595.0,1.0,0.0,0.0,0.0,0.0,1.0,0.0,49.0,1.0,25.0,22.0,4.0,7.0,0
1239,2.0,46445.0,2.0,0.0,0.0,1.0,0.0,1.0,0.0,38.0,2.0,8.0,37.0,3.0,4.0,0
1240,3.0,77706.0,2.0,0.0,0.0,0.0,1.0,0.0,0.0,51.0,2.0,34.0,3.0,0.0,10.0,0
1241,2.0,22558.0,2.0,0.0,1.0,0.0,0.0,1.0,0.0,50.0,1.0,7.0,19.0,8.0,5.0,0
1242,1.0,59626.0,1.0,0.0,1.0,0.0,0.0,0.0,0.0,59.0,4.0,19.0,1.0,3.0,4.0,0
1243,3.0,81349.0,2.0,0.0,0.0,0.0,1.0,0.0,1.0,55.0,3.0,21.0,29.0,4.0,3.0,0
1244,2.0,73927.0,1.0,0.0,0.0,0.0,1.0,0.0,0.0,38.0,3.0,18.0,23.0,6.0,1.0,0
1245,2.0,108385.0,2.0,1.0,0.0,0.0,0.0,0.0,1.0,59.0,4.0,29.0,33.0,1.0,6.0,0
1246,2.0,81753.0,1.0,0.0,0.0,0.0,1.0,0.0,1.0,37.0,3.0,27.0,41.0,7.0,10.0,0
1247,3.0,56482.0,1.0,0.0,0.0,0.0,1.0,1.0,1.0,34.0,1.0,34.0,23.0,1.0,5.0,0
1248,2.0,80351.0,1.0,0.0,0.0,0.0,1.0,1.0,0.0,51.0,3.0,10.0,5.0,9.0,1.0,0
1249,2.0,59626.0,1.0,1.0,0.0,0.0,0.0,0.0,1.0,44.0,2.0,30.0,7.0,4.0,5.0,0
1250,2.0,52333.0,2.0,0.0,0.0,0.0,0.0,0.0,1.0,55.0,1.0,29.0,6.0,1.0,6.0,0
1251,0.0,41663.0,2.0,0.0,1.0,0.0,0.0,1.0,1.0,54.0,1.0,22.0,22.0,1.0,10.0,0
1252,2.0,69362.0,1.0,0.0,0.0,1.0,0.0,0.0,1.0,23.0,3.0,18.0,13.0,3.0,5.0,0
1253,2.0,69726.0,1.0,0.0,1.0,0.0,0.0,0.0,0.0,57.0,3.0,11.0,12.0,3.0,1.0,0
1254,1.0,35018.0,1.0,0.0,0.0,0.0,0.0,0.0,0.0,46.0,1.0,14.0,4.0,7.0,5.0,0
1255,0.0,95466.0,2.0,0.0,0.0,1.0,0.0,1.0,1.0,43.0,3.0,30.0,8.0,5.0,10.0,0
1256,1.0,93663.0,1.0,0.0,1.0,0.0,0.0,1.0,0.0,59.0,4.0,14.0,37.0,9.0,1.0,0
1257,2.0,57004.0,0.0,0.0,1.0,0.0,0.0,0.0,0.0,35.0,1.0,28.0,31.0,7.0,3.0,0
1258,3.0,42490.0,1.0,0.0,0.0,0.0,0.0,0.0,0.0,24.0,1.0,25.0,37.0,6.0,2.0,0
1259,3.0,59045.0,0.0,0.0,0.0,0.0,1.0,1.0,0.0,49.0,3.0,1.0,26.0,9.0,1.0,1
1260,1.0,44791.0,2.0,1.0,0.0,0.0,0.0,1.0,0.0,42.0,1.0,19.0,43.0,3.0,4.0,0
1261,2.0,64673.0,1.0,0.0,1.0,0.0,0.0,0.0,1.0,45.0,3.0,14.0,8.0,1.0,2.0,0
1262,3.0,19688.0,1.0,0.0,1.0,0.0,0.0,0.0,0.0,33.0,1.0,3.0,40.0,8.0,5.0,0
1263,1.0,52463.0,2.0,0.0,0.0,0.0,1.0,1.0,0.0,38.0,2.0,21.0,33.0,1.0,10.0,0
1264,2.0,84417.0,0.0,0.0,0.0,1.0,0.0,1.0,0.0,53.0,3.0,22.0,29.0,0.0,1.0,0
1265,2.0,87990.0,1.0,0.0,1.0,0.0,0.0,1.0,0.0,36.0,3.0,25.0,5.0,7.0,10.0,0
1266,0.0,92582.0,1.0,0.0,1.0,0.0,0.0,0.0,1.0,22.0,4.0,10.0,28.0,9.0,1.0,0
1267,3.0,103027.0,1.0,0.0,0.0,1.0,0.0,1.0,0.0,55.0,4.0,27.0,40.0,8.0,10.0,0
1268,2.0,57908.0,1.0,0.0,1.0,0.0,0.0,0.0,0.0,54.0,3.0,1.0,17.0,0.0,4.0,0
1269,0.0,68326.0,2.0,0.0,0.0,1.0,0.0,1.0,0.0,50.0,3.0,7.0,23.0,6.0,7.0,0
1270,0.0,47076.0,2.0,0.0,1.0,0.0,0.0,1.0,1.0,33.0,1.0,28.0,9.0,1.0,2.0,0
1271,0.0,42564.0,2.0,0.0,0.0,0.0,1.0,1.0,0.0,33.0,2.0,10.0,2.0,5.0,2.0,0
1272,1.0,34062.0,2.0,0.0,0.0,0.0,0.0,1.0,0.0,38.0,1.0,17.0,32.0,4.0,1.0,1
1273,2.0,85504.0,1.0,0.0,1.0,0.0,0.0,0.0,0.0,52.0,4.0,13.0,31.0,0.0,5.0,0
1274,2.0,41576.0,1.0,0.0,0.0,0.0,0.0,0.0,0.0,52.0,2.0,9.0,7.0,1.0,6.0,0
1275,1.0,72721.0,1.0,0.0,0.0,1.0,0.0,1.0,0.0,55.0,2.0,34.0,30.0,1.0,6.0,0
1276,3.0,32885.0,2.0,0.0,0.0,0.0,0.0,0.0,1.0,59.0,1.0,8.0,3.0,9.0,2.0,0
1277,2.0,94221.0,1.0,0.0,1.0,0.0,0.0,1.0,1.0,49.0,3.0,34.0,9.0,9.0,7.0,0
1278,0.0,85840.0,1.0,0.0,0.0,1.0,0.0,1.0,1.0,49.0,4.0,10.0,10.0,5.0,6.0,0
1279,1.0,45895.0,1.0,0.0,1.0,0.0,0.0,1.0,0.0,36.0,2.0,11.0,26.0,0.0,8.0,0
1280,2.0,70701.0,1.0,0.0,1.0,0.0,0.0,1.0,1.0,30.0,4.0,2.0,1.0,3.0,6.0,0
1281,2.0,35313.0,1.0,0.0,0.0,1.0,0.0,0.0,0.0,50.0,1.0,13.0,30.0,9.0,9.0,0
1282,1.0,69156.0,2.0,0.0,0.0,0.0,1.0,1.0,0.0,45.0,2.0,27.0,38.0,4.0,10.0,0
1283,1.0,88667.0,1.0,0.0,0.0,0.0,0.0,1.0,1.0,59.0,4.0,10.0,15.0,1.0,2.0,0
1284,3.0,72609.0,2.0,0.0,0.0,1.0,0.0,0.0,1.0,40.0,2.0,24.0,25.0,1.0,7.0,0
1285,3.0,109851.0,1.0,0.0,0.0,0.0,0.0,1.0,1.0,25.0,5.0,20.0,6.0,6.0,5.0,0
1286,1.0,33967.0,1.0,0.0,1.0,0.0,0.0,1.0,0.0,21.0,1.0,9.0,18.0,6.0,1.0,0
1287,2.0,28321.0,2.0,0.0,0.0,0.0,0.0,1.0,1.0,50.0,1.0,14.0,1.0,5.0,3.0,0
1288,2.0,106042.0,2.0,0.0,1.0,0.0,0.0,0.0,1.0,23.0,4.0,18.0,3.0,0.0,4.0,0
1289,2.0,38482.0,0.0,0.0,0.0,1.0,0.0,1.0,0.0,34.0,1.0,21.0,17.0,2.0,2.0,0
1290,2.0,118143.0,1.0,0.0,0.0,0.0,1.0,0.0,0.0,50.0,5.0,20.0,8.0,8.0,7.0,0
1291,3.0,120676.0,1.0,0.0,0.0,0.0,1.0,1.0,1.0,24.0,5.0,31.0,40.0,9.0,1.0,0
1292,2.0,43487.0,1.0,1.0,0.0,0.0,0.0,1.0,0.0,38.0,1.0,22.0,17.0,0.0,3.0,0
1293,2.0,59674.0,1.0,0.0,1.0,0.0,0.0,0.0,0.0,57.0,2.0,12.0,25.0,1.0,9.0,0
1294,2.0,17893.0,2.0,0.0,1.0,0.0,0.0,1.0,0.0,45.0,1.0,4.0,41.0,7.0,2.0,0
1295,3.0,52825.0,1.0,0.0,0.0,0.0,0.0,1.0,0.0,21.0,2.0,3.0,12.0,6.0,5.0,0
1296,2.0,50368.0,1.0,0.0,1.0,0.0,0.0,0.0,1.0,35.0,1.0,27.0,29.0,8.0,4.0,1
1297,0.0,39454.0,1.0,0.0,1.0,0.0,0.0,0.0,0.0,29.0,1.0,13.0,25.0,9.0,3.0,0
1298,1.0,46817.0,2.0,0.0,0.0,0.0,1.0,0.0,0.0,35.0,2.0,7.0,36.0,3.0,5.0,0
1299,2.0,48342.0,2.0,0.0,1.0,0.0,0.0,0.0,1.0,44.0,2.0,8.0,25.0,3.0,6.0,0
1300,1.0,122243.0,1.0,0.0,1.0,0.0,0.0,0.0,0.0,24.0,5.0,34.0,29.0,6.0,1.0,0
1301,2.0,93162.0,1.0,0.0,0.0,0.0,1.0,1.0,0.0,32.0,4.0,20.0,11.0,0.0,2.0,0
1302,3.0,81575.0,2.0,1.0,0.0,0.0,0.0,0.0,1.0,57.0,3.0,17.0,4.0,9.0,1.0,0
1303,2.0,72334.0,1.0,0.0,0.0,0.0,1.0,1.0,1.0,57.0,2.0,32.0,14.0,8.0,3.0,0
1304,3.0,81232.0,1.0,0.0,0.0,0.0,1.0,1.0,0.0,26.0,4.0,7.0,38.0,1.0,8.0,0
1305,1.0,45915.0,2.0,0.0,1.0,0.0,0.0,1.0,1.0,59.0,2.0,16.0,17.0,0.0,8.0,0
1306,3.0,86774.0,2.0,0.0,0.0,0.0,1.0,0.0,0.0,44.0,3.0,30.0,2.0,6.0,4.0,0
1307,2.0,136338.0,1.0,0.0,0.0,0.0,0.0,0.0,1.0,31.0,5.0,33.0,8.0,5.0,6.0,0
1308,2.0,34304.0,1.0,0.0,0.0,0.0,0.0,1.0,1.0,33.0,2.0,5.0,36.0,2.0,9.0,1
1309,2.0,83502.0,1.0,0.0,1.0,0.0,0.0,0.0,0.0,54.0,3.0,21.0,10.0,0.0,7.0,0
1310,1.0,59626.0,1.0,0.0,0.0,1.0,0.0,0.0,0.0,45.0,4.0,13.0,7.0,4.0,2.0,0
1311,2.0,72984.0,1.0,0.0,1.0,0.0,0.0,0.0,0.0,27.0,4.0,2.0,36.0,9.0,2.0,0
1312,2.0,65520.0,1.0,0.0,1.0,0.0,0.0,0.0,0.0,24.0,3.0,11.0,16.0,3.0,3.0,0
1313,1.0,28253.0,0.0,0.0,0.0,1.0,0.0,1.0,1.0,28.0,1.0,11.0,14.0,4.0,8.0,0
1314,2.0,34788.0,1.0,0.0,0.0,0.0,1.0,1.0,0.0,40.0,2.0,1.0,16.0,0.0,10.0,0
1315,2.0,24778.0,1.0,0.0,0.0,1.0,0.0,0.0,0.0,49.0,1.0,1.0,25.0,0.0,9.0,0
1316,1.0,68207.0,1.0,0.0,0.0,0.0,1.0,1.0,1.0,30.0,3.0,14.0,41.0,4.0,3.0,1
1317,0.0,55245.0,1.0,0.0,1.0,0.0,0.0,0.0,0.0,54.0,1.0,22.0,4.0,5.0,9.0,0
1318,2.0,107397.0,1.0,0.0,0.0,0.0,1.0,0.0,1.0,46.0,4.0,28.0,29.0,4.0,10.0,0
1319,2.0,33742.0,1.0,0.0,0.0,0.0,0.0,1.0,0.0,23.0,1.0,16.0,6.0,1.0,8.0,0
1320,2.0,61040.0,1.0,0.0,1.0,0.0,0.0,1.0,0.0,26.0,1.0,31.0,1.0,8.0,5.0,0
1321,3.0,46943.0,2.0,0.0,0.0,0.0,0.0,1.0,0.0,25.0,2.0,6.0,39.0,4.0,10.0,0
1322,2.0,78874.0,1.0,1.0,0.0,0.0,0.0,0.0,0.0,25.0,3.0,29.0,1.0,4.0,3.0,0
1323,2.0,44193.0,2.0,1.0,0.0,0.0,0.0,1.0,0.0,43.0,1.0,27.0,40.0,9.0,7.0,0
1324,2.0,50907.0,1.0,0.0,0.0,0.0,1.0,0.0,1.0,29.0,2.0,13.0,3.0,8.0,9.0,0
1325,2.0,61298.0,1.0,1.0,0.0,0.0,0.0,1.0,0.0,55.0,2.0,29.0,1.0,2.0,6.0,0
1326,1.0,49743.0,0.0,0.0,0.0,1.0,0.0,1.0,1.0,40.0,1.0,16.0,1.0,4.0,3.0,0
1327,2.0,60133.0,1.0,1.0,0.0,0.0,0.0,0.0,0.0,55.0,1.0,31.0,39.0,4.0,5.0,0
1328,2.0,77920.0,2.0,0.0,0.0,0.0,0.0,0.0,0.0,38.0,4.0,5.0,21.0,1.0,7.0,0
1329,0.0,61543.0,2.0,0.0,0.0,0.0,0.0,0.0,0.0,37.0,2.0,23.0,30.0,3.0,8.0,0
1330,2.0,20402.0,2.0,1.0,0.0,0.0,0.0,0.0,1.0,44.0,1.0,5.0,32.0,1.0,4.0,0
1331,3.0,91415.0,1.0,0.0,1.0,0.0,0.0,0.0,0.0,23.0,4.0,26.0,33.0,4.0,2.0,0
1332,2.0,100002.0,1.0,0.0,0.0,0.0,1.0,0.0,0.0,52.0,5.0,17.0,22.0,9.0,10.0,0
1333,2.0,59626.0,1.0,0.0,0.0,0.0,1.0,0.0,1.0,55.0,3.0,23.0,30.0,1.0,2.0,0
1334,3.0,73041.0,1.0,0.0,0.0,0.0,1.0,0.0,0.0,58.0,2.0,23.0,4.0,9.0,3.0,0
1335,2.0,108145.0,1.0,0.0,1.0,0.0,0.0,1.0,1.0,33.0,4.0,33.0,23.0,8.0,8.0,0
1336,1.0,112247.0,2.0,0.0,1.0,0.0,0.0,0.0,0.0,45.0,5.0,14.0,44.0,9.0,1.0,0
1337,1.0,69038.0,2.0,0.0,1.0,0.0,0.0,0.0,1.0,29.0,3.0,10.0,25.0,5.0,7.0,1
1338,2.0,64945.0,1.0,0.0,1.0,0.0,0.0,1.0,0.0,24.0,2.0,21.0,12.0,7.0,6.0,0
1339,2.0,73048.0,1.0,1.0,0.0,0.0,0.0,0.0,1.0,34.0,3.0,23.0,17.0,8.0,2.0,0
1340,1.0,43150.0,1.0,0.0,1.0,0.0,0.0,1.0,1.0,57.0,3.0,0.0,15.0,7.0,9.0,0
1341,1.0,59626.0,1.0,0.0,0.0,0.0,0.0,1.0,0.0,54.0,1.0,17.0,10.0,4.0,5.0,0
1342,3.0,37324.0,1.0,0.0,0.0,0.0,1.0,0.0,1.0,31.0,2.0,11.0,35.0,4.0,2.0,0
1343,2.0,103510.0,2.0,0.0,0.0,0.0,1.0,1.0,0.0,23.0,4.0,27.0,29.0,5.0,3.0,0
1344,3.0,58993.0,1.0,0.0,0.0,0.0,0.0,0.0,1.0,48.0,3.0,6.0,12.0,0.0,7.0,0
1345,2.0,59639.0,1.0,1.0,0.0,0.0,0.0,1.0,0.0,49.0,2.0,22.0,1.0,7.0,7.0,0
1346,3.0,79886.0,1.0,0.0,1.0,0.0,0.0,1.0,0.0,29.0,3.0,20.0,1.0,1.0,10.0,0
1347,1.0,53534.0,0.0,1.0,0.0,0.0,0.0,1.0,1.0,23.0,1.0,33.0,10.0,5.0,1.0,1
1348,2.0,50374.0,2.0,1.0,0.0,0.0,0.0,0.0,1.0,45.0,2.0,10.0,18.0,8.0,10.0,0
1349,0.0,80046.0,1.0,0.0,0.0,0.0,1.0,0.0,0.0,54.0,3.0,21.0,2.0,2.0,4.0,0
1350,2.0,71392.0,2.0,0.0,0.0,0.0,1.0,1.0,0.0,32.0,1.0,34.0,8.0,1.0,6.0,0
1351,2.0,43287.0,1.0,0.0,1.0,0.0,0.0,1.0,0.0,29.0,1.0,28.0,22.0,9.0,8.0,0
1352,2.0,122575.0,1.0,0.0,1.0,0.0,0.0,0.0,0.0,35.0,5.0,27.0,22.0,4.0,3.0,0
1353,3.0,40988.0,0.0,0.0,0.0,0.0,0.0,0.0,0.0,45.0,1.0,17.0,26.0,8.0,3.0,0
1354,3.0,32061.0,1.0,0.0,0.0,1.0,0.0,1.0,1.0,25.0,1.0,13.0,26.0,5.0,8.0,0
1355,0.0,102377.0,2.0,0.0,1.0,0.0,0.0,1.0,1.0,31.0,5.0,17.0,9.0,7.0,8.0,0
1356,2.0,93942.0,2.0,0.0,0.0,0.0,0.0,0.0,1.0,54.0,3.0,27.0,21.0,7.0,8.0,0
1357,2.0,83621.0,2.0,1.0,0.0,0.0,0.0,0.0,1.0,44.0,3.0,23.0,31.0,6.0,1.0,0
1358,2.0,72798.0,1.0,0.0,1.0,0.0,0.0,0.0,1.0,35.0,4.0,7.0,43.0,4.0,8.0,0
1359,3.0,29032.0,2.0,0.0,0.0,0.0,0.0,0.0,0.0,58.0,1.0,7.0,6.0,1.0,8.0,0
1360,1.0,67809.0,2.0,1.0,0.0,0.0,0.0,0.0,0.0,28.0,3.0,3.0,14.0,9.0,2.0,0
1361,3.0,66982.0,0.0,0.0,1.0,0.0,0.0,1.0,0.0,25.0,2.0,26.0,33.0,9.0,9.0,0
1362,1.0,76786.0,2.0,0.0,0.0,0.0,1.0,0.0,1.0,46.0,4.0,4.0,7.0,4.0,7.0,0
1363,2.0,83808.0,1.0,0.0,1.0,0.0,0.0,1.0,0.0,38.0,2.0,32.0,24.0,6.0,8.0,0
1364,2.0,87777.0,1.0,0.0,0.0,1.0,0.0,0.0,0.0,26.0,3.0,33.0,9.0,6.0,2.0,0
1365,1.0,81165.0,1.0,0.0,0.0,1.0,0.0,1.0,0.0,57.0,2.0,29.0,11.0,1.0,4.0,0
1366,1.0,50237.0,2.0,0.0,0.0,0.0,0.0,0.0,1.0,33.0,2.0,7.0,23.0,6.0,7.0,0
1367,3.0,78454.0,1.0,0.0,0.0,0.0,0.0,0.0,1.0,48.0,3.0,25.0,2.0,5.0,6.0,0
1368,2.0,89590.0,1.0,0.0,1.0,0.0,0.0,1.0,1.0,25.0,3.0,33.0,15.0,6.0,7.0,0
1369,1.0,58051.0,1.0,0.0,1.0,0.0,0.0,1.0,1.0,33.0,3.0,6.0,35.0,7.0,1.0,1
1370,2.0,57398.0,1.0,0.0,0.0,0.0,1.0,0.0,0.0,37.0,2.0,27.0,36.0,3.0,8.0,0
1371,2.0,69962.0,1.0,0.0,1.0,0.0,0.0,0.0,1.0,52.0,2.0,27.0,28.0,0.0,7.0,0
1372,1.0,64326.0,1.0,0.0,1.0,0.0,0.0,0.0,1.0,49.0,3.0,13.0,39.0,7.0,4.0,0
1373,2.0,77379.0,1.0,0.0,0.0,1.0,0.0,0.0,0.0,23.0,4.0,3.0,44.0,7.0,1.0,0
1374,0.0,66654.0,2.0,0.0,1.0,0.0,0.0,0.0,0.0,54.0,3.0,17.0,4.0,2.0,8.0,0
1375,3.0,59626.0,2.0,0.0,1.0,0.0,0.0,1.0,0.0,47.0,4.0,24.0,10.0,2.0,10.0,0
1376,2.0,83625.0,2.0,0.0,1.0,0.0,0.0,1.0,0.0,33.0,4.0,6.0,6.0,4.0,7.0,0
1377,3.0,64164.0,1.0,0.0,1.0,0.0,0.0,0.0,0.0,53.0,2.0,27.0,30.0,2.0,8.0,0
1378,2.0,60957.0,1.0,0.0,0.0,0.0,0.0,1.0,1.0,26.0,3.0,4.0,35.0,4.0,10.0,0
1379,3.0,74897.0,1.0,0.0,0.0,0.0,1.0,1.0,0.0,44.0,4.0,2.0,43.0,7.0,1.0,0
1380,2.0,98893.0,0.0,0.0,1.0,0.0,0.0,1.0,0.0,39.0,3.0,30.0,10.0,0.0,5.0,0
1381,2.0,88605.0,2.0,0.0,0.0,0.0,0.0,0.0,0.0,36.0,4.0,19.0,32.0,1.0,9.0,0
1382,3.0,74686.0,1.0,0.0,1.0,0.0,0.0,1.0,1.0,48.0,3.0,18.0,42.0,1.0,5.0,0
1383,2.0,44155.0,2.0,0.0,0.0,0.0,1.0,0.0,0.0,53.0,2.0,10.0,42.0,3.0,10.0,0
1384,0.0,20668.0,0.0,0.0,1.0,0.0,0.0,1.0,1.0,33.0,1.0,2.0,3.0,8.0,3.0,0
1385,2.0,65599.0,2.0,0.0,0.0,0.0,0.0,0.0,0.0,45.0,2.0,22.0,26.0,1.0,9.0,0
1386,3.0,93289.0,1.0,0.0,0.0,0.0,1.0,1.0,1.0,56.0,5.0,6.0,15.0,8.0,9.0,0
1387,2.0,78215.0,0.0,0.0,0.0,0.0,0.0,0.0,1.0,47.0,3.0,22.0,17.0,6.0,4.0,1
1388,2.0,48996.0,1.0,0.0,0.0,0.0,0.0,0.0,0.0,58.0,2.0,6.0,27.0,9.0,4.0,0
1389,2.0,119743.0,1.0,0.0,1.0,0.0,0.0,1.0,0.0,27.0,4.0,33.0,18.0,7.0,8.0,0
1390,3.0,78561.0,1.0,0.0,0.0,1.0,0.0,0.0,0.0,25.0,3.0,18.0,19.0,0.0,7.0,0
1391,0.0,44772.0,1.0,0.0,0.0,0.0,0.0,0.0,1.0,51.0,2.0,8.0,12.0,4.0,5.0,0
1392,2.0,73001.0,1.0,0.0,0.0,0.0,0.0,0.0,1.0,43.0,3.0,17.0,24.0,8.0,6.0,0
1393,1.0,86088.0,2.0,0.0,0.0,0.0,0.0,0.0,0.0,30.0,3.0,24.0,5.0,3.0,3.0,0
1394,2.0,34966.0,1.0,0.0,0.0,0.0,1.0,0.0,0.0,52.0,1.0,13.0,24.0,1.0,6.0,0
1395,2.0,54906.0,1.0,0.0,0.0,0.0,1.0,0.0,0.0,50.0,2.0,24.0,27.0,5.0,8.0,0
1396,1.0,61034.0,1.0,0.0,1.0,0.0,0.0,0.0,0.0,59.0,2.0,18.0,30.0,1.0,10.0,0
1397,1.0,47636.0,1.0,0.0,0.0,0.0,1.0,0.0,0.0,51.0,2.0,14.0,15.0,2.0,9.0,0
1398,2.0,45498.0,1.0,0.0,1.0,0.0,0.0,1.0,0.0,38.0,2.0,15.0,38.0,7.0,3.0,0
1399,1.0,57189.0,1.0,0.0,0.0,1.0,0.0,1.0,0.0,56.0,2.0,26.0,44.0,2.0,8.0,0
1400,1.0,27503.0,1.0,0.0,0.0,0.0,0.0,0.0,0.0,22.0,1.0,9.0,34.0,1.0,3.0,1
1401,3.0,33500.0,1.0,0.0,1.0,0.0,0.0,0.0,1.0,34.0,2.0,3.0,27.0,5.0,2.0,0
1402,1.0,25641.0,1.0,0.0,0.0,1.0,0.0,1.0,0.0,33.0,1.0,18.0,20.0,2.0,5.0,0
1403,2.0,66249.0,1.0,0.0,0.0,0.0,0.0,1.0,0.0,49.0,2.0,27.0,41.0,0.0,4.0,0
1404,3.0,59626.0,1.0,0.0,1.0,0.0,0.0,1.0,0.0,32.0,4.0,20.0,32.0,2.0,5.0,0
1405,1.0,68700.0,0.0,0.0,0.0,0.0,1.0,0.0,0.0,59.0,3.0,13.0,4.0,5.0,6.0,0
1406,2.0,70626.0,1.0,0.0,1.0,0.0,0.0,1.0,1.0,22.0,2.0,32.0,5.0,2.0,3.0,0
1407,2.0,39775.0,1.0,0.0,0.0,0.0,0.0,0.0,0.0,52.0,1.0,9.0,8.0,8.0,1.0,0
1408,2.0,42704.0,0.0,0.0,1.0,0.0,0.0,0.0,0.0,33.0,1.0,18.0,22.0,6.0,4.0,0
1409,3.0,67802.0,1.0,0.0,1.0,0.0,0.0,1.0,1.0,47.0,2.0,29.0,42.0,4.0,6.0,1
1410,3.0,42818.0,0.0,0.0,0.0,0.0,1.0,0.0,1.0,37.0,1.0,21.0,7.0,1.0,2.0,0
1411,2.0,46887.0,2.0,0.0,0.0,0.0,0.0,0.0,1.0,51.0,2.0,2.0,22.0,8.0,2.0,0
1412,1.0,44139.0,1.0,0.0,0.0,0.0,0.0,0.0,0.0,54.0,1.0,17.0,30.0,4.0,1.0,0
1413,0.0,75622.0,0.0,0.0,0.0,0.0,0.0,0.0,0.0,44.0,4.0,10.0,37.0,6.0,9.0,0
1414,2.0,31354.0,0.0,0.0,0.0,1.0,0.0,1.0,0.0,55.0,2.0,1.0,16.0,8.0,3.0,0
1415,1.0,26508.0,1.0,0.0,0.0,0.0,0.0,1.0,1.0,26.0,1.0,11.0,15.0,3.0,2.0,0
1416,2.0,75361.0,1.0,0.0,0.0,1.0,0.0,0.0,0.0,39.0,4.0,5.0,5.0,8.0,4.0,0
1417,2.0,66027.0,2.0,0.0,0.0,1.0,0.0,0.0,1.0,50.0,2.0,28.0,3.0,0.0,6.0,0
1418,0.0,53004.0,2.0,0.0,0.0,0.0,0.0,1.0,1.0,27.0,1.0,29.0,23.0,5.0,1.0,0
1419,3.0,41614.0,1.0,0.0,1.0,0.0,0.0,0.0,0.0,30.0,2.0,1.0,10.0,1.0,9.0,0
1420,1.0,69015.0,1.0,0.0,0.0,0.0,1.0,1.0,0.0,52.0,3.0,8.0,5.0,7.0,9.0,0
1421,2.0,53239.0,2.0,0.0,1.0,0.0,0.0,0.0,1.0,54.0,3.0,1.0,23.0,4.0,8.0,0
1422,2.0,41791.0,2.0,0.0,1.0,0.0,0.0,0.0,1.0,48.0,1.0,28.0,15.0,2.0,6.0,0
1423,2.0,68157.0,1.0,1.0,0.0,0.0,0.0,1.0,1.0,35.0,2.0,32.0,18.0,1.0,4.0,0
1424,2.0,25681.0,1.0,1.0,0.0,0.0,0.0,1.0,0.0,50.0,1.0,9.0,25.0,7.0,2.0,0
1425,0.0,50129.0,1.0,0.0,0.0,1.0,0.0,1.0,0.0,57.0,1.0,33.0,8.0,6.0,8.0,0
1426,2.0,87245.0,1.0,0.0,0.0,1.0,0.0,1.0,0.0,49.0,4.0,7.0,31.0,8.0,7.0,0
1427,2.0,85322.0,1.0,0.0,0.0,0.0,0.0,0.0,0.0,42.0,3.0,32.0,21.0,7.0,4.0,0
1428,3.0,45702.0,2.0,0.0,1.0,0.0,0.0,1.0,0.0,24.0,2.0,5.0,2.0,3.0,3.0,0
1429,2.0,65508.0,1.0,0.0,0.0,0.0,1.0,0.0,1.0,40.0,3.0,18.0,22.0,1.0,6.0,0
1430,2.0,59143.0,2.0,0.0,0.0,0.0,1.0,1.0,0.0,52.0,1.0,31.0,8.0,1.0,1.0,0
1431,2.0,102364.0,1.0,1.0,0.0,0.0,0.0,1.0,0.0,56.0,4.0,26.0,23.0,1.0,2.0,0
1432,3.0,27075.0,1.0,0.0,0.0,0.0,1.0,0.0,1.0,24.0,1.0,0.0,32.0,5.0,7.0,1
1433,1.0,49610.0,1.0,0.0,0.0,0.0,1.0,1.0,1.0,47.0,1.0,32.0,8.0,6.0,3.0,0
1434,2.0,69815.0,1.0,0.0,0.0,1.0,0.0,1.0,1.0,37.0,2.0,31.0,4.0,5.0,1.0,0
1435,2.0,56577.0,1.0,0.0,0.0,0.0,0.0,1.0,1.0,32.0,3.0,4.0,30.0,1.0,2.0,0
1436,2.0,54284.0,1.0,1.0,0.0,0.0,0.0,1.0,0.0,42.0,2.0,16.0,19.0,3.0,10.0,0
1437,1.0,24324.0,2.0,0.0,0.0,0.0,1.0,0.0,0.0,37.0,1.0,7.0,23.0,2.0,10.0,0
1438,2.0,73639.0,2.0,0.0,1.0,0.0,0.0,0.0,0.0,30.0,2.0,33.0,18.0,3.0,9.0,0
1439,1.0,43541.0,1.0,0.0,0.0,0.0,1.0,1.0,0.0,21.0,2.0,8.0,29.0,4.0,7.0,0
1440,2.0,31972.0,1.0,0.0,0.0,1.0,0.0,1.0,0.0,42.0,1.0,22.0,23.0,6.0,7.0,0
1441,2.0,118760.0,1.0,0.0,1.0,0.0,0.0,1.0,0.0,46.0,4.0,34.0,33.0,8.0,10.0,0
1442,3.0,42366.0,2.0,0.0,1.0,0.0,0.0,0.0,1.0,38.0,1.0,6.0,18.0,1.0,8.0,0
1443,2.0,54589.0,1.0,1.0,0.0,0.0,0.0,0.0,1.0,34.0,2.0,14.0,44.0,7.0,8.0,0
1444,1.0,59626.0,0.0,0.0,0.0,0.0,1.0,0.0,0.0,49.0,3.0,19.0,33.0,2.0,9.0,0
1445,1.0,40592.0,0.0,0.0,1.0,0.0,0.0,0.0,1.0,32.0,1.0,24.0,7.0,8.0,2.0,0
1446,3.0,60079.0,1.0,0.0,0.0,0.0,0.0,1.0,1.0,56.0,3.0,2.0,28.0,9.0,8.0,0
1447,1.0,101912.0,1.0,0.0,1.0,0.0,0.0,1.0,0.0,55.0,4.0,23.0,1.0,3.0,8.0,0
1448,2.0,55894.0,2.0,0.0,0.0,0.0,1.0,1.0,0.0,32.0,1.0,33.0,39.0,2.0,5.0,1
1449,1.0,101720.0,2.0,0.0,1.0,0.0,0.0,0.0,1.0,27.0,4.0,21.0,34.0,9.0,5.0,0
1450,2.0,35616.0,1.0,0.0,1.0,0.0,0.0,1.0,0.0,49.0,2.0,10.0,39.0,5.0,4.0,0
1451,2.0,30924.0,1.0,0.0,0.0,1.0,0.0,0.0,0.0,31.0,1.0,7.0,19.0,9.0,5.0,0
1452,2.0,78226.0,1.0,1.0,0.0,0.0,0.0,0.0,1.0,53.0,2.0,34.0,31.0,8.0,2.0,0
1453,2.0,38424.0,2.0,1.0,0.0,0.0,0.0,1.0,1.0,26.0,2.0,7.0,13.0,6.0,2.0,0
1454,3.0,76600.0,1.0,0.0,1.0,0.0,0.0,1.0,0.0,35.0,3.0,26.0,24.0,3.0,5.0,0
1455,2.0,87127.0,1.0,0.0,1.0,0.0,0.0,1.0,1.0,52.0,3.0,27.0,5.0,2.0,3.0,0
1456,2.0,360129.0,1.0,0.0,1.0,0.0,0.0,0.0,1.0,31.0,4.0,33.0,46.0,9.0,1.0,0
1457,3.0,125831.0,1.0,0.0,1.0,0.0,0.0,0.0,0.0,43.0,5.0,31.0,19.0,3.0,9.0,0
1458,3.0,65683.0,1.0,0.0,1.0,0.0,0.0,1.0,0.0,46.0,3.0,14.0,1.0,2.0,2.0,0
1459,1.0,74347.0,1.0,0.0,0.0,1.0,0.0,1.0,1.0,54.0,3.0,16.0,33.0,2.0,10.0,0
1460,2.0,85325.0,1.0,0.0,1.0,0.0,0.0,0.0,1.0,54.0,2.0,32.0,33.0,8.0,2.0,0
1461,0.0,56587.0,1.0,0.0,0.0,1.0,0.0,1.0,1.0,49.0,2.0,15.0,32.0,3.0,4.0,0
1462,2.0,54836.0,1.0,0.0,1.0,0.0,0.0,0.0,0.0,24.0,1.0,28.0,28.0,8.0,2.0,0
1463,3.0,70936.0,1.0,0.0,0.0,1.0,0.0,0.0,1.0,37.0,3.0,8.0,37.0,9.0,7.0,1
1464,1.0,77235.0,1.0,0.0,0.0,0.0,0.0,1.0,0.0,55.0,2.0,32.0,41.0,4.0,10.0,0
1465,1.0,46914.0,1.0,1.0,0.0,0.0,0.0,1.0,0.0,33.0,1.0,28.0,12.0,6.0,1.0,0
1466,1.0,21932.0,1.0,0.0,0.0,1.0,0.0,1.0,1.0,59.0,1.0,12.0,9.0,4.0,2.0,0
1467,2.0,54470.0,2.0,0.0,0.0,0.0,1.0,1.0,0.0,35.0,2.0,20.0,11.0,0.0,5.0,0
1468,2.0,71371.0,0.0,0.0,0.0,1.0,0.0,0.0,0.0,49.0,3.0,20.0,33.0,1.0,2.0,0
1469,2.0,44755.0,1.0,0.0,1.0,0.0,0.0,0.0,0.0,49.0,2.0,4.0,19.0,4.0,9.0,0
1470,3.0,69590.0,1.0,0.0,0.0,0.0,1.0,0.0,1.0,31.0,3.0,9.0,42.0,5.0,4.0,1
1471,2.0,43053.0,1.0,0.0,1.0,0.0,0.0,1.0,0.0,52.0,2.0,5.0,34.0,6.0,9.0,0
1472,1.0,60787.0,1.0,0.0,0.0,1.0,0.0,0.0,0.0,22.0,3.0,12.0,7.0,1.0,1.0,0
1473,3.0,28719.0,1.0,0.0,0.0,0.0,1.0,1.0,0.0,34.0,1.0,0.0,31.0,9.0,1.0,0
1474,1.0,38302.0,1.0,0.0,1.0,0.0,0.0,1.0,1.0,40.0,1.0,19.0,2.0,8.0,1.0,0
1475,1.0,66020.0,1.0,0.0,0.0,0.0,0.0,1.0,0.0,42.0,3.0,7.0,19.0,5.0,4.0,0
1476,0.0,47095.0,2.0,0.0,0.0,0.0,0.0,1.0,1.0,31.0,2.0,9.0,38.0,1.0,9.0,0
1477,2.0,28851.0,2.0,0.0,1.0,0.0,0.0,1.0,1.0,47.0,1.0,8.0,32.0,1.0,8.0,0
1478,1.0,59626.0,2.0,0.0,0.0,0.0,1.0,1.0,0.0,23.0,2.0,2.0,10.0,2.0,7.0,0
1479,1.0,25823.0,2.0,0.0,0.0,0.0,1.0,0.0,0.0,37.0,1.0,10.0,41.0,0.0,1.0,0
1480,1.0,57032.0,2.0,0.0,1.0,0.0,0.0,1.0,0.0,48.0,2.0,11.0,8.0,8.0,3.0,0
1481,2.0,37322.0,1.0,0.0,1.0,0.0,0.0,0.0,0.0,49.0,2.0,9.0,26.0,9.0,9.0,0
1482,2.0,76568.0,1.0,0.0,0.0,1.0,0.0,0.0,0.0,41.0,3.0,24.0,30.0,3.0,9.0,0
1483,3.0,108554.0,0.0,0.0,0.0,0.0,1.0,1.0,0.0,36.0,4.0,24.0,11.0,4.0,5.0,0
1484,2.0,33540.0,1.0,0.0,1.0,0.0,0.0,1.0,0.0,57.0,1.0,10.0,41.0,6.0,6.0,0
1485,1.0,135242.0,2.0,0.0,0.0,0.0,1.0,1.0,0.0,40.0,5.0,25.0,20.0,0.0,6.0,0
1486,1.0,52010.0,1.0,0.0,0.0,0.0,1.0,0.0,0.0,26.0,2.0,13.0,20.0,2.0,10.0,0
1487,3.0,64202.0,1.0,0.0,1.0,0.0,0.0,1.0,0.0,39.0,3.0,0.0,9.0,2.0,4.0,0
1488,0.0,46455.0,1.0,0.0,1.0,0.0,0.0,0.0,0.0,25.0,3.0,3.0,8.0,1.0,1.0,0
1489,3.0,80318.0,2.0,0.0,1.0,0.0,0.0,1.0,0.0,23.0,3.0,29.0,15.0,7.0,5.0,0
1490,1.0,54573.0,1.0,0.0,0.0,1.0,0.0,1.0,0.0,21.0,2.0,11.0,34.0,4.0,1.0,0
1491,3.0,66357.0,2.0,0.0,1.0,0.0,0.0,0.0,1.0,58.0,2.0,34.0,24.0,0.0,1.0,0
1492,1.0,31215.0,1.0,0.0,0.0,1.0,0.0,0.0,1.0,35.0,1.0,12.0,33.0,1.0,5.0,0
1493,2.0,59626.0,1.0,0.0,0.0,1.0,0.0,1.0,0.0,54.0,1.0,30.0,41.0,0.0,5.0,0
1494,2.0,65407.0,1.0,0.0,1.0,0.0,0.0,0.0,1.0,55.0,2.0,22.0,41.0,5.0,7.0,0
1495,2.0,39666.0,1.0,0.0,0.0,0.0,0.0,0.0,1.0,45.0,2.0,3.0,40.0,8.0,2.0,0
1496,1.0,59626.0,0.0,0.0,1.0,0.0,0.0,0.0,0.0,44.0,2.0,15.0,27.0,6.0,6.0,0
1497,2.0,26413.0,1.0,0.0,0.0,0.0,1.0,0.0,1.0,32.0,1.0,6.0,21.0,4.0,2.0,0
1498,2.0,82663.0,2.0,0.0,0.0,0.0,0.0,0.0,1.0,38.0,3.0,21.0,5.0,2.0,10.0,0
1499,0.0,101634.0,1.0,0.0,0.0,0.0,1.0,1.0,0.0,35.0,4.0,28.0,35.0,7.0,5.0,0
1500,2.0,69770.0,1.0,0.0,0.0,0.0,0.0,0.0,0.0,52.0,4.0,4.0,42.0,3.0,7.0,0
1501,2.0,89590.0,1.0,0.0,1.0,0.0,0.0,1.0,1.0,25.0,3.0,33.0,15.0,6.0,7.0,0
1502,1.0,48111.0,1.0,0.0,1.0,0.0,0.0,1.0,0.0,55.0,1.0,23.0,31.0,9.0,8.0,0
1503,0.0,56422.0,1.0,0.0,0.0,0.0,1.0,0.0,1.0,44.0,1.0,34.0,43.0,9.0,6.0,0
1504,1.0,43357.0,2.0,0.0,0.0,0.0,0.0,0.0,1.0,45.0,1.0,17.0,23.0,2.0,1.0,0
1505,2.0,23249.0,1.0,1.0,0.0,0.0,0.0,1.0,0.0,50.0,1.0,3.0,37.0,3.0,4.0,0
1506,3.0,46341.0,1.0,0.0,1.0,0.0,0.0,1.0,0.0,28.0,1.0,26.0,39.0,7.0,4.0,0
1507,1.0,91144.0,1.0,0.0,0.0,1.0,0.0,1.0,1.0,28.0,4.0,17.0,39.0,1.0,9.0,0
1508,1.0,34062.0,2.0,0.0,0.0,0.0,0.0,1.0,0.0,38.0,1.0,17.0,32.0,4.0,1.0,1
1509,2.0,99532.0,1.0,0.0,1.0,0.0,0.0,0.0,0.0,40.0,4.0,31.0,38.0,7.0,7.0,0
1510,2.0,120606.0,2.0,0.0,0.0,0.0,0.0,0.0,0.0,45.0,5.0,25.0,27.0,3.0,2.0,0
1511,3.0,27075.0,1.0,0.0,0.0,0.0,1.0,0.0,1.0,24.0,1.0,0.0,32.0,5.0,7.0,1
1512,2.0,62257.0,2.0,0.0,0.0,0.0,1.0,0.0,0.0,52.0,2.0,30.0,23.0,5.0,4.0,0
1513,3.0,74686.0,1.0,0.0,1.0,0.0,0.0,1.0,1.0,48.0,3.0,18.0,42.0,1.0,5.0,0
1514,0.0,38054.0,1.0,0.0,0.0,1.0,0.0,0.0,0.0,46.0,1.0,8.0,1.0,9.0,7.0,0
1515,2.0,57908.0,1.0,0.0,1.0,0.0,0.0,0.0,0.0,54.0,3.0,1.0,17.0,0.0,4.0,0
1516,3.0,66357.0,2.0,0.0,1.0,0.0,0.0,0.0,1.0,58.0,2.0,34.0,24.0,0.0,1.0,0
1517,1.0,42899.0,1.0,0.0,0.0,0.0,1.0,1.0,0.0,22.0,2.0,12.0,13.0,0.0,5.0,0
