EmployeeID,Age,Gender,Department,JobLevel,YearsAtCompany,MonthlyIncome,Overtime,WorkLifeBalance,DistanceFromHome,NumCompaniesWorked,TrainingHours,PerformanceRating,SatisfactionScore,Attrition,BadgeNumber
10001,59,Female,Marketing,3,2,56742.0,No,Good,41,4,78.0,High,2,No,322779
10002,49,Female,Marketing,3,11,68908.0,No,Excellent,9,3,,High,1,No,826765
10003,35,Male,Finance,1,1,15867.0,No,Good,7,0,30.0,Average,7,No,880169
10004,28,Female,Sales,1,13,33731.0,Yes,Good,41,8,79.0,High,2,No,695795
10005,41,Female,Sales,4,15,94723.0,No,Excellent,1,9,75.0,Average,4,No,423455
10006,59,Female,Sales,3,18,76377.0,No,Good,2,3,21.0,Average,4,No,965925
10007,39,Male,Sales,1,33,57856.0,Yes,Fair,4,2,11.0,High,10,No,826864
10008,43,Male,HR,3,5,62965.0,No,Fair,14,5,60.0,Average,1,No,842149
10009,31,Male,Marketing,3,12,72400.0,Yes,Good,32,0,68.0,Average,2,No,846837
10010,31,Male,IT,2,21,,Yes,Good,36,4,24.0,Average,1,No,287729
10011,44,Female,Sales,5,17,107554.0,Yes,Good,2,6,42.0,Average,6,No,828543
10012,56,Male,HR,3,11,68335.0,Yes,Good,40,1,79.0,High,3,Yes,518715
10013,44,Male,Sales,2,29,61236.0,Yes,Good,14,9,62.0,Average,1,No,393929
10014,23,Female,Sales,4,6,77938.0,No,Excellent,20,8,20.0,Average,8,No,444137
10015,42,Female,Sales,4,31,94370.0,No,Good,25,5,55.0,Average,4,No,960968
10016,22,Female,Sales,1,18,29545.0,No,Fair,42,1,31.0,High,10,No,807390
10017,44,Male,Finance,1,5,13042.0,Yes,Excellent,8,7,55.0,Average,7,No,268981
10018,50,Male,Marketing,1,19,47084.0,Yes,Fair,28,7,79.0,Average,10,No,356219
10019,58,Male,HR,3,26,85283.0,No,Good,21,0,20.0,Average,2,No,921326
10020,22,Female,IT,3,6,53627.0,No,Excellent,23,0,64.0,Average,6,No,227210
10021,41,Female,Finance,3,4,61746.0,Yes,Good,32,0,44.0,Average,6,No,708412
10022,53,Male,Sales,4,10,89931.0,No,Good,8,3,71.0,Low,7,No,958438
10023,32,Female,Sales,3,14,73850.0,No,Good,31,3,6.0,Average,1,No,639761
10024,42,Female,Marketing,1,2,19267.0,No,Good,37,7,52.0,Average,1,No,181697
10025,45,Female,Sales,2,4,42194.0,No,Good,16,0,56.0,Average,2,No,120063
10026,47,Male,IT,2,22,67808.0,Yes,Good,40,9,28.0,Average,2,No,882977
10027,48,Female,IT,2,8,42784.0,No,Good,42,2,6.0,Average,5,No,615993
10028,36,Female,HR,3,14,70979.0,Yes,Good,27,0,69.0,Average,1,No,178444
10029,35,Male,HR,4,2,72856.0,No,Fair,40,8,24.0,Average,2,No,636138
10030,23,Male,Finance,2,28,59919.0,Yes,Good,41,9,38.0,Average,6,No,887416
10031,57,Female,Sales,2,5,47499.0,No,Good,18,8,45.0,High,3,No,674738
10032,27,Female,Sales,3,16,85543.0,Yes,Good,35,6,45.0,Average,4,No,812060
10033,41,Male,Finance,2,25,60757.0,No,Good,15,7,79.0,Low,1,No,697011
10034,29,Male,IT,1,20,47776.0,No,Good,27,0,27.0,High,5,No,619840
10035,59,Female,Sales,2,7,39348.0,No,Good,17,4,42.0,Average,4,No,193392
10036,38,Female,Marketing,1,20,42796.0,No,Good,40,1,48.0,Low,8,No,120339
10037,24,Female,HR,4,10,93048.0,No,Excellent,2,0,71.0,High,3,No,733437
10038,45,Female,Finance,1,7,,No,Fair,31,2,66.0,Average,10,No,662769
10039,34,Male,Finance,2,23,63511.0,No,,37,6,16.0,Average,1,No,295423
10040,29,Female,IT,2,34,65990.0,No,Fair,41,0,34.0,Average,10,No,283911
10041,46,Female,IT,5,13,101614.0,No,Poor,41,1,69.0,Average,5,Yes,426380
10042,22,Male,Marketing,1,13,22162.0,No,Excellent,34,1,45.0,High,1,No,966051
10043,40,Female,Sales,1,9,31375.0,No,Fair,34,3,24.0,Average,5,No,803647
10044,48,Male,Finance,1,11,36189.0,No,Good,3,2,10.0,Low,9,No,684594
10045,27,Female,Sales,1,33,56270.0,No,Excellent,17,2,79.0,High,5,No,340514
10046,28,Female,HR,1,9,,No,Excellent,14,9,8.0,High,2,No,649723
10047,55,Male,HR,3,16,71245.0,No,Excellent,14,4,14.0,Average,2,No,560837
10048,34,Male,Marketing,1,16,,Yes,Fair,38,2,55.0,Average,10,No,655125
10049,37,Female,Marketing,1,2,21176.0,No,Good,35,6,42.0,Low,9,No,860197
10050,56,Female,Sales,4,30,96086.0,No,,1,4,5.0,High,5,No,135495
10051,24,Female,Sales,2,0,41639.0,No,Good,29,3,12.0,Low,8,No,664048
10052,22,Male,Finance,2,11,46862.0,No,Excellent,4,2,67.0,Low,10,No,212489
10053,26,Female,IT,2,3,31977.0,Yes,Good,33,3,37.0,Average,4,Yes,122084
10054,24,Male,Sales,5,12,101766.0,No,Good,17,1,19.0,Average,2,No,268530
10055,49,Male,IT,1,33,46187.0,No,Good,28,0,35.0,Low,4,No,953033
10056,38,Female,IT,4,20,88500.0,No,Good,26,2,25.0,Average,4,No,683639
10057,46,Male,Marketing,3,21,80057.0,Yes,Excellent,8,1,7.0,Average,9,No,802921
10058,54,Female,Sales,1,3,22960.0,No,Poor,34,0,70.0,Average,10,No,881441
10059,30,Female,IT,5,17,112238.0,No,Good,18,0,39.0,Low,6,No,805563
10060,56,Female,IT,1,4,22819.0,Yes,Excellent,31,1,45.0,Average,10,No,329096
10061,34,Female,Finance,1,18,35442.0,Yes,Good,27,8,,Average,6,No,895252
10062,51,Female,IT,4,1,72873.0,Yes,Poor,16,4,20.0,High,5,No,157232
10063,35,Male,IT,3,11,64576.0,No,Good,10,8,60.0,Average,6,No,511973
10064,28,Male,Sales,3,16,63445.0,Yes,Fair,40,7,49.0,Average,1,No,408732
10065,34,Female,Finance,1,9,24165.0,Yes,Fair,12,5,63.0,Low,5,No,581898
10066,43,Female,IT,2,33,80937.0,No,Excellent,22,0,54.0,Low,6,No,108058
10067,41,Male,Sales,3,5,69529.0,Yes,Good,16,9,16.0,Average,8,No,450532
10068,36,Male,IT,2,7,48307.0,Yes,,12,4,16.0,Average,4,No,441798
10069,38,Male,Sales,2,10,57262.0,No,,11,0,37.0,Average,5,No,267814
10070,44,Male,Sales,1,11,31712.0,No,Good,20,6,53.0,Average,4,Yes,224063
10071,46,Female,Marketing,1,8,38054.0,No,Poor,1,9,25.0,Average,7,No,172195
10072,45,Female,IT,4,1,85526.0,No,Good,27,7,64.0,Average,10,No,288052
10073,49,Male,Finance,2,7,33999.0,No,Fair,3,7,56.0,High,6,No,170377
10074,35,Female,HR,5,10,103328.0,No,Excellent,12,6,58.0,Average,4,No,486301
10075,21,Male,Finance,2,9,47318.0,Yes,Fair,30,1,43.0,Average,6,No,773695
10076,45,Female,Sales,3,20,226365.0,Yes,Fair,18,4,53.0,Average,4,No,579057
10077,27,Male,HR,1,19,43751.0,No,Good,37,3,68.0,Average,8,No,300032
10078,29,Female,Marketing,2,7,44646.0,No,Fair,1,4,30.0,High,3,No,147501
10079,44,Male,Finance,1,28,47187.0,No,Fair,42,9,,High,8,No,418021
10080,21,Male,IT,2,11,49040.0,No,Good,4,8,11.0,Average,2,No,114538
10081,28,Female,HR,2,13,58827.0,No,Poor,15,3,76.0,Average,6,No,740147
10082,44,Male,Marketing,5,20,115095.0,Yes,Poor,27,7,66.0,Average,8,No,472956
10083,31,Female,IT,3,21,82961.0,Yes,Good,8,7,28.0,High,1,No,628057
10084,37,Female,Finance,1,20,40337.0,No,Good,23,1,44.0,Average,6,No,918018
10085,28,Male,Finance,1,29,166536.0,No,Good,30,5,51.0,Average,9,No,971983
10086,55,Female,Sales,1,19,33544.0,No,Good,27,4,12.0,Average,10,No,724902
10087,55,Female,Sales,2,23,60601.0,Yes,Good,31,1,58.0,Average,10,Yes,954311
10088,53,Female,IT,3,22,79783.0,No,Good,39,9,13.0,Average,2,No,152219
10089,25,Female,Sales,4,6,71541.0,No,Excellent,8,3,7.0,Average,1,No,921539
10090,59,Female,Sales,1,8,22618.0,Yes,Poor,30,6,58.0,Average,2,No,493899
10091,48,Male,Marketing,2,0,37878.0,No,Good,42,0,25.0,Low,5,No,715275
10092,27,Female,IT,2,25,66778.0,No,Excellent,18,8,52.0,High,6,No,428734
10093,29,Female,Finance,3,21,84038.0,Yes,Excellent,4,9,51.0,High,1,No,947529
10094,28,Female,IT,2,9,43196.0,No,Fair,43,0,72.0,High,7,No,320203
10095,32,Female,IT,3,5,60345.0,Yes,Fair,22,4,67.0,Average,4,No,818762
10096,54,Female,Sales,3,16,69168.0,No,Good,3,6,20.0,High,9,No,217290
10097,53,Male,HR,1,23,49836.0,Yes,Poor,15,7,78.0,Average,6,No,317006
10098,43,Female,HR,3,9,71944.0,No,Excellent,35,1,9.0,Average,9,No,516901
10099,44,Male,HR,1,7,29299.0,No,Good,38,3,15.0,Average,1,Yes,952316
10100,57,Male,Finance,3,20,84367.0,No,Good,33,1,33.0,Average,4,No,456570
10101,55,Male,HR,2,5,42194.0,No,Fair,14,3,74.0,Average,2,No,509578
10102,42,Male,IT,2,20,64833.0,No,Good,1,5,52.0,High,6,No,461470
10103,47,Female,HR,4,23,100052.0,No,Good,26,5,19.0,Low,4,No,100503
10104,55,Male,Sales,4,32,104250.0,No,Excellent,8,1,38.0,Average,9,No,796405
10105,21,Male,IT,4,17,93880.0,No,Poor,16,3,64.0,Average,3,No,603034
10106,55,Female,Sales,2,27,62428.0,No,Poor,38,3,66.0,Average,1,No,900008
10107,57,Female,Sales,3,31,105234.0,No,Good,10,0,6.0,Average,1,No,919722
10108,34,Female,Sales,2,11,47195.0,No,Fair,42,1,23.0,Average,9,No,291567
10109,23,Male,HR,4,26,107070.0,No,Good,37,2,53.0,High,9,No,898316
10110,21,Female,Finance,2,9,46725.0,No,Excellent,26,4,32.0,Average,5,No,544876
10111,25,Female,Sales,5,31,119798.0,Yes,Good,28,7,52.0,Average,2,No,754325
10112,46,Male,HR,4,25,90608.0,Yes,,12,5,41.0,Average,9,No,780565
10113,34,Female,IT,3,24,87294.0,Yes,Poor,20,2,78.0,High,8,No,950171
10114,59,Female,Sales,1,10,39296.0,No,Fair,14,5,53.0,High,10,No,746399
10115,47,Female,Marketing,1,22,39991.0,No,Poor,35,6,52.0,Average,10,No,887700
10116,29,Female,IT,4,33,101659.0,No,Fair,29,5,77.0,Average,6,No,953144
10117,35,Male,IT,1,22,42449.0,No,Excellent,12,9,33.0,Average,7,No,511232
10118,35,Female,IT,4,28,99977.0,No,Poor,18,5,64.0,High,6,No,161939
10119,46,Female,Sales,2,30,68098.0,No,Good,44,0,33.0,High,5,No,178281
10120,33,Male,IT,2,6,,Yes,Good,2,2,,Average,4,No,308569
10121,52,Female,HR,4,32,110097.0,Yes,Excellent,2,6,52.0,Average,7,No,988349
10122,59,Male,Marketing,3,20,73022.0,No,Fair,17,3,27.0,High,4,No,797072
10123,52,Female,Sales,2,1,40731.0,No,Fair,10,3,31.0,Average,10,No,227744
10124,24,Male,IT,2,17,60401.0,No,Poor,18,6,11.0,Average,10,No,204894
10125,50,Male,IT,2,32,72377.0,Yes,Good,22,8,53.0,Average,10,No,348160
10126,57,Male,Sales,3,33,94427.0,No,,19,1,58.0,Average,9,No,499984
10127,43,Male,HR,1,19,43923.0,Yes,Excellent,1,8,72.0,High,5,No,290286
10128,59,Female,Finance,4,34,115356.0,Yes,Good,24,2,46.0,Average,8,No,512188
10129,35,Male,Finance,4,17,92643.0,Yes,Good,36,5,78.0,Average,6,Yes,591841
10130,49,Female,HR,2,23,216585.0,Yes,Good,50,3,63.0,Average,4,No,304234
10131,56,Male,Finance,3,7,65896.0,Yes,,36,0,48.0,Low,3,No,687700
10132,33,Male,Marketing,2,29,68095.0,Yes,Good,31,8,30.0,Average,6,No,276353
10133,52,Male,Marketing,2,9,44131.0,No,Excellent,31,5,27.0,Average,1,No,783763
10134,27,Female,Sales,5,22,113051.0,Yes,Excellent,2,7,,Average,2,No,194568
10135,42,Male,Finance,1,10,33792.0,Yes,Excellent,19,1,12.0,Average,7,No,392370
10136,48,Female,HR,1,1,15463.0,Yes,Excellent,12,6,57.0,Average,4,No,936417
10137,22,Female,Marketing,2,25,63450.0,No,Fair,10,5,18.0,Average,5,No,784143
10138,26,Female,IT,2,32,80748.0,Yes,Fair,31,1,75.0,Average,10,No,567155
10139,48,Female,Sales,3,12,69549.0,No,Poor,22,1,11.0,High,1,No,994184
10140,48,Female,Finance,3,24,89991.0,No,Fair,23,3,,Average,2,No,588371
10141,40,Female,HR,3,3,62388.0,Yes,Fair,23,3,7.0,High,4,No,608062
10142,50,Female,Marketing,3,18,68539.0,No,,15,2,21.0,Average,8,No,299227
10143,31,Female,Marketing,1,17,37787.0,Yes,Good,26,7,48.0,High,10,No,622100
10144,48,Female,IT,2,29,76739.0,No,Excellent,3,6,50.0,High,4,No,166883
10145,45,Male,Sales,1,18,32266.0,No,Good,23,1,62.0,Average,3,No,221501
10146,59,Male,IT,1,22,46918.0,Yes,Excellent,20,2,32.0,High,3,Yes,914220
10147,53,Male,Sales,2,15,,Yes,Poor,40,9,18.0,High,5,Yes,723502
10148,21,Male,Sales,1,0,7471.0,No,Poor,39,8,13.0,Average,3,Yes,107166
10149,47,Male,Finance,1,11,31917.0,No,Good,8,4,30.0,Average,8,No,528435
10150,33,Female,Sales,1,23,40575.0,Yes,Fair,18,1,6.0,Average,5,No,820801
10151,23,Female,HR,4,33,104594.0,No,Fair,41,2,79.0,High,7,No,996731
10152,59,Female,Marketing,4,7,80454.0,No,Fair,6,7,38.0,Average,8,No,362547
10153,26,Female,HR,3,17,62814.0,No,Fair,27,3,23.0,Average,5,No,568785
10154,28,Female,HR,4,4,72754.0,Yes,Good,36,1,43.0,Low,8,No,127224
10155,47,Female,Marketing,3,25,99307.0,No,Good,15,1,17.0,Average,3,No,838970
10156,29,Female,Sales,3,29,92701.0,No,Good,37,5,9.0,Average,7,No,103485
10157,57,Male,Finance,1,12,27111.0,Yes,Good,5,7,54.0,Average,8,No,474199
10158,53,Male,Marketing,3,18,84024.0,No,Good,39,6,27.0,Average,7,No,437128
10159,44,Male,Marketing,3,28,81647.0,No,Fair,9,3,33.0,Average,2,No,689779
10160,35,Male,IT,3,2,53077.0,No,Fair,7,1,76.0,Low,8,No,579424
10161,52,Female,HR,3,25,77106.0,Yes,Fair,41,8,30.0,Average,6,No,965378
10162,52,Female,Sales,2,11,50736.0,No,Good,20,3,61.0,Average,10,No,376406
10163,44,Female,Finance,3,1,63411.0,No,Good,10,8,5.0,Average,3,No,979728
10164,32,Male,Marketing,4,10,78005.0,No,Good,26,4,32.0,Average,4,No,568586
10165,59,Female,IT,2,27,56037.0,Yes,Fair,4,6,66.0,Average,7,No,591031
10166,22,Female,Sales,3,17,,No,,38,4,51.0,Average,3,No,521144
10167,23,Female,Sales,2,12,59722.0,No,Good,24,1,,Low,1,No,883335
10168,57,Male,Sales,3,21,67229.0,Yes,Good,14,5,35.0,Average,6,No,294251
10169,37,Female,Finance,3,11,69960.0,No,Good,41,6,74.0,High,3,No,870570
10170,22,Male,IT,1,1,20559.0,No,Good,1,5,53.0,Average,10,No,841725
10171,22,Male,Marketing,3,6,56475.0,Yes,Good,17,2,,High,6,No,581595
10172,48,Male,Finance,1,25,39633.0,No,Good,24,9,35.0,High,10,No,228716
10173,43,Male,Sales,3,25,,No,Fair,27,7,41.0,Average,3,No,221774
10174,57,Female,IT,2,23,64674.0,Yes,Good,7,2,19.0,Average,6,No,396856
10175,52,Male,IT,3,11,68726.0,Yes,Fair,9,4,56.0,Average,4,No,578707
10176,53,Male,IT,1,15,32269.0,Yes,Poor,43,8,73.0,Average,4,Yes,658616
10177,21,Female,Finance,3,22,75588.0,Yes,Excellent,35,4,15.0,Average,10,No,262704
10178,39,Female,Finance,1,8,12870.0,No,Excellent,12,6,47.0,High,10,No,923947
10179,22,Male,Finance,4,31,107831.0,Yes,Poor,21,6,74.0,Low,2,No,424218
10180,46,Female,Sales,4,14,97432.0,No,Good,3,4,,High,4,No,303762
10181,52,Male,Sales,5,12,99058.0,No,Fair,15,1,44.0,Low,4,No,296019
10182,26,Male,Finance,3,4,49665.0,Yes,Good,21,4,67.0,High,7,No,521386
10183,52,Male,Sales,3,10,68613.0,No,Excellent,10,6,6.0,Average,5,No,933289
10184,24,Male,HR,1,9,32520.0,No,Excellent,33,6,77.0,Average,8,No,936176
10185,31,Female,Sales,2,12,46884.0,No,Good,6,3,51.0,Average,7,No,983131
10186,37,Male,IT,2,14,50707.0,Yes,Good,2,0,34.0,Average,10,No,832981
10187,58,Female,Sales,3,6,62783.0,Yes,,29,5,20.0,Average,9,No,323852
10188,44,Female,IT,4,27,103466.0,No,,40,2,63.0,High,8,No,105327
10189,25,Female,Marketing,1,31,61200.0,No,Excellent,33,4,51.0,Low,9,No,816606
10190,54,Female,Sales,4,34,127423.0,No,Excellent,4,3,34.0,High,1,No,182675
10191,26,Male,Sales,3,14,,No,Good,4,1,13.0,Average,10,No,322483
10192,42,Female,HR,3,20,85378.0,Yes,Fair,29,6,69.0,High,3,No,395408
10193,31,Male,Marketing,1,5,24631.0,No,Fair,37,4,63.0,Average,5,No,440740
10194,36,Female,Sales,1,0,26329.0,Yes,Poor,20,6,68.0,Average,9,No,774165
10195,53,Female,HR,2,3,43946.0,Yes,Excellent,41,8,12.0,High,8,No,855262
10196,29,Male,Sales,3,10,66366.0,No,Good,23,3,56.0,Average,10,No,653143
10197,26,Male,Finance,1,25,52560.0,Yes,Fair,18,4,22.0,Average,7,No,890559
10198,36,Male,IT,2,22,60035.0,No,Good,25,8,62.0,Low,2,Yes,221704
10199,49,Female,Finance,4,28,100954.0,No,Excellent,1,9,53.0,Average,6,No,400463
10200,23,Female,Marketing,4,20,100865.0,Yes,Fair,15,3,36.0,Average,4,No,955558
10201,40,Male,Sales,4,26,98134.0,No,Excellent,34,4,52.0,Average,5,No,899405
10202,56,Male,Finance,2,12,54254.0,No,Excellent,20,4,49.0,Average,5,No,313453
10203,39,Male,Sales,2,22,62584.0,No,Excellent,37,7,58.0,Average,4,No,596486
10204,46,Male,Marketing,3,15,58023.0,Yes,Good,27,3,50.0,Average,4,No,279159
10205,23,Female,IT,2,29,67353.0,Yes,Fair,22,3,35.0,Average,4,No,550927
10206,39,Male,Marketing,1,3,23609.0,No,Good,5,6,41.0,Average,2,No,127281
10207,40,Male,Sales,1,15,33563.0,Yes,Fair,34,4,20.0,High,1,No,247621
10208,52,Male,Sales,2,30,56719.0,Yes,Fair,39,5,50.0,High,2,No,226566
10209,27,Male,HR,1,24,54724.0,No,Good,3,5,50.0,Low,7,No,947858
10210,53,Female,HR,2,11,50216.0,Yes,Good,17,5,65.0,High,1,No,651911
10211,59,Male,Sales,1,25,50662.0,No,Excellent,24,9,50.0,Average,6,No,855392
10212,38,Female,HR,1,32,160680.0,Yes,Poor,48,4,55.0,Average,4,No,713904
10213,21,Male,Sales,3,27,89588.0,No,Good,3,4,66.0,Average,2,No,235769
10214,31,Male,IT,3,8,74608.0,No,Good,7,8,39.0,Average,3,No,377874
10215,48,Female,Finance,3,11,62789.0,Yes,Good,25,7,46.0,Average,7,No,259317
10216,45,Male,IT,1,4,32802.0,Yes,Excellent,3,3,49.0,Average,6,No,131313
10217,43,Female,Sales,1,27,52791.0,No,Good,15,6,72.0,Low,6,No,839453
10218,51,Female,IT,3,34,89583.0,No,Excellent,29,7,79.0,Average,8,No,952005
10219,50,Male,Sales,3,4,72074.0,No,Fair,29,8,51.0,Low,8,No,153595
10220,55,Female,Marketing,2,33,77949.0,Yes,Good,10,4,34.0,Average,6,No,654196
10221,27,Female,Sales,2,33,79658.0,Yes,Poor,32,2,28.0,Average,1,No,992222
10222,36,Female,Finance,4,12,84783.0,No,Poor,23,3,70.0,Average,10,No,926080
10223,46,Female,Marketing,2,13,46822.0,No,Fair,39,9,47.0,Low,7,No,485757
10224,22,Female,Finance,2,10,49006.0,No,Fair,9,5,38.0,Average,8,No,661577
10225,21,Female,IT,3,3,67088.0,No,Fair,37,9,27.0,Average,5,No,293782
10226,32,Female,Finance,2,32,72542.0,No,Fair,40,4,65.0,High,4,No,239911
10227,25,Female,Marketing,2,6,43039.0,No,Poor,14,8,41.0,High,7,No,196541
10228,57,Male,IT,2,7,53137.0,Yes,Excellent,4,2,17.0,Average,6,No,824198
10229,52,Male,IT,3,9,62998.0,No,Poor,20,1,75.0,Average,6,No,763871
10230,29,Female,IT,1,14,37861.0,No,Good,28,5,11.0,Low,3,No,186527
10231,55,Male,IT,1,14,40064.0,Yes,Fair,14,6,46.0,High,10,No,754856
10232,39,Female,IT,2,4,39619.0,No,Excellent,44,4,42.0,Average,4,No,466816
10233,36,Female,IT,4,28,107459.0,No,Excellent,34,0,56.0,Low,5,No,995481
10234,23,Male,Sales,1,18,43566.0,No,Good,13,2,48.0,Average,9,No,755160
10235,40,Female,Sales,5,9,98394.0,No,Good,31,2,68.0,Low,8,No,241020
10236,44,Female,Sales,2,11,54094.0,No,Poor,33,3,17.0,Average,3,No,668926
10237,53,Female,Sales,5,3,90318.0,Yes,Excellent,39,9,32.0,Average,6,No,849250
10238,44,Female,Sales,4,30,103949.0,No,Excellent,28,5,5.0,Average,10,No,761233
10239,31,Male,IT,2,17,47237.0,No,Excellent,25,4,47.0,Average,1,No,786821
10240,28,Female,HR,1,15,32979.0,No,Good,32,0,46.0,Average,3,No,304106
10241,56,Female,Finance,1,24,41906.0,Yes,Fair,9,5,54.0,Average,10,No,451236
10242,58,Female,Sales,1,22,41994.0,Yes,Excellent,28,8,64.0,Average,7,No,591358
10243,40,Male,Sales,3,11,70871.0,No,Fair,31,0,5.0,High,7,No,127091
10244,55,Female,Finance,1,33,47245.0,No,Good,17,7,55.0,Average,2,No,957603
10245,45,Male,IT,2,2,26551.0,No,Poor,23,7,20.0,Average,3,No,808359
10246,55,Male,Sales,2,8,41105.0,No,Excellent,13,2,43.0,Average,7,No,879177
10247,45,Female,Marketing,4,17,95167.0,No,Fair,10,8,19.0,Average,6,No,919964
10248,49,Female,Marketing,1,34,60533.0,No,Fair,16,7,,Average,7,No,515906
10249,38,Male,HR,1,33,53009.0,No,Good,6,2,57.0,Average,10,No,379180
10250,38,Female,HR,1,13,40616.0,No,Good,11,9,21.0,Average,9,No,407184
10251,22,Male,Marketing,4,3,71649.0,No,Good,3,4,10.0,Average,8,No,549412
10252,55,Male,IT,3,28,90374.0,No,Fair,28,2,35.0,Average,6,No,275634
10253,36,Female,IT,1,14,32623.0,No,Poor,41,4,73.0,Average,4,No,896753
10254,56,Female,Finance,1,27,45187.0,No,Good,15,8,44.0,Average,10,No,129152
10255,53,Male,HR,1,15,32369.0,Yes,Excellent,13,3,34.0,Average,9,No,710172
10256,24,Male,IT,1,11,35604.0,No,Excellent,42,5,73.0,Low,7,No,448675
10257,53,Male,Sales,4,4,78966.0,Yes,Good,17,2,11.0,Average,5,No,417055
10258,34,Male,Finance,3,33,99408.0,No,Excellent,7,2,17.0,Low,2,No,976730
10259,41,Female,IT,2,0,38165.0,No,Good,28,4,8.0,Average,9,No,493361
10260,40,Female,IT,4,31,99532.0,No,Good,38,7,54.0,Average,7,No,694925
10261,28,Female,Sales,1,25,60686.0,No,Good,13,7,7.0,High,9,No,235319
10262,27,Female,Sales,3,16,75451.0,Yes,Good,17,2,16.0,High,9,No,431868
10263,23,Female,IT,4,26,106288.0,No,,15,7,69.0,Low,10,No,590526
10264,37,Male,Finance,2,23,61338.0,No,Good,36,7,31.0,Average,5,No,818649
10265,53,Female,IT,3,34,,No,Fair,28,2,54.0,Average,7,No,536763
10266,32,Female,Sales,1,25,41441.0,Yes,Fair,15,9,21.0,Average,5,No,620108
10267,42,Female,Marketing,1,22,48058.0,No,Poor,11,9,76.0,High,3,No,861904
10268,42,Female,Sales,1,21,30722.0,No,Good,31,1,36.0,Average,10,No,605710
10269,50,Female,Marketing,2,3,43663.0,No,Fair,4,9,55.0,High,8,No,512929
10270,58,Male,Sales,3,8,57122.0,No,Fair,35,1,21.0,Low,8,No,668837
10271,58,Male,IT,4,3,77261.0,No,Good,34,8,38.0,Average,9,No,274620
10272,28,Male,Sales,3,6,69344.0,No,Good,27,6,39.0,High,6,No,545849
10273,47,Female,Marketing,4,22,103336.0,No,Good,10,5,28.0,Average,2,No,982843
10274,47,Male,IT,4,1,80546.0,No,Good,30,6,58.0,High,3,No,321958
10275,54,Male,Sales,1,23,52325.0,Yes,Excellent,20,7,,Low,10,No,497857
10276,41,Female,HR,2,30,68854.0,No,Excellent,29,0,54.0,Average,6,No,433239
10277,50,Female,Sales,1,30,57589.0,No,Excellent,29,7,50.0,Average,1,No,477481
10278,53,Female,Sales,3,33,83250.0,Yes,Good,23,2,52.0,Low,2,No,529032
10279,48,Male,Marketing,4,23,95478.0,Yes,Fair,21,2,37.0,Average,8,No,626311
10280,53,Male,IT,1,25,56355.0,No,Excellent,43,5,31.0,Average,8,No,518872
10281,25,Female,Finance,3,15,69689.0,Yes,Fair,10,3,5.0,Average,6,No,580469
10282,39,Female,IT,3,12,57191.0,No,Fair,41,3,63.0,Average,3,No,659130
10283,24,Male,IT,3,14,82882.0,Yes,Good,12,3,14.0,Average,2,No,155189
10284,55,Male,Sales,2,26,70573.0,Yes,Poor,30,9,29.0,Average,6,No,490262
10285,37,Female,Sales,2,3,44186.0,Yes,Excellent,33,8,61.0,High,1,No,866098
10286,48,Female,Finance,1,15,,Yes,Good,18,7,70.0,Average,10,No,408067
10287,50,Male,Marketing,1,29,54504.0,No,Good,14,2,19.0,Average,6,No,397224
10288,49,Female,Sales,1,29,54345.0,No,Good,22,0,32.0,High,9,No,103474
10289,26,Male,Sales,3,2,51471.0,Yes,,21,0,17.0,High,7,No,225185
10290,55,Male,IT,1,21,42181.0,No,Poor,1,0,18.0,Low,9,No,572923
10291,57,Male,Marketing,4,21,88197.0,No,Good,43,3,70.0,High,2,No,758620
10292,44,Male,Sales,2,11,47119.0,No,Good,15,5,,Average,5,No,105618
10293,49,Female,IT,3,20,83843.0,No,Good,36,3,29.0,Low,9,No,801125
10294,51,Female,Marketing,2,3,35118.0,No,Good,22,2,58.0,Average,7,No,881550
10295,55,Male,Sales,2,30,83443.0,No,Fair,32,7,16.0,Average,9,No,265190
10296,53,Male,Sales,4,30,99383.0,No,,33,7,13.0,High,6,No,764645
10297,41,Male,IT,1,22,42838.0,Yes,Fair,41,5,35.0,Average,7,No,335424
10298,52,Male,Marketing,1,19,36861.0,No,Good,39,8,57.0,High,10,No,419227
10299,43,Male,Sales,3,14,69718.0,No,Excellent,23,9,47.0,Average,5,No,304749
10300,53,Female,IT,1,22,52628.0,No,Excellent,43,0,42.0,Average,6,No,259424
10301,23,Female,IT,1,27,44493.0,No,Good,2,7,46.0,Average,1,No,537272
10302,38,Female,IT,2,15,51292.0,No,Good,2,5,76.0,High,1,No,910139
10303,45,Female,IT,1,20,45927.0,Yes,Good,38,0,52.0,Average,2,Yes,253233
10304,51,Male,IT,3,14,71358.0,No,Fair,29,3,71.0,High,4,No,511866
10305,23,Male,IT,1,16,38251.0,No,Fair,3,4,70.0,High,9,No,379088
10306,44,Male,IT,4,12,80608.0,No,Excellent,39,6,20.0,Average,7,No,893978
10307,52,Male,IT,3,18,75170.0,No,Good,7,7,20.0,Average,6,No,678427
10308,42,Male,IT,3,29,95589.0,No,Excellent,36,8,35.0,High,1,Yes,213857
10309,43,Female,Marketing,3,17,64742.0,Yes,Fair,29,5,62.0,High,5,No,369351
10310,22,Male,Sales,4,13,83416.0,No,Good,37,9,32.0,Average,4,No,719092
10311,47,Female,Finance,1,19,29906.0,No,Fair,36,8,8.0,Average,5,No,827382
10312,22,Female,Finance,4,18,96821.0,No,Fair,23,3,14.0,Average,9,No,393366
10313,46,Female,HR,3,6,68552.0,Yes,Good,16,7,55.0,Average,3,No,970735
10314,37,Female,IT,3,3,56499.0,No,Fair,31,2,22.0,Average,4,No,794275
10315,53,Male,IT,2,33,,No,Fair,34,3,51.0,Average,8,No,634305
10316,29,Female,Sales,1,1,13342.0,No,Fair,1,9,36.0,Average,3,No,246166
10317,59,Female,HR,2,4,39017.0,No,Poor,18,3,,Average,3,No,655524
10318,49,Female,Sales,3,9,62994.0,No,Good,40,5,40.0,Average,9,No,500880
10319,46,Male,Sales,1,31,60670.0,Yes,Good,43,8,13.0,Average,5,Yes,392065
10320,55,Male,Finance,3,12,64386.0,Yes,Poor,15,5,40.0,Average,10,No,457525
10321,45,Male,HR,1,4,25410.0,No,Fair,17,0,33.0,Average,1,No,966541
10322,44,Female,Finance,1,9,26967.0,No,Fair,44,4,20.0,Average,7,No,950022
10323,33,Female,IT,1,9,24331.0,Yes,Good,10,8,25.0,Low,7,No,895822
10324,27,Male,Marketing,1,26,47217.0,Yes,Poor,20,4,68.0,Average,6,No,526993
10325,56,Female,IT,2,20,,Yes,Good,6,5,70.0,Average,6,No,803948
10326,40,Male,Sales,1,7,31889.0,No,Poor,8,2,63.0,High,3,No,486795
10327,21,Male,IT,5,0,88488.0,Yes,Fair,34,7,32.0,Average,3,No,535883
10328,28,Female,Sales,2,27,61176.0,No,Excellent,32,9,59.0,Average,10,No,491685
10329,36,Female,IT,1,13,39598.0,No,Good,42,3,35.0,Average,9,Yes,654268
10330,34,Female,Marketing,3,20,72610.0,Yes,Poor,4,3,37.0,Average,1,No,741248
10331,32,Female,Sales,4,29,108364.0,No,Excellent,44,4,64.0,High,7,No,856276
10332,43,Male,HR,3,20,77851.0,Yes,Good,39,9,45.0,Average,10,No,163470
10333,35,Male,Finance,1,8,26648.0,No,Excellent,20,8,50.0,Average,7,No,434906
10334,48,Male,Marketing,4,16,88278.0,Yes,Good,24,7,53.0,Average,8,No,974415
10335,54,Male,IT,3,4,62520.0,No,Good,24,6,69.0,Average,6,No,464789
10336,22,Male,Sales,1,30,97521.0,No,Excellent,52,4,46.0,Low,8,No,773286
10337,52,Female,IT,1,18,,Yes,Fair,25,8,27.0,Average,1,Yes,117621
10338,43,Male,HR,2,32,68924.0,Yes,Good,36,8,31.0,Average,1,No,957677
10339,42,Male,Finance,1,12,34847.0,No,Good,7,9,36.0,High,9,No,224604
10340,45,Male,Marketing,4,13,89730.0,Yes,Poor,10,9,7.0,Average,4,No,440920
10341,42,Female,Finance,2,32,82049.0,No,Poor,12,1,64.0,Low,3,No,135031
10342,42,Female,Marketing,4,28,106786.0,No,Fair,1,3,,Average,6,No,394290
10343,26,Female,Sales,2,9,41825.0,No,Good,25,7,36.0,Average,10,Yes,608186
10344,35,Female,Finance,1,30,44371.0,No,Good,16,0,11.0,Average,9,No,894430
10345,57,Male,Finance,1,5,21907.0,No,Good,5,4,75.0,Average,10,No,214619
10346,53,Male,Sales,2,0,24250.0,No,Poor,19,7,73.0,Average,4,No,569564
10347,28,Female,Marketing,3,6,,No,Good,4,1,62.0,High,9,No,217974
10348,25,Female,Sales,3,26,83444.0,Yes,Excellent,6,1,44.0,Low,5,No,393245
10349,59,Male,IT,1,20,37860.0,Yes,Good,26,7,52.0,Average,7,No,885452
10350,24,Male,Finance,1,27,50650.0,No,Good,39,9,55.0,Average,3,No,441908
10351,26,Female,IT,1,15,34583.0,No,Good,39,8,61.0,Average,3,No,517963
10352,52,Female,Sales,3,22,78433.0,No,Good,9,6,75.0,Average,3,No,473980
10353,50,Female,IT,1,19,26255.0,Yes,Good,14,7,41.0,High,8,No,816160
10354,55,Female,IT,2,24,57031.0,No,Excellent,9,4,79.0,High,6,No,719614
10355,36,Male,Marketing,3,27,90255.0,Yes,Good,15,0,78.0,Average,9,No,364026
10356,33,Male,IT,4,4,81625.0,Yes,Excellent,37,3,59.0,Average,9,No,270027
10357,50,Male,HR,2,20,48967.0,No,Fair,20,1,45.0,Average,8,No,839555
10358,39,Female,Finance,1,17,33511.0,Yes,Fair,8,2,24.0,Average,1,No,159965
10359,37,Female,IT,3,5,66431.0,No,Poor,32,2,37.0,Average,6,No,737244
10360,39,Male,IT,3,28,249873.0,No,Good,42,8,44.0,Average,4,No,319866
10361,48,Male,IT,2,18,56931.0,No,Good,41,9,38.0,Average,4,No,844782
10362,46,Male,Marketing,4,32,119050.0,No,Fair,19,3,66.0,Average,3,No,272632
10363,57,Male,IT,4,0,69830.0,Yes,Fair,29,1,,High,9,No,655631
10364,46,Female,IT,1,2,17371.0,Yes,Excellent,31,2,47.0,High,2,No,349550
10365,43,Male,Sales,1,20,41057.0,No,,6,2,73.0,Average,1,No,970375
10366,29,Male,Sales,2,34,,No,Good,4,6,67.0,Low,10,No,215154
10367,32,Male,Sales,3,2,59077.0,No,Good,43,7,14.0,High,3,No,497166
10368,21,Male,Sales,1,24,46914.0,Yes,Good,29,5,17.0,Average,4,No,234961
10369,21,Male,IT,3,19,73653.0,No,Good,42,3,9.0,High,4,No,587720
10370,54,Male,Finance,3,33,,No,Excellent,3,5,62.0,Low,6,No,643264
10371,52,Male,IT,1,20,45958.0,No,Fair,1,0,63.0,Average,1,No,385160
10372,45,Female,Finance,3,22,73960.0,No,Good,44,9,63.0,Average,1,No,830107
10373,21,Female,Marketing,4,5,82119.0,Yes,Fair,15,7,19.0,High,2,No,778102
10374,36,Female,Finance,1,12,31493.0,Yes,Good,21,0,5.0,Low,4,Yes,909985
10375,59,Female,IT,2,22,62548.0,No,Good,31,4,42.0,Average,7,No,818698
10376,25,Male,IT,2,8,40294.0,No,Good,7,1,57.0,Average,6,No,653620
10377,42,Female,IT,4,16,88800.0,Yes,Fair,17,5,56.0,High,9,No,309697
10378,49,Female,Sales,5,1,85019.0,No,Good,19,8,5.0,High,7,No,759796
10379,23,Male,HR,2,18,,Yes,Fair,39,4,15.0,High,5,No,248159
10380,32,Male,Marketing,3,18,77862.0,Yes,Fair,3,3,62.0,High,6,No,942134
10381,46,Female,Finance,2,6,41069.0,Yes,Poor,30,1,44.0,Low,10,Yes,125428
10382,36,Female,Sales,2,19,51002.0,Yes,Good,35,2,64.0,Low,9,No,783514
10383,57,Male,IT,1,8,40662.0,No,Good,29,5,48.0,Average,1,Yes,716333
10384,42,Female,Finance,1,16,30452.0,No,Good,14,7,10.0,Average,9,No,337012
10385,49,Male,Sales,1,26,55752.0,Yes,Good,35,7,32.0,High,6,No,355739
10386,34,Male,HR,2,1,28341.0,Yes,Good,28,4,35.0,High,4,No,537963
10387,48,Male,Marketing,1,18,42339.0,No,Good,30,4,12.0,Average,5,No,207369
10388,25,Male,IT,4,16,89696.0,Yes,Good,26,9,9.0,Average,1,Yes,134349
10389,50,Female,Sales,1,4,19025.0,No,Good,7,2,58.0,High,7,No,300565
10390,25,Male,IT,1,17,39580.0,Yes,,39,6,21.0,Average,8,No,137358
10391,32,Male,Marketing,2,6,43573.0,No,Good,31,5,42.0,Average,5,No,676772
10392,36,Female,IT,3,16,68325.0,Yes,Excellent,5,0,13.0,Average,2,Yes,835809
10393,46,Male,Sales,1,3,16453.0,Yes,Excellent,35,3,78.0,Average,8,No,150837
10394,46,Female,HR,2,24,166068.0,Yes,Fair,28,5,18.0,Average,10,No,699621
10395,41,Female,IT,5,4,96633.0,Yes,Fair,36,5,30.0,Average,7,No,369675
10396,59,Female,IT,1,29,45277.0,No,Good,27,2,,Low,10,No,113825
10397,56,Male,Finance,2,11,49223.0,No,Fair,24,5,29.0,High,9,No,434591
10398,53,Female,Sales,4,3,79154.0,Yes,Poor,40,9,40.0,Average,4,Yes,525532
10399,50,Female,Marketing,1,23,46848.0,Yes,Excellent,29,5,37.0,Average,9,No,433411
10400,57,Male,Sales,2,28,65261.0,No,Fair,22,8,7.0,High,4,No,379423
10401,43,Female,HR,2,8,51052.0,No,Excellent,8,8,15.0,Average,3,No,737382
10402,30,Female,Sales,2,3,37152.0,No,Good,15,1,62.0,Average,3,No,473903
10403,25,Female,HR,1,23,37595.0,No,Good,5,3,68.0,High,10,No,799583
10404,56,Female,IT,1,13,31897.0,No,Fair,4,8,22.0,Average,2,No,321024
10405,54,Female,IT,2,4,44320.0,No,Fair,11,3,51.0,High,10,No,259072
10406,51,Male,Sales,1,17,34353.0,No,Good,18,7,48.0,Average,3,No,398443
10407,30,Female,IT,3,18,80869.0,No,Fair,42,9,63.0,Low,8,No,307274
10408,39,Female,Sales,2,11,44578.0,Yes,Fair,30,2,54.0,Average,8,No,511461
10409,52,Male,Finance,2,17,52594.0,Yes,Fair,15,2,73.0,Average,2,No,329174
10410,21,Male,Marketing,4,16,84923.0,Yes,Fair,6,8,33.0,High,2,No,520555
10411,25,Male,HR,3,29,92902.0,No,Fair,16,9,,Average,2,No,825748
10412,24,Female,IT,1,23,45280.0,No,Good,40,7,6.0,High,10,No,968382
10413,36,Male,HR,4,10,78121.0,No,Fair,9,0,29.0,High,7,No,294891
10414,44,Female,Sales,1,34,56422.0,Yes,Poor,43,9,23.0,Average,6,No,573033
10415,36,Female,HR,1,22,25973.0,No,Good,34,1,44.0,High,1,No,489031
10416,22,Male,Finance,3,16,77867.0,No,Excellent,27,2,6.0,Average,2,No,214074
10417,48,Male,IT,2,0,34975.0,Yes,,13,1,69.0,Average,1,No,736979
10418,52,Female,Sales,2,14,38362.0,No,Fair,36,2,66.0,High,7,No,521247
10419,47,Male,Finance,1,31,46459.0,No,Good,27,7,58.0,Average,6,No,771986
10420,40,Female,IT,2,8,43070.0,No,Excellent,9,5,,Average,2,No,647590
10421,44,Male,Finance,1,14,26914.0,No,Good,5,6,53.0,Average,2,No,735565
10422,32,Male,IT,4,27,109160.0,No,,22,9,73.0,Average,2,No,802051
10423,55,Male,IT,1,23,48111.0,No,Fair,31,9,42.0,Average,8,No,523328
10424,53,Female,Sales,4,34,114957.0,No,Good,3,5,8.0,Average,7,No,355450
10425,53,Male,Sales,2,21,45573.0,No,Poor,30,0,21.0,Average,1,No,957479
10426,57,Female,Marketing,4,26,100047.0,Yes,Good,21,2,57.0,Low,4,No,203812
10427,32,Female,Sales,3,18,71414.0,No,Good,35,0,57.0,Low,4,Yes,301276
10428,23,Female,Marketing,3,11,61475.0,Yes,Excellent,6,9,35.0,Average,7,No,303623
10429,21,Female,IT,2,19,56308.0,No,Fair,28,8,26.0,Average,2,Yes,328027
10430,53,Male,Sales,1,0,11242.0,No,Poor,32,8,15.0,High,4,Yes,228407
10431,30,Female,Sales,1,20,43291.0,No,Good,42,4,38.0,Average,1,No,991398
10432,49,Female,Sales,4,0,76599.0,No,Good,37,3,19.0,Average,4,No,621404
10433,33,Male,Marketing,4,9,86882.0,Yes,Good,25,8,14.0,Average,1,No,524530
10434,32,Female,IT,2,31,72372.0,No,Fair,32,8,57.0,Average,2,No,562755
10435,51,Male,HR,1,21,55195.0,Yes,Fair,35,2,52.0,Average,2,No,753594
10436,22,Female,HR,2,17,63239.0,Yes,Good,22,4,35.0,High,10,No,781595
10437,55,Male,Sales,3,31,90590.0,No,Fair,24,2,41.0,High,3,No,291644
10438,43,Female,IT,2,26,64306.0,Yes,Excellent,39,9,32.0,High,8,No,919798
10439,37,Male,Sales,3,27,94428.0,No,Good,30,1,35.0,High,6,No,413491
10440,46,Female,Finance,5,17,116445.0,No,Good,32,0,,Average,6,No,657125
10441,28,Female,HR,1,28,43137.0,No,Good,31,9,18.0,Average,9,No,894571
10442,49,Male,HR,2,17,,No,,23,1,20.0,Average,8,No,240657
10443,46,Male,IT,2,7,43473.0,Yes,Fair,40,7,29.0,Average,2,No,365803
10444,30,Male,IT,2,30,66834.0,Yes,Excellent,33,7,43.0,High,6,No,978193
10445,46,Male,Marketing,1,33,45724.0,No,Fair,25,2,70.0,Average,1,No,629922
10446,54,Female,IT,1,6,23586.0,No,Good,36,6,42.0,High,9,No,216969
10447,27,Female,Sales,4,17,92326.0,No,Fair,24,6,45.0,Average,4,No,991558
10448,24,Male,IT,2,8,55123.0,No,Good,31,1,44.0,High,4,No,627970
10449,31,Female,Sales,2,8,51343.0,Yes,Fair,39,8,68.0,Average,9,No,825458
10450,49,Male,Sales,4,7,76902.0,No,Fair,13,2,20.0,Average,3,No,997917
10451,56,Male,Marketing,3,34,97136.0,No,Excellent,10,1,63.0,Average,5,No,175038
10452,45,Female,Finance,1,17,43357.0,Yes,Fair,23,2,15.0,High,1,No,498629
10453,41,Female,Marketing,2,4,41315.0,Yes,Good,18,1,5.0,High,6,No,121984
10454,56,Female,IT,2,13,48077.0,Yes,Excellent,32,7,17.0,Average,3,No,882469
10455,30,Female,IT,3,27,83206.0,Yes,Poor,33,4,34.0,Average,1,No,382631
10456,57,Female,Sales,3,29,91112.0,No,Good,36,2,73.0,Average,10,No,102075
10457,29,Female,Sales,3,3,60077.0,Yes,Fair,28,4,,High,6,No,526766
10458,44,Female,Finance,2,19,57042.0,Yes,Poor,16,7,17.0,Average,10,No,185726
10459,55,Male,HR,4,24,85085.0,Yes,Good,16,6,36.0,Average,2,No,459943
10460,55,Male,Finance,1,27,42656.0,No,Excellent,18,5,75.0,Average,8,No,666581
10461,56,Male,Finance,1,11,34918.0,No,Poor,8,0,,Average,2,No,570661
10462,38,Male,Sales,2,1,24414.0,Yes,Good,42,9,54.0,Low,4,No,260284
10463,59,Male,IT,1,13,40705.0,Yes,Good,16,0,75.0,Average,3,No,901394
10464,52,Female,IT,1,21,49416.0,Yes,Excellent,11,0,35.0,High,9,No,771213
10465,44,Male,Sales,4,30,108246.0,No,Poor,6,9,55.0,High,2,No,412353
10466,43,Male,Finance,4,22,101987.0,Yes,Good,1,7,31.0,Low,3,No,835271
10467,52,Male,IT,2,19,61972.0,No,Good,12,7,64.0,High,7,No,340969
10468,57,Male,Sales,1,3,20898.0,No,Good,38,6,37.0,Average,4,No,954077
10469,32,Male,IT,1,14,26556.0,No,Excellent,28,5,57.0,Average,6,No,553717
10470,33,Male,Marketing,1,23,51403.0,Yes,Excellent,17,3,,Low,3,No,488820
10471,43,Male,Sales,1,24,55243.0,No,Poor,1,0,37.0,Average,1,No,877331
10472,45,Female,Finance,4,0,64748.0,No,Good,32,8,45.0,High,6,No,166856
10473,55,Female,Sales,1,6,16732.0,Yes,Good,8,0,23.0,Low,4,No,475162
10474,50,Male,Finance,2,30,71179.0,No,Fair,40,3,45.0,Average,2,No,615753
10475,37,Female,Finance,1,11,,Yes,Good,43,2,46.0,High,7,Yes,443667
10476,40,Female,HR,4,4,77669.0,Yes,Good,24,6,27.0,Average,10,No,661473
10477,45,Female,HR,3,11,,Yes,Good,10,4,79.0,High,5,No,300307
10478,42,Female,Finance,4,17,78925.0,No,Excellent,39,4,37.0,Average,6,No,543100
10479,33,Male,IT,3,1,64687.0,No,Poor,39,3,24.0,Low,6,No,818218
10480,39,Female,Finance,2,9,44359.0,No,Excellent,10,0,29.0,High,9,No,193745
10481,56,Female,Sales,1,14,37870.0,Yes,Good,36,4,56.0,Average,2,No,557542
10482,32,Female,Marketing,3,29,92512.0,No,Good,25,3,16.0,Average,6,No,663618
10483,39,Male,Finance,2,16,59612.0,Yes,Excellent,10,9,36.0,Average,9,No,349309
10484,32,Male,Marketing,2,3,39971.0,No,Good,19,7,37.0,Average,4,No,932847
10485,29,Male,Sales,1,6,26973.0,Yes,Good,15,1,78.0,High,6,No,423150
10486,27,Male,IT,1,30,55734.0,Yes,Good,16,7,72.0,Average,7,No,804487
10487,48,Male,IT,2,33,71818.0,No,Good,2,0,19.0,Low,1,No,122547
10488,34,Male,HR,2,5,31451.0,Yes,Excellent,29,3,,High,5,No,385083
10489,51,Male,IT,3,33,86284.0,No,Excellent,4,2,10.0,Average,4,No,441882
10490,39,Female,Sales,1,14,34174.0,No,Fair,29,4,73.0,Average,10,No,456900
10491,36,Female,Finance,2,13,46879.0,No,Fair,31,4,73.0,Average,2,No,842658
10492,25,Female,IT,1,5,19293.0,No,Good,17,4,39.0,High,2,No,567548
10493,55,Male,Sales,1,31,65995.0,No,Poor,10,3,38.0,Low,2,No,757082
10494,32,Male,IT,2,2,43553.0,Yes,Good,27,7,67.0,Average,7,No,474984
10495,45,Male,IT,1,2,18887.0,No,Fair,41,2,72.0,Average,4,No,635962
10496,41,Male,Sales,1,21,47232.0,No,Good,15,3,22.0,Low,6,No,476095
10497,56,Male,Marketing,2,21,58678.0,Yes,Poor,44,0,30.0,Average,7,Yes,492239
10498,43,Female,Marketing,1,9,29464.0,Yes,Fair,31,6,65.0,Average,9,No,863437
10499,36,Female,IT,1,2,23049.0,No,Good,21,0,78.0,Average,2,No,222225
10500,59,Male,Sales,1,11,28694.0,No,Good,41,1,52.0,Low,10,No,495494
10501,59,Male,Finance,1,28,47488.0,No,Excellent,26,6,76.0,Average,9,No,266190
10502,34,Male,IT,1,16,44543.0,Yes,Excellent,38,0,35.0,High,5,No,300231
10503,51,Male,HR,3,6,64884.0,No,Good,36,2,38.0,Average,6,No,499746
10504,25,Female,IT,1,12,18872.0,Yes,Poor,17,5,11.0,Average,6,No,674154
10505,55,Male,IT,1,1,15191.0,No,Excellent,3,5,11.0,Average,3,No,967955
10506,43,Male,IT,2,3,34912.0,No,Excellent,14,5,,Average,10,No,643834
10507,49,Male,IT,3,9,61073.0,Yes,Excellent,13,1,12.0,Low,7,No,939737
10508,31,Male,IT,4,23,104774.0,No,Fair,41,1,5.0,Average,7,No,202833
10509,38,Female,Marketing,3,16,73315.0,No,Excellent,27,5,7.0,Average,8,No,250025
10510,32,Male,HR,3,5,51662.0,No,Fair,1,9,57.0,High,5,No,790943
10511,29,Male,Finance,2,18,55300.0,No,Good,17,4,42.0,Average,2,No,319964
10512,30,Female,Marketing,3,4,62050.0,No,Excellent,34,6,55.0,High,3,Yes,359832
10513,37,Female,IT,2,31,71882.0,No,Fair,14,6,19.0,Average,9,No,825474
10514,58,Female,IT,1,9,24931.0,Yes,Excellent,17,4,71.0,High,6,Yes,890894
10515,27,Male,IT,1,8,29587.0,Yes,Fair,3,7,68.0,Average,8,No,363032
10516,33,Male,IT,1,26,58909.0,Yes,Excellent,34,9,72.0,Average,8,No,974300
10517,29,Female,Finance,4,12,89168.0,No,Fair,40,5,9.0,High,5,No,316470
10518,47,Female,IT,2,18,65405.0,No,,25,4,14.0,Low,1,No,185509
10519,22,Female,Marketing,3,20,74534.0,Yes,Poor,2,3,12.0,Average,6,No,736234
10520,25,Female,Sales,2,23,,No,Good,34,6,16.0,Low,7,No,953691
10521,49,Female,Sales,2,3,39428.0,No,Good,26,3,,High,9,No,609162
10522,57,Female,IT,1,23,46312.0,No,Good,31,4,63.0,Low,2,No,909842
10523,58,Male,HR,1,34,61443.0,No,Fair,9,4,71.0,High,2,No,632890
10524,39,Male,Sales,4,2,68886.0,No,Good,30,0,54.0,Average,10,No,118614
10525,28,Male,HR,3,3,61483.0,Yes,Fair,20,0,27.0,Low,1,No,487229
10526,21,Female,Sales,2,34,,Yes,Good,21,2,44.0,Average,5,No,118444
10527,42,Female,Sales,4,30,,No,Fair,29,2,22.0,Average,2,No,415194
10528,37,Female,Marketing,1,24,59613.0,Yes,Excellent,25,1,25.0,Average,3,No,168149
10529,27,Female,Sales,5,12,101339.0,Yes,Poor,38,1,5.0,Average,2,No,745991
10530,45,Female,Finance,2,3,,No,Fair,44,5,42.0,Average,4,No,994740
10531,24,Female,Finance,2,13,61789.0,Yes,Fair,25,0,45.0,Low,3,No,450762
10532,56,Male,Marketing,2,12,36513.0,No,Good,9,5,46.0,Average,9,No,216490
10533,26,Male,Sales,1,26,55957.0,Yes,Fair,39,4,13.0,High,10,No,144866
10534,51,Female,Marketing,1,5,27893.0,No,Good,44,5,27.0,Average,2,No,559429
10535,39,Male,IT,3,16,83042.0,Yes,Excellent,26,4,15.0,High,7,No,812599
10536,59,Female,IT,4,34,105710.0,Yes,,37,6,75.0,Average,3,No,743689
10537,47,Male,IT,3,16,81907.0,No,Good,16,0,35.0,High,10,No,730322
10538,30,Female,Finance,1,1,14763.0,No,Poor,37,2,30.0,Average,8,No,667499
10539,46,Female,HR,2,12,56728.0,No,Good,12,5,,Low,4,No,496220
10540,39,Male,Finance,1,1,18983.0,No,Fair,24,0,38.0,High,4,No,163789
10541,59,Male,IT,1,27,,Yes,Good,26,6,50.0,High,9,No,869066
10542,23,Female,Finance,3,25,84293.0,No,,20,3,73.0,Average,3,No,174522
10543,33,Female,Marketing,2,21,50163.0,No,Good,9,2,9.0,Average,7,No,688372
10544,48,Male,Sales,1,2,1676.0,No,Good,23,9,65.0,Average,1,No,723320
10545,40,Male,Marketing,1,34,60059.0,Yes,Excellent,39,8,42.0,Average,7,No,388413
10546,48,Female,Sales,5,11,101617.0,No,Fair,29,0,32.0,High,10,No,179709
10547,28,Male,Sales,1,23,47989.0,No,Good,31,7,30.0,Average,2,No,213145
10548,59,Female,Sales,2,4,39287.0,Yes,Fair,19,0,65.0,High,6,No,645406
10549,21,Female,HR,2,19,70908.0,No,Good,20,4,27.0,Average,9,No,853854
10550,23,Female,IT,1,12,33783.0,Yes,Excellent,23,9,50.0,High,6,No,376233
10551,33,Female,Sales,1,11,28518.0,No,Good,43,7,34.0,High,3,No,142956
10552,48,Male,Sales,2,12,52424.0,No,Good,27,5,71.0,Average,1,No,863963
10553,45,Male,Marketing,3,9,62227.0,No,Excellent,30,6,37.0,Average,4,No,978033
10554,53,Male,Finance,2,32,74957.0,No,Good,21,7,7.0,High,4,No,703514
10555,58,Male,Finance,3,15,194085.0,Yes,Good,88,5,73.0,Average,8,No,732893
10556,26,Male,Marketing,5,34,130748.0,No,Good,35,5,46.0,Average,10,No,859703
10557,52,Male,Finance,3,2,53532.0,No,,7,5,66.0,Average,10,No,991181
10558,41,Male,Sales,2,4,34063.0,Yes,Fair,22,4,62.0,Average,7,No,469277
10559,36,Female,HR,2,25,77854.0,No,Excellent,10,7,61.0,High,10,No,227974
10560,41,Male,Finance,3,10,59497.0,No,Good,23,1,5.0,Average,7,No,614219
10561,31,Male,HR,3,6,61241.0,Yes,Poor,15,6,77.0,High,7,No,433304
10562,57,Female,IT,2,9,41983.0,Yes,Good,30,3,64.0,Average,2,Yes,972510
10563,56,Male,Sales,3,33,95382.0,Yes,Good,34,0,73.0,Average,9,No,143779
10564,55,Male,HR,1,2,,No,Fair,13,4,63.0,Average,6,No,251567
10565,39,Female,IT,2,7,49442.0,No,Good,4,2,50.0,Average,2,No,926034
10566,40,Male,IT,1,30,66216.0,No,Excellent,18,3,38.0,Average,1,No,284175
10567,38,Male,IT,1,10,24962.0,No,Excellent,23,6,29.0,Average,1,No,842500
10568,34,Male,IT,1,6,32501.0,No,Excellent,33,4,46.0,Average,1,No,103247
10569,35,Female,Sales,3,1,52908.0,No,Excellent,34,3,33.0,High,4,No,281440
10570,51,Male,Sales,2,5,51034.0,Yes,Poor,34,0,29.0,Average,4,Yes,755300
10571,21,Male,Marketing,1,31,68330.0,No,Good,36,5,58.0,Average,9,No,730572
10572,23,Female,IT,2,19,57397.0,No,,35,9,77.0,High,1,No,518690
10573,36,Male,Sales,2,33,66478.0,No,Good,17,5,71.0,Average,3,No,498802
10574,43,Female,Finance,1,15,41688.0,No,Good,28,6,19.0,Average,3,No,418372
10575,31,Female,Sales,3,24,84146.0,No,Good,14,0,8.0,Average,8,No,370084
10576,32,Male,IT,3,11,,No,Good,34,3,42.0,Average,2,No,380750
10577,30,Female,Sales,3,6,59160.0,Yes,Excellent,11,8,24.0,Average,6,No,732041
10578,52,Female,Finance,3,16,67893.0,No,Good,13,9,27.0,Average,4,No,402891
10579,36,Male,IT,2,10,54962.0,Yes,Good,33,5,41.0,Average,10,No,557943
10580,28,Female,Sales,1,5,25918.0,No,Excellent,2,1,66.0,Average,6,No,789642
10581,58,Female,Marketing,1,22,35738.0,Yes,Good,34,3,12.0,High,5,No,944192
10582,32,Male,IT,1,26,53321.0,Yes,Fair,29,5,41.0,Average,9,No,624022
10583,44,Male,HR,5,5,98917.0,Yes,Good,37,3,49.0,Average,9,No,866402
10584,48,Male,Sales,1,1,17248.0,No,Excellent,4,9,37.0,Low,1,No,102883
10585,28,Female,Sales,1,21,52918.0,Yes,Good,12,6,11.0,High,3,No,529810
10586,48,Male,Sales,4,19,91090.0,No,Good,26,2,26.0,Average,1,No,851391
10587,56,Female,IT,4,24,99786.0,No,Good,28,5,9.0,Average,6,No,309175
10588,46,Female,Finance,3,14,75411.0,Yes,Fair,3,3,19.0,High,3,No,694163
10589,28,Female,IT,1,28,52060.0,Yes,Excellent,20,2,25.0,Average,1,No,974641
10590,48,Female,Sales,1,7,18093.0,No,Excellent,10,2,21.0,Average,6,No,247558
10591,48,Female,Sales,2,32,75502.0,No,Fair,18,1,60.0,Average,5,No,176085
10592,57,Female,Sales,1,21,40713.0,No,Fair,27,2,54.0,Low,8,No,890425
10593,56,Female,IT,1,4,27941.0,No,Excellent,31,9,11.0,High,2,No,505435
10594,47,Male,Finance,2,17,57307.0,Yes,Excellent,27,0,54.0,Low,8,No,365852
10595,37,Male,Sales,4,29,107367.0,Yes,Excellent,42,2,64.0,Average,5,No,128788
10596,29,Female,Finance,2,30,65710.0,Yes,Excellent,1,8,11.0,Low,8,No,101495
10597,53,Female,Marketing,3,9,63419.0,No,Good,6,3,44.0,High,10,No,850330
10598,40,Male,IT,3,14,76620.0,No,Good,11,2,49.0,Average,4,No,529376
10599,33,Female,Finance,1,17,33740.0,No,Good,34,7,63.0,Average,4,No,734290
10600,48,Male,IT,3,22,80204.0,Yes,Poor,39,0,79.0,Average,10,No,238609
10601,49,Male,IT,1,32,50781.0,Yes,Good,20,4,59.0,Average,4,No,266625
10602,33,Male,IT,1,15,28896.0,Yes,Good,21,0,68.0,Average,6,No,777563
10603,55,Female,IT,3,34,94290.0,No,Good,21,6,69.0,Average,4,No,480491
10604,26,Female,Sales,1,33,58642.0,Yes,Good,18,4,,Average,9,No,957556
10605,38,Male,HR,5,27,134363.0,No,Good,21,1,44.0,Average,9,No,849204
10606,25,Male,HR,1,1,16467.0,No,Fair,19,0,57.0,Average,3,No,465250
10607,45,Male,IT,3,29,,No,Fair,4,6,48.0,Average,7,No,137659
10608,22,Male,Sales,2,12,42899.0,No,Fair,13,0,67.0,Average,5,No,997496
10609,30,Male,Marketing,1,15,39673.0,No,Fair,18,2,6.0,High,9,No,426187
10610,50,Female,Finance,1,4,25188.0,No,Excellent,29,5,25.0,Average,2,No,889957
10611,25,Male,IT,3,27,95330.0,No,Fair,25,5,54.0,Average,3,No,578653
10612,53,Female,Sales,4,19,101469.0,No,Fair,13,6,56.0,Average,10,No,366921
10613,21,Male,Marketing,4,23,101708.0,No,Good,27,0,13.0,High,5,No,825085
10614,38,Female,Finance,2,26,64379.0,No,Good,19,6,24.0,Low,5,No,801151
10615,52,Female,Finance,3,29,90028.0,No,Fair,1,1,22.0,Average,10,No,713141
10616,31,Female,Sales,3,26,84533.0,No,,38,5,34.0,Average,7,No,351897
10617,41,Female,IT,3,25,89720.0,No,Good,19,7,69.0,Average,8,No,360133
10618,46,Female,Sales,2,6,48157.0,No,Fair,1,4,28.0,High,8,No,786861
10619,45,Female,Sales,3,4,57021.0,Yes,Fair,40,9,51.0,Average,1,No,225409
10620,42,Male,Finance,4,22,89628.0,Yes,Excellent,17,2,48.0,Average,1,No,165258
10621,47,Female,Finance,2,27,76400.0,No,Excellent,21,7,33.0,High,3,No,577049
10622,33,Male,IT,4,33,115091.0,No,Good,22,7,72.0,Average,1,No,700473
10623,53,Female,Marketing,3,14,68883.0,No,Poor,15,3,21.0,High,1,No,123719
10624,54,Female,IT,1,31,58457.0,No,Good,39,7,9.0,Average,10,No,474325
10625,55,Male,IT,1,25,48449.0,No,Good,39,4,54.0,Average,8,No,753708
10626,21,Female,HR,2,30,79911.0,No,Fair,32,4,44.0,High,1,No,690974
10627,41,Male,Marketing,2,18,46021.0,Yes,Good,4,2,50.0,Low,9,No,310909
10628,26,Male,Sales,4,8,,No,Good,44,6,55.0,High,2,No,259506
10629,48,Male,Marketing,1,28,61194.0,No,Fair,32,8,15.0,Average,9,No,857801
10630,37,Male,Finance,4,3,78979.0,Yes,Good,4,8,16.0,Low,7,No,644808
10631,25,Female,Sales,4,2,85035.0,No,Excellent,1,0,17.0,Average,9,No,419025
10632,51,Female,IT,1,28,44269.0,No,Fair,33,0,68.0,Low,3,No,390690
10633,25,Male,Marketing,4,10,90433.0,Yes,Excellent,7,9,12.0,Average,1,No,376126
10634,58,Female,IT,5,32,134473.0,Yes,Fair,9,4,69.0,Average,1,No,693739
10635,23,Female,Marketing,3,10,55909.0,No,Excellent,1,0,13.0,High,10,No,643924
10636,43,Male,Marketing,3,26,83426.0,No,Fair,16,3,6.0,Average,6,No,329292
10637,57,Female,IT,5,32,127760.0,Yes,Poor,18,0,17.0,Average,7,No,357701
10638,57,Male,HR,3,20,68282.0,Yes,Good,6,1,6.0,Average,9,No,813447
10639,30,Male,Marketing,2,30,70352.0,No,Good,2,1,72.0,Average,6,No,242029
10640,30,Female,IT,4,1,78439.0,No,Excellent,9,3,52.0,Average,5,No,398850
10641,39,Female,Sales,3,26,82854.0,No,Good,4,7,78.0,Average,2,No,741487
10642,37,Female,Sales,3,10,,Yes,Fair,23,1,7.0,High,2,No,461521
10643,41,Male,IT,1,17,39896.0,No,Good,43,8,72.0,High,8,No,687159
10644,34,Male,Marketing,3,0,53927.0,No,Good,43,8,10.0,Low,1,No,230448
10645,29,Female,Finance,1,34,163704.0,Yes,Fair,16,1,9.0,Average,8,No,686025
10646,21,Female,IT,4,34,,No,Good,39,0,7.0,Average,10,No,331568
10647,33,Female,Sales,2,30,62477.0,No,Good,25,9,14.0,Average,7,No,665263
10648,24,Female,Sales,1,27,50451.0,No,Excellent,16,9,47.0,Average,7,No,983796
10649,21,Male,Marketing,2,0,44312.0,No,Excellent,35,8,23.0,Average,5,No,205687
10650,52,Female,Sales,1,24,44115.0,Yes,Fair,17,1,18.0,Average,3,No,662227
10651,54,Male,Sales,3,19,72436.0,No,Good,18,7,25.0,Average,7,No,951491
10652,48,Male,Sales,4,2,,No,Good,27,2,47.0,High,7,No,632586
10653,51,Female,IT,4,1,74180.0,No,Good,15,0,32.0,Average,7,No,743290
10654,28,Female,Marketing,1,17,42872.0,Yes,Good,17,0,25.0,Low,2,Yes,819782
10655,59,Female,Sales,1,9,29030.0,No,,43,9,40.0,Low,3,No,106480
10656,46,Male,IT,4,4,62470.0,Yes,Good,5,1,28.0,High,3,No,866322
10657,54,Female,IT,4,8,88679.0,No,Excellent,16,6,58.0,High,4,No,954825
10658,23,Female,Marketing,2,1,49620.0,Yes,Excellent,15,5,42.0,Average,9,No,104349
10659,32,Male,Sales,2,33,83304.0,No,Excellent,42,1,21.0,Average,10,No,166964
10660,21,Female,IT,2,30,50766.0,Yes,Excellent,34,3,26.0,High,1,No,663779
10661,25,Male,HR,4,9,85506.0,Yes,Good,19,1,49.0,Average,7,No,487032
10662,50,Female,Marketing,3,11,64399.0,No,Fair,8,0,78.0,High,7,No,802138
10663,50,Male,IT,1,20,35494.0,No,Good,10,2,65.0,High,4,No,975131
10664,37,Female,Sales,1,5,24736.0,No,Poor,5,3,15.0,Average,1,No,783037
10665,43,Female,IT,4,2,73506.0,No,Good,26,9,65.0,Average,3,No,720728
10666,35,Male,Finance,1,9,31851.0,Yes,Good,22,4,42.0,Average,5,No,359360
10667,57,Male,Sales,2,4,41139.0,No,Good,44,4,70.0,Average,2,Yes,967686
10668,41,Female,Marketing,2,25,59275.0,No,Excellent,23,6,37.0,High,7,No,704633
10669,34,Male,Sales,1,20,38540.0,Yes,Excellent,13,9,47.0,High,10,No,244344
10670,22,Male,IT,1,25,43572.0,No,Fair,9,7,35.0,Average,10,No,242900
10671,31,Male,IT,4,25,91701.0,No,Good,20,8,39.0,Average,7,No,144431
10672,59,Male,Finance,4,7,72170.0,No,Good,28,6,41.0,Low,10,No,501072
10673,58,Female,HR,4,4,75533.0,No,Good,44,4,51.0,Low,5,No,635511
10674,54,Female,Marketing,4,14,97342.0,No,Good,37,8,27.0,Average,10,No,925845
10675,58,Male,Finance,2,15,,Yes,Good,24,7,40.0,Average,6,No,156822
10676,54,Male,IT,4,0,67455.0,Yes,Good,44,9,44.0,Average,1,No,659977
10677,38,Male,Finance,2,15,46912.0,No,Excellent,33,8,19.0,Low,4,No,566918
10678,50,Male,Finance,3,2,56583.0,Yes,,20,9,41.0,High,4,No,899069
10679,35,Female,Sales,5,30,133075.0,Yes,Fair,30,7,8.0,Average,8,No,622299
10680,47,Female,HR,1,12,44416.0,No,Good,44,5,26.0,High,2,No,801894
10681,54,Male,Marketing,2,15,55712.0,No,Good,9,3,26.0,Average,1,No,569456
10682,58,Male,Sales,2,20,60839.0,Yes,Fair,17,8,21.0,Average,7,No,960470
10683,53,Male,Finance,1,1,15939.0,No,Poor,36,8,76.0,High,6,No,901698
10684,44,Female,Marketing,1,26,46940.0,No,Good,14,9,42.0,Average,5,No,148068
10685,35,Male,Sales,4,25,105775.0,Yes,Good,19,9,28.0,Average,8,No,461769
10686,50,Female,IT,5,24,116910.0,No,Fair,7,8,10.0,Average,2,No,275428
10687,37,Male,IT,2,10,,No,,3,9,72.0,Low,2,No,448439
10688,25,Female,IT,1,7,26247.0,No,Good,33,2,10.0,Average,9,No,770406
10689,49,Male,Sales,1,7,22855.0,No,Fair,44,2,30.0,High,1,No,617062
10690,24,Female,Sales,4,32,109950.0,Yes,Poor,32,5,45.0,Low,6,No,649558
10691,30,Male,IT,2,6,31083.0,No,Excellent,11,5,79.0,Average,3,No,743981
10692,37,Male,Finance,2,20,63293.0,No,Poor,42,5,42.0,High,5,No,176342
10693,30,Male,Finance,2,7,58510.0,No,Excellent,2,4,47.0,Average,8,No,337838
10694,37,Female,IT,2,20,56687.0,No,Good,26,4,57.0,Average,7,No,482468
10695,40,Male,Sales,2,19,61043.0,No,Fair,4,1,19.0,Average,4,No,662276
10696,44,Female,IT,4,7,85509.0,Yes,,17,6,60.0,Average,8,No,224291
10697,25,Female,Sales,3,30,97681.0,Yes,Poor,17,3,60.0,Average,10,No,359357
10698,54,Male,Marketing,3,28,86014.0,Yes,Fair,28,2,35.0,Average,2,No,938611
10699,26,Male,Finance,2,8,34780.0,No,Fair,30,7,61.0,Low,7,No,660180
10700,22,Male,Finance,3,14,72403.0,Yes,Good,40,3,55.0,Average,5,No,216441
10701,33,Female,Marketing,3,29,89571.0,No,Fair,23,3,28.0,Average,6,No,522728
10702,31,Male,Sales,1,25,45926.0,Yes,Good,24,7,62.0,Average,3,No,290237
10703,43,Female,Finance,2,9,45998.0,No,Good,29,0,77.0,Average,10,No,468634
10704,36,Female,HR,1,28,52462.0,Yes,Fair,4,8,8.0,Average,7,No,236171
10705,51,Male,Marketing,4,15,92170.0,No,Poor,38,6,14.0,Low,7,No,415631
10706,31,Male,Sales,2,19,60718.0,No,Poor,29,1,67.0,High,2,No,195847
10707,36,Male,Finance,5,21,113893.0,No,Poor,19,5,77.0,Average,1,No,305160
10708,28,Male,Marketing,1,6,27505.0,No,Good,27,7,19.0,Average,10,No,190845
10709,24,Male,Sales,3,22,78689.0,No,Fair,29,4,,Average,2,No,412147
10710,24,Male,HR,3,28,91452.0,No,Good,36,5,23.0,Low,8,No,870907
10711,45,Female,Finance,3,15,68235.0,Yes,Good,35,9,67.0,Average,10,No,997724
10712,23,Female,IT,2,27,68838.0,Yes,Good,6,7,60.0,High,3,No,953318
10713,52,Female,Sales,2,30,62257.0,No,Good,23,5,25.0,High,4,No,308884
10714,23,Male,Sales,3,13,67380.0,No,Good,39,8,38.0,High,8,No,618979
10715,47,Female,Sales,1,32,59804.0,No,Fair,44,8,21.0,High,3,No,636027
10716,49,Female,Marketing,1,8,21397.0,Yes,Fair,8,8,22.0,High,6,No,973270
10717,52,Female,IT,2,26,65279.0,No,Good,2,5,70.0,Average,2,No,728322
10718,39,Female,Sales,2,23,49169.0,Yes,Fair,13,8,55.0,Average,3,No,374528
10719,41,Female,HR,1,12,24191.0,Yes,Good,40,2,69.0,High,1,No,264166
10720,25,Male,HR,1,25,41361.0,Yes,Good,21,4,47.0,Average,9,No,757480
10721,38,Male,Sales,1,28,52210.0,Yes,Good,31,1,61.0,Average,4,No,494209
10722,48,Female,IT,3,27,88400.0,Yes,Good,36,7,,Average,6,No,187295
10723,42,Female,HR,3,27,86063.0,No,Good,38,3,41.0,Average,7,No,904582
10724,41,Female,HR,4,7,78104.0,Yes,Good,27,5,52.0,Average,2,No,951113
10725,26,Male,Finance,5,22,114125.0,No,Good,36,5,73.0,Average,8,No,883329
10726,21,Male,Sales,2,28,73896.0,Yes,Good,23,4,60.0,Average,9,No,407532
10727,25,Female,IT,1,4,24076.0,No,Good,21,0,40.0,High,10,No,413260
10728,32,Male,IT,1,6,23196.0,No,Excellent,13,6,35.0,Average,2,No,286825
10729,46,Male,IT,1,26,56959.0,Yes,Good,37,9,59.0,High,5,No,987517
10730,54,Female,IT,4,1,84899.0,No,Good,26,7,42.0,Average,2,No,135673
10731,34,Male,IT,2,24,57325.0,No,Good,40,0,77.0,Average,5,No,763650
10732,46,Male,Marketing,1,8,30735.0,No,Good,7,9,19.0,Average,7,No,160123
10733,47,Female,IT,2,26,,Yes,Poor,39,6,20.0,Average,6,No,344636
10734,29,Male,IT,3,0,55681.0,No,Excellent,22,3,57.0,Average,4,No,903059
10735,46,Male,Finance,3,22,81092.0,No,Poor,39,5,60.0,High,2,No,611941
10736,42,Female,IT,1,9,28465.0,Yes,Good,23,8,11.0,High,7,Yes,173474
10737,50,Male,HR,5,24,121741.0,No,Good,30,4,61.0,High,10,No,814204
10738,37,Male,Sales,2,2,,No,Excellent,18,7,59.0,Average,9,No,687192
10739,46,Female,Sales,1,5,16531.0,No,Poor,42,4,56.0,Average,1,Yes,820065
10740,56,Female,Marketing,4,5,77841.0,No,Good,18,1,8.0,Average,3,No,203798
10741,21,Female,Finance,1,1,5583.0,No,Good,10,3,47.0,Average,7,No,168245
10742,28,Male,Marketing,4,17,91144.0,Yes,Fair,39,1,44.0,Average,9,No,258701
10743,55,Female,IT,5,22,110983.0,No,Poor,30,6,34.0,Average,5,No,473102
10744,35,Male,IT,3,1,57235.0,No,Good,26,6,14.0,Average,7,No,406330
10745,42,Female,Sales,3,11,57261.0,Yes,Good,7,2,11.0,Average,10,No,320693
10746,34,Male,IT,2,21,58126.0,Yes,Fair,7,6,40.0,Low,7,No,146537
10747,46,Female,IT,4,19,100599.0,Yes,Good,5,0,39.0,Average,4,No,392976
10748,48,Female,Marketing,2,23,59542.0,No,Good,1,0,43.0,Average,5,No,123472
10749,43,Female,Sales,3,19,65370.0,Yes,Good,18,8,40.0,Average,2,No,279922
10750,34,Female,IT,4,0,,No,Excellent,13,5,24.0,Average,8,No,215735
10751,44,Male,IT,5,0,86480.0,Yes,Good,25,4,53.0,Average,1,No,186298
10752,22,Female,IT,4,16,90084.0,No,,40,5,63.0,Average,2,No,633795
10753,46,Female,IT,2,0,31620.0,No,Excellent,8,5,,Average,3,No,306186
10754,34,Male,Finance,5,29,136646.0,No,Fair,10,0,30.0,High,7,No,679984
10755,27,Female,Sales,3,2,47051.0,No,Fair,32,4,40.0,Average,6,No,565463
10756,23,Male,Finance,4,10,101000.0,No,Good,17,8,47.0,Average,7,No,156373
10757,43,Female,IT,3,23,79256.0,No,Good,38,3,47.0,Average,5,No,640267
10758,38,Female,Marketing,2,21,62300.0,Yes,Good,15,2,37.0,High,4,No,508265
10759,58,Female,Finance,2,25,62551.0,Yes,Good,15,0,49.0,Average,7,No,945513
10760,55,Male,HR,2,12,46700.0,No,Good,40,1,49.0,High,3,No,124997
10761,35,Female,Sales,3,0,49291.0,No,Good,20,2,19.0,Average,10,No,811504
10762,45,Female,Marketing,2,23,67207.0,No,Fair,15,3,21.0,Average,7,No,312441
10763,57,Female,IT,2,9,38335.0,Yes,Excellent,35,6,16.0,High,2,Yes,710009
10764,48,Male,Marketing,2,34,78984.0,Yes,Fair,6,5,26.0,Average,8,No,646034
10765,30,Male,Sales,4,23,86493.0,Yes,Excellent,30,7,27.0,Average,6,No,842753
10766,59,Female,IT,2,27,70041.0,No,Fair,8,8,16.0,Average,3,No,371747
10767,37,Male,Finance,1,15,41094.0,No,Excellent,31,5,72.0,Average,3,No,439121
10768,59,Female,Marketing,1,15,28352.0,No,Poor,32,6,55.0,Average,5,No,104570
10769,42,Female,HR,1,16,123816.0,No,Fair,30,3,17.0,Average,3,No,787676
10770,46,Female,Finance,2,14,53108.0,No,Poor,18,1,61.0,Average,6,No,151604
10771,45,Female,IT,1,15,45590.0,No,Good,13,8,59.0,High,2,No,118467
10772,37,Female,Sales,1,14,29668.0,Yes,Excellent,24,8,32.0,Average,8,No,882693
10773,33,Female,IT,4,33,128495.0,No,Good,40,3,48.0,Average,9,No,964813
10774,40,Female,IT,4,10,69655.0,Yes,Excellent,14,2,23.0,Average,7,No,601062
10775,45,Male,Marketing,2,0,34022.0,Yes,Good,28,9,50.0,High,3,No,520159
10776,24,Male,IT,5,14,96608.0,No,,11,5,7.0,Average,10,No,301441
10777,30,Male,Sales,1,25,59106.0,No,Excellent,6,2,24.0,Average,4,No,336177
10778,23,Male,Sales,3,3,56029.0,No,Fair,25,0,29.0,High,10,No,884855
10779,38,Male,IT,3,4,57769.0,No,Good,1,3,79.0,High,2,No,103340
10780,56,Male,HR,2,34,79459.0,No,Excellent,25,0,60.0,Average,9,No,929964
10781,42,Male,Finance,2,12,50371.0,No,Excellent,2,1,65.0,Average,5,No,833208
10782,54,Female,HR,2,9,43237.0,No,Excellent,32,2,59.0,Average,2,No,857508
10783,28,Female,Marketing,2,10,40460.0,No,,13,7,39.0,Average,10,No,821535
10784,39,Female,Marketing,3,17,75411.0,No,Fair,33,9,63.0,High,6,No,289990
10785,57,Female,IT,1,33,59873.0,Yes,Excellent,32,3,43.0,High,7,No,144188
10786,26,Male,Marketing,1,22,48572.0,Yes,Good,24,3,61.0,Average,2,No,639499
10787,46,Male,Finance,1,6,36676.0,No,Excellent,27,9,71.0,Average,1,No,375640
10788,54,Female,IT,1,2,7357.0,Yes,Good,4,8,38.0,Average,7,No,980813
10789,26,Female,Sales,2,11,48793.0,No,Good,24,6,45.0,High,1,No,812608
10790,57,Male,IT,1,6,32350.0,Yes,Good,23,1,26.0,Average,3,No,599671
10791,53,Female,IT,4,25,101252.0,Yes,Fair,29,2,31.0,Average,4,No,850985
10792,42,Female,Marketing,1,32,42370.0,No,,34,3,25.0,Low,2,Yes,534361
10793,41,Female,IT,1,14,27053.0,No,Excellent,21,3,45.0,Average,7,No,990136
10794,26,Female,Marketing,3,1,57171.0,Yes,Excellent,30,9,35.0,Low,5,No,129672
10795,26,Male,IT,1,6,26953.0,No,Fair,26,7,31.0,High,1,No,181481
10796,24,Female,Sales,3,31,95235.0,No,Good,20,9,41.0,High,8,No,576454
10797,50,Female,Marketing,3,3,52913.0,Yes,Good,16,9,70.0,Average,10,No,305327
10798,31,Male,IT,1,19,42359.0,No,Good,3,5,58.0,Average,7,No,791387
10799,50,Male,HR,1,31,49524.0,No,Fair,37,2,13.0,High,4,No,529467
10800,51,Female,IT,2,27,69959.0,No,Excellent,40,8,46.0,Average,2,Yes,512619
10801,44,Male,Sales,1,12,32719.0,No,Good,44,9,40.0,Average,7,Yes,863423
10802,29,Female,IT,1,0,13074.0,Yes,Good,25,7,14.0,High,2,No,911582
10803,23,Female,IT,1,34,68149.0,Yes,Good,23,8,63.0,High,6,No,700050
10804,51,Male,IT,1,29,42566.0,No,,44,4,44.0,High,1,No,278012
10805,57,Female,Marketing,2,24,63950.0,No,Good,1,2,,Average,7,No,936908
10806,56,Female,IT,3,15,66942.0,No,Fair,33,3,43.0,Average,7,No,989140
10807,44,Female,Sales,3,18,86605.0,No,Fair,15,4,11.0,Low,4,No,338780
10808,51,Female,IT,1,0,21590.0,Yes,Good,17,8,8.0,Average,4,No,597457
10809,26,Male,Marketing,1,4,18904.0,No,Excellent,34,8,19.0,High,10,No,396346
10810,22,Male,Sales,4,21,95521.0,Yes,Good,17,2,52.0,Average,5,No,370873
10811,40,Female,Sales,2,23,74767.0,Yes,Fair,41,6,10.0,Average,2,No,648226
10812,48,Male,Sales,4,3,69922.0,Yes,Good,44,5,77.0,Average,9,No,858617
10813,31,Female,Sales,2,17,45813.0,No,Excellent,4,3,39.0,Average,10,No,175302
10814,24,Female,Finance,3,15,73746.0,Yes,Good,13,4,76.0,High,4,No,436064
10815,35,Female,Finance,2,17,58281.0,No,Excellent,4,9,75.0,Average,9,No,650050
10816,26,Female,HR,2,21,65196.0,No,Good,7,1,72.0,Average,3,No,784084
10817,50,Female,IT,2,1,41235.0,No,Good,9,6,62.0,Average,9,No,714874
10818,58,Male,HR,2,20,70624.0,No,,23,3,23.0,Average,1,No,120653
10819,22,Female,Marketing,1,28,41291.0,No,Fair,33,1,66.0,Average,7,No,768867
10820,35,Male,Marketing,2,25,58783.0,Yes,Good,33,5,75.0,Average,4,No,435058
10821,31,Male,HR,3,20,81973.0,No,Good,20,1,14.0,Average,7,No,273845
10822,28,Female,Marketing,4,16,84566.0,No,Excellent,4,9,29.0,High,10,No,473435
10823,46,Female,Finance,2,15,45260.0,No,Excellent,1,1,48.0,Average,6,No,135205
10824,25,Female,HR,2,30,83195.0,No,Fair,42,6,62.0,Low,4,No,898003
10825,26,Female,Sales,1,8,17880.0,No,Fair,34,0,29.0,Average,4,No,268392
10826,46,Female,IT,3,30,87892.0,No,Good,27,6,44.0,Low,8,No,216042
10827,24,Male,Finance,2,13,51243.0,No,Fair,21,9,74.0,Average,7,No,673141
10828,39,Female,Marketing,5,1,99054.0,No,Good,24,4,14.0,Average,4,No,261262
10829,40,Female,Finance,2,13,40387.0,No,Excellent,15,0,70.0,Average,6,No,218088
10830,53,Male,Marketing,2,32,76892.0,No,Excellent,35,5,29.0,High,6,No,713404
10831,40,Male,IT,3,34,89457.0,No,Good,25,6,,High,1,No,529738
10832,32,Female,Finance,4,19,98565.0,No,Excellent,9,0,15.0,High,2,No,565017
10833,21,Male,Finance,2,1,31759.0,No,Good,17,8,40.0,Average,4,No,144489
10834,46,Female,HR,2,18,67033.0,No,Fair,21,6,53.0,Average,6,No,360513
10835,34,Male,IT,5,17,104994.0,No,Good,13,0,52.0,High,6,No,608062
10836,58,Male,Finance,1,15,21228.0,Yes,Good,3,2,11.0,Average,1,No,757197
10837,57,Female,Sales,4,3,70866.0,No,Good,4,4,55.0,High,8,No,940195
10838,31,Male,Finance,1,11,29632.0,No,Fair,4,3,21.0,Low,2,No,182945
10839,56,Male,Sales,3,28,94094.0,Yes,Good,43,1,36.0,Low,5,Yes,681252
10840,33,Male,IT,3,6,53649.0,No,Good,28,0,30.0,High,4,No,230349
10841,23,Male,Finance,2,13,44168.0,No,Excellent,7,3,26.0,High,5,No,680686
10842,53,Male,Sales,4,11,90963.0,No,Good,26,6,17.0,High,5,No,969029
10843,26,Male,Sales,1,34,50548.0,Yes,Good,11,3,16.0,High,10,No,980954
10844,30,Female,IT,1,4,21726.0,No,Good,24,8,75.0,Average,8,No,677486
10845,25,Female,Marketing,2,16,54248.0,No,Fair,43,7,5.0,Average,10,No,447885
10846,43,Male,Sales,2,31,74505.0,No,Good,10,7,37.0,High,7,No,149427
10847,30,Female,Marketing,3,9,60300.0,Yes,Excellent,37,4,18.0,Average,9,No,762219
10848,22,Female,Sales,1,16,31638.0,No,Good,13,0,68.0,Average,1,No,407651
10849,33,Female,Marketing,1,4,24809.0,No,Excellent,44,8,47.0,Average,6,No,972933
10850,22,Male,Marketing,1,8,22224.0,No,Fair,42,1,62.0,Low,6,No,686858
10851,40,Female,IT,1,32,,No,Poor,39,5,45.0,Average,2,Yes,506070
10852,21,Male,IT,2,17,63766.0,No,Excellent,19,9,72.0,Average,8,No,788373
10853,57,Female,IT,3,8,66528.0,No,Excellent,19,4,43.0,High,6,No,393798
10854,29,Male,IT,4,28,116205.0,No,Excellent,12,9,5.0,Average,10,No,862744
10855,37,Male,Sales,4,13,92303.0,No,Good,22,7,45.0,Average,9,No,339779
10856,29,Female,Sales,1,24,39191.0,No,Excellent,37,2,49.0,Average,10,No,778414
10857,31,Female,Sales,2,14,53378.0,No,Excellent,30,5,17.0,Average,5,No,435872
10858,35,Male,IT,1,5,17906.0,Yes,,12,5,75.0,Average,7,No,160254
10859,44,Female,Sales,1,28,,No,Good,29,9,,Average,6,No,560936
10860,58,Female,IT,2,14,50116.0,Yes,Good,21,2,67.0,Low,5,No,800566
10861,55,Female,Marketing,1,28,57489.0,Yes,Excellent,11,6,27.0,Average,6,No,902713
10862,50,Male,HR,1,3,23249.0,No,Good,37,3,58.0,Average,4,No,892295
10863,51,Male,IT,4,17,,No,Good,18,4,51.0,Average,3,No,414347
10864,25,Female,IT,2,15,51105.0,No,Good,44,8,43.0,Low,1,No,568454
10865,34,Female,Finance,2,10,47142.0,No,Good,27,5,30.0,Average,1,No,398683
10866,31,Female,Marketing,1,13,23465.0,No,Good,37,9,5.0,Average,6,No,361137
10867,29,Male,Marketing,1,2,24679.0,No,Poor,12,3,18.0,Low,9,No,310144
10868,54,Male,Marketing,4,17,91027.0,No,Excellent,23,7,78.0,High,8,No,424582
10869,32,Female,Sales,1,19,32456.0,No,Good,34,8,69.0,Low,2,No,116077
10870,55,Female,Finance,2,24,56116.0,No,Good,38,9,73.0,High,9,No,486112
10871,55,Female,Finance,1,12,39003.0,No,Fair,23,4,,Low,8,No,655340
10872,21,Female,Sales,2,3,37315.0,No,,25,1,53.0,High,9,No,430099
10873,42,Female,Marketing,1,13,40742.0,Yes,Fair,4,5,54.0,Low,4,No,768878
10874,49,Female,Sales,4,32,119832.0,Yes,Good,30,7,62.0,High,9,No,762756
10875,28,Male,IT,4,27,110534.0,Yes,Poor,30,4,57.0,Average,2,No,184548
10876,31,Female,Sales,3,7,59199.0,Yes,Excellent,13,0,61.0,Average,1,No,271149
10877,57,Male,IT,1,33,42612.0,No,Fair,42,7,22.0,Average,9,No,111981
10878,34,Female,Finance,4,4,78677.0,Yes,Fair,14,8,20.0,Low,10,No,723277
10879,50,Female,IT,2,4,53349.0,Yes,Fair,8,0,6.0,High,8,No,692580
10880,55,Male,IT,2,30,71787.0,Yes,Poor,24,7,17.0,Low,7,No,426986
10881,41,Male,HR,3,8,51661.0,Yes,Good,18,9,49.0,High,8,No,847314
10882,57,Male,Finance,1,31,51150.0,Yes,Excellent,35,1,76.0,Low,1,No,383363
10883,25,Male,Sales,1,32,55297.0,No,Good,25,3,47.0,Average,9,No,997294
10884,39,Female,IT,3,2,49812.0,No,Fair,17,1,76.0,Average,10,No,137853
10885,34,Male,Marketing,1,29,37416.0,Yes,Fair,32,1,58.0,Average,9,No,236718
10886,46,Female,Finance,3,11,66612.0,No,Good,24,9,78.0,Average,9,No,809405
10887,24,Male,IT,2,28,64890.0,No,Excellent,7,2,35.0,High,6,No,277997
10888,45,Female,Finance,4,2,85036.0,Yes,Fair,13,7,13.0,High,4,No,274999
10889,45,Female,Finance,5,25,120606.0,No,Good,27,3,77.0,High,2,No,243063
10890,38,Female,Marketing,4,29,109617.0,No,Good,5,6,52.0,Average,4,No,576228
10891,28,Female,IT,1,8,26885.0,No,Fair,36,9,22.0,Average,7,No,135723
10892,59,Female,Sales,1,25,48562.0,No,Good,26,2,15.0,Average,1,No,780147
10893,34,Female,Sales,2,1,27286.0,Yes,Poor,42,9,66.0,Average,9,No,453837
10894,52,Male,HR,1,2,14159.0,No,Good,31,2,23.0,High,3,No,406935
10895,58,Female,IT,1,3,28131.0,No,Fair,10,1,78.0,Average,4,No,175171
10896,53,Male,Sales,2,24,66056.0,No,Good,26,5,28.0,Average,5,No,508148
10897,43,Male,IT,2,12,48008.0,Yes,Poor,22,5,17.0,Average,3,No,923343
10898,35,Female,HR,5,34,133717.0,No,Excellent,12,0,50.0,Average,4,No,620422
10899,53,Male,HR,1,22,47435.0,No,Fair,32,6,57.0,High,5,No,485602
10900,45,Female,Marketing,1,8,39545.0,No,Excellent,27,3,33.0,Average,1,No,468092
10901,37,Male,IT,1,1,20178.0,Yes,Excellent,33,2,40.0,Average,9,No,987733
10902,53,Female,Sales,4,30,101624.0,No,Excellent,20,7,75.0,High,10,No,465656
10903,22,Male,Finance,3,1,54505.0,No,Good,39,1,21.0,Average,10,No,503162
10904,34,Female,Sales,4,31,112845.0,No,Good,41,8,52.0,Low,4,Yes,447043
10905,59,Female,Finance,4,17,98373.0,No,,40,7,28.0,Low,9,No,245459
10906,26,Female,Finance,2,12,40709.0,No,Fair,13,7,58.0,Low,4,No,562357
10907,26,Female,HR,2,4,42322.0,No,Good,14,2,5.0,Average,1,No,936005
10908,23,Male,Finance,2,9,41416.0,No,Fair,44,3,71.0,High,5,No,739586
10909,27,Female,IT,3,24,79400.0,No,Excellent,40,1,10.0,Average,9,No,665693
10910,28,Male,IT,2,33,80675.0,No,Poor,22,1,59.0,Average,3,No,633440
10911,35,Male,Sales,2,29,75277.0,Yes,Good,18,3,42.0,High,5,No,329506
10912,49,Male,HR,4,6,75131.0,No,Good,29,5,37.0,High,3,No,528631
10913,53,Female,Marketing,5,5,95052.0,No,Good,43,4,,Average,3,No,589095
10914,50,Male,HR,3,2,53183.0,No,Good,16,0,24.0,Average,1,No,997007
10915,59,Male,IT,3,12,85750.0,No,Fair,35,9,59.0,Average,2,No,344085
10916,47,Male,IT,3,2,58070.0,No,Good,34,0,52.0,Low,2,No,999622
10917,56,Female,IT,1,25,42963.0,No,Fair,3,5,60.0,Average,9,No,729265
10918,49,Female,Sales,1,23,53533.0,Yes,Excellent,4,2,14.0,Average,7,No,525064
10919,58,Male,HR,3,5,68144.0,No,Good,5,2,56.0,Average,8,No,536610
10920,53,Female,Finance,3,11,77950.0,Yes,Excellent,10,6,54.0,Low,2,No,824625
10921,57,Female,Sales,1,1,31727.0,Yes,Poor,29,0,38.0,Average,9,Yes,131455
10922,47,Male,Sales,4,10,88246.0,No,Fair,32,0,40.0,Average,3,No,850708
10923,53,Male,Sales,1,33,55500.0,No,Fair,31,9,65.0,Average,10,No,428704
10924,24,Female,IT,1,25,46784.0,No,Poor,2,2,20.0,Average,2,No,978196
10925,42,Male,Marketing,3,17,72647.0,Yes,Fair,12,7,22.0,Average,1,No,598559
10926,22,Female,Sales,1,20,39577.0,Yes,Good,27,0,75.0,Average,9,No,247993
10927,30,Female,Sales,1,21,50639.0,No,Fair,5,9,51.0,Average,8,No,525395
10928,25,Female,HR,2,29,70804.0,No,Good,37,3,36.0,Low,4,No,202895
10929,30,Female,Finance,3,29,94628.0,Yes,Excellent,27,8,47.0,Average,7,No,807595
10930,53,Female,IT,2,7,48459.0,No,Good,23,3,44.0,High,3,No,787397
10931,58,Female,IT,3,33,87008.0,No,Good,33,9,69.0,High,3,No,133275
10932,33,Male,Finance,2,8,35296.0,No,,4,7,39.0,Average,4,No,923124
10933,51,Male,IT,1,19,33380.0,No,Good,21,6,73.0,High,2,No,895304
10934,56,Female,Marketing,5,24,116239.0,No,Fair,24,2,54.0,Average,10,No,676052
10935,44,Female,Finance,1,18,40405.0,No,Good,44,6,16.0,Low,4,No,219564
10936,35,Female,Sales,5,4,90910.0,No,Good,31,6,62.0,High,10,No,715159
10937,49,Male,Sales,2,10,52218.0,Yes,Excellent,44,9,67.0,Low,3,No,710431
10938,28,Female,Sales,5,14,103633.0,No,Good,24,2,77.0,Average,8,No,266033
10939,25,Male,HR,1,7,27941.0,No,Good,10,1,53.0,Average,2,No,648754
10940,49,Female,Marketing,2,18,58305.0,No,Good,2,8,40.0,Average,9,No,508978
10941,24,Female,IT,1,22,54806.0,No,Fair,31,0,58.0,Average,3,No,774290
10942,32,Male,Sales,1,26,43348.0,Yes,Good,25,6,51.0,Average,4,No,285285
10943,22,Male,Finance,3,31,104450.0,Yes,Good,4,3,36.0,Average,10,No,956623
10944,47,Female,IT,1,25,44433.0,No,Fair,11,1,57.0,Average,10,No,805734
10945,51,Female,Sales,3,26,77159.0,No,Fair,17,1,36.0,Average,3,No,287974
10946,56,Female,HR,1,18,38298.0,Yes,,44,7,66.0,High,3,Yes,694843
10947,56,Male,IT,2,28,89040.0,No,Good,2,6,41.0,High,8,No,726166
10948,46,Male,Finance,3,32,97771.0,No,Fair,6,6,42.0,Average,8,No,941307
10949,47,Male,Sales,2,18,61217.0,No,Good,9,4,34.0,Average,6,No,532530
10950,25,Male,Sales,3,18,80371.0,No,Good,5,9,62.0,High,4,No,807535
10951,40,Male,IT,3,32,87782.0,No,Good,20,7,36.0,Average,1,No,316272
10952,31,Male,Sales,4,15,91956.0,No,Excellent,29,1,70.0,Average,4,No,551631
10953,30,Female,IT,2,22,62415.0,No,Excellent,21,1,55.0,Average,8,No,444604
10954,58,Female,IT,3,6,72054.0,Yes,Good,9,4,15.0,High,6,No,670543
10955,26,Male,HR,5,25,119347.0,Yes,Poor,28,0,63.0,Average,2,No,411806
10956,28,Female,Marketing,3,31,88930.0,Yes,Good,8,5,24.0,Average,3,No,450226
10957,43,Female,IT,2,11,42211.0,No,Good,31,3,41.0,Average,7,No,704654
10958,46,Male,Sales,3,7,63240.0,Yes,Good,20,5,77.0,Average,4,No,571394
10959,32,Female,IT,3,4,60557.0,Yes,Good,27,6,53.0,Average,4,No,843982
10960,46,Male,Finance,3,27,79190.0,No,Fair,8,2,23.0,Average,5,No,149496
10961,33,Male,Finance,1,4,25518.0,Yes,Good,21,7,59.0,Average,8,No,465627
10962,38,Female,Sales,1,25,49399.0,Yes,Fair,28,6,44.0,Average,7,No,409935
10963,45,Male,Marketing,4,4,82880.0,Yes,Good,23,0,11.0,Average,9,No,589214
10964,53,Male,IT,1,21,50474.0,No,Fair,6,5,9.0,High,5,No,288307
10965,32,Male,Sales,3,14,71365.0,Yes,Good,3,6,46.0,High,1,Yes,925572
10966,56,Male,Sales,2,12,44181.0,No,Poor,5,3,52.0,Average,4,No,603954
10967,24,Male,Sales,2,27,63416.0,No,Good,9,1,11.0,Average,6,No,472009
10968,25,Male,Finance,1,32,66972.0,No,Good,7,9,15.0,Low,6,No,787436
10969,57,Male,Sales,1,22,45392.0,No,Fair,4,8,77.0,Average,9,No,733163
10970,28,Male,Sales,5,32,138876.0,No,Good,39,6,53.0,Average,10,No,675920
10971,48,Female,Marketing,4,17,95391.0,Yes,Good,5,0,34.0,Average,5,No,600110
10972,51,Female,HR,3,29,93322.0,Yes,Good,11,7,45.0,Average,5,No,908635
10973,29,Female,Sales,2,25,71632.0,Yes,Good,15,2,7.0,Average,6,No,606691
10974,49,Male,Sales,3,15,64661.0,Yes,Good,34,3,44.0,High,6,Yes,979824
10975,34,Male,Sales,3,12,70241.0,Yes,Good,13,4,55.0,Low,3,Yes,998458
10976,42,Female,Sales,2,32,66978.0,Yes,Good,7,0,36.0,Average,6,No,669930
10977,31,Female,IT,1,25,46290.0,No,Good,40,5,52.0,Low,8,No,488790
10978,43,Female,Sales,3,0,57841.0,No,Good,6,9,75.0,High,6,No,483574
10979,21,Male,Sales,3,1,49047.0,No,Fair,39,5,75.0,High,5,No,895918
10980,57,Female,Finance,5,5,99356.0,No,Fair,30,1,24.0,Average,3,No,291667
10981,41,Female,IT,1,23,36609.0,Yes,Poor,22,9,,Low,1,No,263230
10982,46,Male,IT,3,17,81259.0,Yes,Fair,25,5,28.0,Average,5,No,352660
10983,56,Female,IT,2,26,63213.0,No,Good,28,7,44.0,Average,6,No,901113
10984,43,Male,HR,2,7,38237.0,Yes,Good,20,5,56.0,Average,6,No,679078
10985,21,Male,IT,1,27,41787.0,Yes,Fair,39,3,43.0,Average,6,No,941484
10986,35,Male,IT,2,9,43323.0,No,Excellent,3,3,72.0,Low,3,No,439381
10987,41,Female,HR,2,16,43754.0,No,Good,5,8,65.0,Average,4,No,901804
10988,29,Female,Marketing,2,28,66309.0,No,Excellent,1,5,69.0,Average,3,No,126611
10989,29,Male,Sales,3,5,66596.0,Yes,Good,15,7,66.0,Average,2,No,891955
10990,30,Female,Finance,3,13,68467.0,No,Good,26,7,6.0,Average,8,No,407937
10991,46,Female,Sales,3,21,72134.0,No,Poor,3,6,10.0,High,7,No,775593
10992,55,Female,Finance,4,5,79357.0,No,Fair,40,2,,Average,8,No,740753
10993,45,Female,IT,2,25,66827.0,No,Poor,41,9,47.0,High,6,No,256027
10994,46,Male,Finance,1,11,42939.0,No,Good,42,0,44.0,Average,7,No,824659
10995,31,Female,Sales,3,34,99544.0,Yes,Fair,34,4,43.0,High,1,No,933956
10996,58,Male,IT,1,13,35433.0,No,Good,5,9,32.0,High,10,No,867155
10997,22,Male,IT,2,21,66630.0,No,Fair,31,9,67.0,Average,5,No,404765
10998,27,Female,Finance,1,22,43593.0,No,Excellent,13,1,68.0,High,4,No,316050
10999,38,Male,IT,1,6,24747.0,No,Fair,43,9,16.0,Average,10,Yes,191418
11000,47,Female,IT,4,24,110753.0,No,Fair,1,1,45.0,Average,3,No,823361
11001,54,Female,IT,1,12,22586.0,No,Fair,22,6,33.0,Low,2,No,825347
11002,47,Male,HR,2,20,65807.0,No,Good,15,2,27.0,Average,9,No,968029
11003,37,Male,IT,1,9,28135.0,No,Fair,26,7,55.0,Average,8,No,886447
11004,44,Male,Sales,3,8,61851.0,No,Good,18,8,49.0,High,10,No,890842
11005,45,Male,Marketing,2,14,49482.0,Yes,Poor,9,7,26.0,Average,2,No,643252
11006,27,Female,Finance,3,1,56122.0,Yes,,1,5,14.0,Average,6,No,170671
11007,26,Female,Marketing,2,24,64538.0,No,Excellent,43,4,11.0,Average,3,No,214128
11008,44,Female,Sales,1,12,29911.0,No,Poor,9,2,,Average,3,No,359534
11009,53,Male,Marketing,2,33,71384.0,No,Excellent,23,2,19.0,Average,5,No,959916
11010,49,Male,Finance,1,33,46168.0,No,Excellent,43,6,50.0,High,7,No,872640
11011,42,Male,IT,2,34,72457.0,Yes,Poor,2,4,65.0,Average,7,No,239674
11012,46,Female,IT,2,2,,Yes,Fair,14,5,65.0,Average,10,No,226003
11013,48,Male,HR,4,5,78907.0,No,Good,38,5,55.0,High,1,No,893664
11014,41,Female,Finance,1,18,51378.0,Yes,Good,40,8,42.0,Average,7,No,602571
11015,27,Male,IT,3,2,52704.0,No,Good,18,0,16.0,Low,7,No,288317
11016,37,Female,Sales,1,17,32257.0,Yes,Good,16,7,70.0,Average,6,No,825731
11017,40,Female,HR,2,8,41313.0,Yes,Good,29,9,58.0,Low,6,Yes,191602
11018,40,Male,Marketing,2,11,50120.0,No,Fair,44,4,43.0,High,2,No,390525
11019,42,Male,Marketing,4,4,80331.0,No,Excellent,11,5,43.0,Average,3,No,988079
11020,48,Female,Marketing,1,2,24770.0,No,Good,6,5,34.0,Average,3,No,217174
11021,27,Female,IT,1,10,34966.0,Yes,Good,3,0,52.0,Average,3,No,962737
11022,21,Male,Sales,2,29,76615.0,No,Excellent,14,2,35.0,Low,2,No,418169
11023,52,Male,Sales,1,3,19926.0,No,Good,2,5,29.0,High,9,No,968624
11024,33,Female,Sales,1,4,35118.0,No,Fair,32,8,72.0,High,6,No,809066
11025,50,Male,Sales,2,0,33871.0,No,Good,31,5,55.0,High,2,No,100819
11026,43,Female,HR,1,26,49856.0,Yes,Good,11,5,17.0,Average,3,No,266455
11027,39,Female,Sales,1,27,58174.0,No,Poor,22,0,67.0,Average,10,No,571900
11028,52,Male,IT,3,28,90998.0,No,Excellent,3,8,46.0,Low,6,No,171605
11029,50,Male,Marketing,2,17,42954.0,No,Fair,31,3,58.0,Average,4,No,367784
11030,49,Male,IT,1,11,31233.0,Yes,Good,33,1,71.0,Average,7,No,684176
11031,49,Male,Marketing,1,12,37571.0,No,Good,24,0,60.0,Average,6,No,464432
11032,50,Male,IT,3,1,47139.0,No,,1,2,,High,6,No,580026
11033,36,Female,Sales,1,15,40504.0,Yes,Excellent,44,2,50.0,Average,3,Yes,686532
11034,39,Female,HR,2,23,65940.0,Yes,Excellent,15,4,19.0,Low,8,No,304309
11035,38,Male,Sales,1,34,65903.0,No,Good,37,0,36.0,Low,9,No,350951
11036,21,Male,HR,3,21,75048.0,No,Fair,27,6,53.0,Average,6,No,355842
11037,34,Male,IT,2,10,53975.0,No,Fair,38,0,25.0,Low,2,No,823935
11038,22,Female,Sales,3,28,88557.0,No,Good,27,3,69.0,Average,1,No,809447
11039,48,Male,Sales,4,34,,No,Fair,44,5,74.0,Average,3,No,918347
11040,50,Male,HR,3,14,87516.0,No,Good,12,0,31.0,Average,3,No,667930
11041,58,Female,Marketing,1,30,63229.0,Yes,Excellent,3,6,27.0,High,8,No,215290
11042,24,Female,Finance,1,15,38883.0,No,Good,30,9,51.0,Average,5,No,868735
11043,21,Male,Finance,2,9,60726.0,No,Excellent,32,6,16.0,Average,1,No,811971
11044,28,Male,Sales,1,31,58820.0,Yes,Good,23,2,70.0,Average,4,No,472577
11045,49,Male,Finance,1,1,13752.0,No,Good,2,3,9.0,Average,7,No,615323
11046,59,Female,Finance,3,23,81364.0,No,Excellent,7,5,13.0,High,5,No,617528
11047,23,Male,IT,2,22,66970.0,No,Good,34,6,24.0,Low,10,No,492158
11048,52,Male,Marketing,2,1,42155.0,No,Excellent,32,3,67.0,Average,6,No,342030
11049,30,Male,HR,3,30,83248.0,No,Fair,39,9,76.0,High,10,No,927647
11050,30,Female,Marketing,3,25,77438.0,Yes,Fair,32,8,77.0,Average,4,No,877740
11051,39,Female,Marketing,1,28,49552.0,No,Excellent,43,8,75.0,Average,2,No,364631
11052,54,Male,Sales,4,2,77607.0,No,Good,43,8,34.0,Average,9,No,199662
11053,53,Male,IT,1,13,37575.0,No,Excellent,14,9,20.0,Average,2,No,161045
11054,43,Female,Marketing,3,24,83647.0,No,Excellent,3,5,9.0,High,2,No,454738
11055,48,Female,Sales,3,0,48993.0,No,Poor,32,1,33.0,Low,2,No,215377
11056,52,Female,IT,3,2,66821.0,Yes,Good,43,1,51.0,Low,1,Yes,324716
11057,27,Female,Marketing,2,25,59567.0,Yes,Good,36,3,26.0,Average,3,No,305107
11058,49,Female,IT,1,17,46214.0,No,Good,17,8,61.0,Average,6,No,683328
11059,28,Female,Sales,2,8,50032.0,Yes,Good,3,2,39.0,Average,7,No,201470
11060,21,Female,IT,3,22,88081.0,Yes,Fair,10,5,64.0,Average,1,No,976952
11061,23,Female,Sales,2,20,,No,Good,40,1,74.0,Average,5,No,947727
11062,44,Female,IT,4,0,71144.0,No,Good,18,0,64.0,Average,5,No,100825
11063,43,Male,Sales,2,20,60330.0,Yes,Fair,3,4,62.0,High,1,No,232263
11064,28,Male,IT,1,26,46341.0,No,Excellent,39,7,7.0,Average,4,No,493125
11065,57,Male,IT,1,5,25351.0,No,Good,10,9,38.0,Average,10,No,294562
11066,23,Female,Finance,2,27,77874.0,No,Excellent,9,9,49.0,Average,1,No,573459
11067,53,Male,IT,2,16,47418.0,No,Fair,11,1,54.0,High,1,No,401697
11068,48,Female,IT,3,2,,No,Fair,33,9,6.0,High,7,No,881334
11069,28,Female,IT,3,11,62605.0,Yes,Good,36,8,19.0,High,7,No,456449
11070,54,Male,Sales,4,11,84633.0,Yes,Poor,26,7,41.0,Average,3,No,631101
11071,55,Female,IT,4,1,72386.0,No,Excellent,27,2,19.0,High,7,No,650638
11072,52,Male,Sales,4,21,101833.0,No,Poor,38,0,64.0,Average,3,No,318633
11073,44,Male,Marketing,1,22,44602.0,No,,22,3,68.0,Average,2,No,313525
11074,34,Male,Sales,3,29,90617.0,No,Good,26,7,56.0,Average,10,No,864723
11075,52,Female,IT,1,4,25190.0,No,Good,22,2,27.0,High,4,No,319502
11076,36,Male,IT,1,8,29072.0,No,Poor,5,9,,High,10,No,265047
11077,24,Female,IT,3,20,82219.0,Yes,Good,35,1,45.0,High,3,Yes,518208
11078,57,Male,Sales,2,10,47266.0,Yes,Good,2,6,,High,7,No,274808
11079,41,Male,IT,1,4,32678.0,No,Fair,35,3,29.0,Average,1,Yes,232309
11080,34,Male,IT,1,34,74049.0,Yes,Excellent,9,5,41.0,Average,6,No,629231
11081,51,Female,Finance,1,26,53437.0,Yes,Fair,18,4,44.0,Low,2,No,284989
11082,38,Female,HR,4,1,74567.0,No,Good,43,1,50.0,High,8,No,230257
11083,27,Female,IT,1,23,49347.0,No,Good,12,9,64.0,Average,5,No,192055
11084,30,Male,IT,1,30,47393.0,No,Fair,3,1,23.0,High,3,No,192292
11085,27,Male,IT,2,32,75480.0,Yes,Excellent,18,8,13.0,Average,10,No,514436
11086,53,Female,IT,2,29,66412.0,Yes,Good,38,9,73.0,Average,7,No,541014
11087,43,Female,IT,4,27,107459.0,Yes,Poor,7,1,9.0,Low,2,No,652982
11088,41,Female,Sales,1,30,49641.0,No,Good,33,7,30.0,Average,5,No,783610
11089,39,Female,Sales,2,10,45931.0,No,Good,6,7,23.0,High,8,No,310550
11090,39,Female,Sales,3,22,,No,Good,18,0,34.0,Low,1,No,526443
11091,56,Female,Sales,4,1,66160.0,No,Good,22,0,52.0,Average,1,No,178305
11092,49,Male,IT,3,26,87329.0,No,Poor,39,3,20.0,Low,3,No,575255
11093,38,Female,IT,4,34,107586.0,Yes,Fair,9,1,75.0,Average,3,No,284992
11094,22,Male,Sales,1,1,25582.0,No,Excellent,35,0,22.0,Average,7,Yes,110447
11095,21,Male,Marketing,2,20,54276.0,No,Poor,23,8,60.0,Average,6,No,351740
11096,25,Female,Sales,2,4,43519.0,No,Excellent,12,2,25.0,High,7,No,174045
11097,40,Female,Finance,4,20,91428.0,No,Poor,24,0,35.0,Average,4,No,909297
11098,31,Male,IT,1,28,53912.0,Yes,Excellent,40,1,5.0,Average,2,No,941882
11099,22,Female,HR,1,19,31591.0,No,Good,9,7,7.0,Average,2,No,116134
11100,23,Female,Sales,2,19,56080.0,No,Good,13,4,29.0,Average,10,No,354819
11101,43,Male,IT,1,24,41722.0,Yes,Fair,40,6,,Average,1,Yes,676666
11102,32,Male,HR,1,1,24499.0,Yes,Poor,42,5,69.0,Average,9,No,206889
11103,40,Male,Marketing,5,31,129973.0,No,Fair,17,0,66.0,Average,7,No,512152
11104,25,Female,IT,2,25,58604.0,No,Fair,7,5,11.0,Average,10,No,309866
11105,57,Male,Marketing,3,5,58780.0,Yes,Fair,17,6,11.0,Average,3,No,817112
11106,58,Female,Sales,3,2,51766.0,No,Good,24,3,12.0,High,2,No,820669
11107,50,Male,Finance,2,32,80101.0,Yes,Good,2,7,23.0,High,3,No,777122
11108,29,Male,IT,1,0,25629.0,No,Good,35,7,21.0,Average,7,Yes,889660
11109,54,Male,Finance,1,4,14150.0,Yes,Good,28,6,15.0,Average,5,No,159405
11110,55,Female,Sales,2,12,55360.0,Yes,Good,19,1,53.0,Average,3,No,214764
11111,42,Female,IT,3,18,70660.0,No,Good,33,5,15.0,Average,9,No,431090
11112,44,Male,IT,2,11,47682.0,Yes,Good,21,5,45.0,High,2,No,755768
11113,37,Male,Finance,1,24,46993.0,No,Good,10,6,66.0,High,7,No,743068
11114,30,Male,HR,2,34,87699.0,Yes,Excellent,9,5,56.0,Average,10,No,147497
11115,50,Female,Marketing,4,11,79176.0,No,Fair,38,1,70.0,Average,6,No,886254
11116,43,Male,Sales,4,29,111808.0,Yes,Poor,6,7,72.0,Low,6,No,151419
11117,52,Female,Finance,4,4,69770.0,No,Good,42,3,79.0,Average,7,No,813447
11118,37,Male,Marketing,3,33,86156.0,No,Fair,35,8,71.0,High,6,No,743504
11119,37,Male,Finance,2,21,61370.0,Yes,Excellent,18,7,44.0,Average,2,No,482406
11120,34,Male,IT,3,12,68530.0,No,Excellent,19,2,9.0,Average,5,No,236845
11121,29,Male,IT,1,2,3406.0,Yes,Poor,5,2,26.0,Average,3,No,988733
11122,22,Male,Marketing,3,19,83757.0,No,Fair,25,7,41.0,Average,9,No,552391
11123,45,Male,Sales,3,30,77165.0,Yes,,11,1,15.0,Average,8,No,561453
11124,59,Female,IT,1,4,21924.0,No,Good,10,8,48.0,Average,10,No,759267
11125,29,Male,IT,3,23,89565.0,No,Fair,17,3,57.0,Average,2,No,618960
11126,42,Female,Finance,4,32,123655.0,No,Good,36,5,65.0,Average,1,No,900273
11127,24,Male,Sales,1,7,24221.0,No,Good,26,2,71.0,High,4,No,453010
11128,46,Male,IT,4,23,91002.0,No,Fair,31,2,17.0,Low,4,No,809439
11129,49,Female,Finance,1,19,48543.0,No,Poor,32,2,15.0,High,10,No,834303
11130,54,Male,Sales,3,15,77190.0,No,Good,21,9,15.0,Average,2,No,554683
11131,43,Female,Marketing,2,11,46266.0,No,Fair,18,1,11.0,Average,7,No,154501
11132,57,Female,Sales,2,12,46705.0,Yes,Excellent,18,7,21.0,High,3,No,161855
11133,31,Male,HR,4,24,96495.0,No,Good,1,8,52.0,Average,7,No,197735
11134,26,Female,Sales,4,31,107132.0,No,Good,14,7,18.0,High,7,No,351928
11135,38,Female,Sales,3,23,83496.0,No,Excellent,8,9,67.0,Average,1,No,191822
11136,41,Male,Marketing,1,8,24203.0,No,Excellent,2,2,68.0,Average,6,No,775219
11137,56,Female,HR,4,22,95762.0,Yes,Good,15,6,79.0,Average,4,No,434496
11138,58,Male,IT,1,12,36247.0,No,Fair,34,9,69.0,High,8,No,542909
11139,54,Male,Sales,4,31,100305.0,Yes,Good,36,1,38.0,High,8,No,585583
11140,37,Male,IT,2,14,50544.0,Yes,Good,1,3,13.0,Average,3,No,746068
11141,57,Male,IT,1,4,12744.0,Yes,Fair,21,5,41.0,Average,4,No,576120
11142,45,Female,HR,3,21,79850.0,No,Excellent,42,4,34.0,Average,1,Yes,708869
11143,58,Male,HR,1,15,24363.0,Yes,Fair,1,8,45.0,High,10,No,919817
11144,32,Male,Marketing,1,9,34140.0,Yes,Poor,32,9,49.0,Average,2,No,308713
11145,43,Female,HR,2,23,,No,Poor,20,3,51.0,Average,7,No,517860
11146,42,Male,IT,1,17,27764.0,Yes,Good,36,4,11.0,Average,7,No,105639
11147,41,Male,HR,1,17,36218.0,Yes,Good,39,3,18.0,Average,9,No,326938
11148,47,Female,Finance,1,6,35466.0,Yes,Fair,30,7,52.0,Average,10,No,963584
11149,51,Female,HR,2,3,43867.0,No,Fair,7,7,10.0,High,9,No,382724
11150,26,Female,IT,1,25,36466.0,No,Fair,22,2,38.0,Average,9,No,984736
11151,47,Female,Sales,3,4,50741.0,Yes,Good,10,0,50.0,High,6,No,389118
11152,54,Female,Marketing,1,15,33626.0,No,Poor,8,5,63.0,Low,8,No,618150
11153,32,Female,HR,4,34,126230.0,No,Excellent,27,1,74.0,Average,9,No,538589
11154,27,Female,Finance,4,25,96366.0,Yes,Fair,10,1,12.0,Average,7,No,475406
11155,30,Male,IT,1,17,32814.0,Yes,Excellent,14,2,28.0,Average,4,No,327158
11156,37,Female,Sales,3,28,96764.0,No,,11,7,71.0,High,4,No,147612
11157,46,Female,Finance,4,22,99569.0,No,Good,6,2,8.0,Low,6,No,517977
11158,41,Female,HR,5,13,111918.0,Yes,Fair,21,6,5.0,Low,4,No,358775
11159,48,Male,Marketing,3,14,66437.0,Yes,Poor,33,9,38.0,Average,7,No,634989
11160,22,Male,Marketing,1,32,55790.0,No,Excellent,19,9,13.0,Low,8,No,907254
11161,21,Female,Marketing,3,24,90693.0,Yes,Excellent,39,8,67.0,High,8,Yes,377114
11162,56,Female,Sales,3,20,,No,Good,24,7,14.0,Average,8,No,711016
11163,46,Female,Finance,3,16,79938.0,No,Good,18,0,14.0,Average,2,No,397991
11164,49,Male,IT,2,22,64723.0,No,Good,35,6,54.0,Low,10,No,123103
11165,41,Male,Marketing,4,16,84962.0,Yes,,43,6,48.0,Average,2,No,550695
11166,31,Female,IT,5,13,105502.0,No,Fair,37,7,52.0,Average,2,No,870430
11167,31,Male,Finance,1,28,57488.0,Yes,Good,19,9,10.0,Low,2,No,325465
11168,56,Female,IT,1,19,44816.0,No,Good,24,4,28.0,Average,4,No,602398
11169,59,Male,IT,1,29,52558.0,No,Good,34,9,62.0,Average,5,No,576063
11170,55,Male,Sales,4,18,82249.0,No,Excellent,22,8,,High,4,No,422931
11171,54,Female,Finance,3,12,57624.0,No,Fair,4,8,60.0,Average,5,No,248016
11172,44,Female,IT,3,17,64900.0,No,Fair,10,7,16.0,Average,4,No,592709
11173,42,Female,IT,2,22,59337.0,No,Good,2,5,39.0,High,7,No,870945
11174,25,Female,Finance,2,32,72137.0,No,Good,8,5,75.0,High,10,No,639262
11175,53,Male,IT,2,17,47547.0,No,Fair,33,0,10.0,High,1,Yes,409128
11176,56,Male,Sales,2,8,51735.0,No,Good,38,5,69.0,High,1,No,146893
11177,40,Male,IT,3,32,84817.0,No,Excellent,43,3,64.0,Average,2,No,593888
11178,39,Female,IT,5,31,118976.0,No,Fair,28,3,72.0,Average,1,No,621904
11179,55,Male,IT,4,16,91729.0,Yes,Good,10,1,33.0,Average,10,No,391996
11180,37,Female,Sales,4,18,99443.0,No,Good,1,3,42.0,Average,10,No,367097
11181,54,Male,Sales,2,26,79529.0,No,Good,34,4,26.0,High,3,No,845178
11182,29,Female,HR,2,5,45495.0,No,Excellent,3,4,12.0,Average,6,No,438917
11183,46,Female,Finance,3,34,104278.0,No,Good,9,4,67.0,Average,10,No,333756
11184,22,Male,Sales,4,33,104327.0,Yes,Good,5,3,17.0,Average,6,No,914880
11185,29,Female,IT,1,19,53758.0,Yes,Good,42,0,31.0,Average,1,No,656059
11186,29,Female,Marketing,2,24,53631.0,Yes,Good,10,9,22.0,High,6,No,151550
11187,37,Male,Sales,1,3,18576.0,Yes,,12,7,22.0,Average,5,No,155378
11188,21,Female,IT,3,9,68163.0,No,Excellent,18,2,66.0,Average,7,No,285967
11189,45,Female,Finance,2,9,37168.0,No,Good,21,1,18.0,High,6,No,342329
11190,45,Female,Marketing,2,23,58037.0,No,Fair,21,8,,Average,7,No,289809
11191,59,Male,Finance,1,20,35484.0,No,Fair,1,6,21.0,High,2,No,692412
11192,55,Male,Finance,2,10,46138.0,Yes,Poor,3,8,55.0,Average,1,No,816170
11193,23,Female,Finance,4,26,111729.0,Yes,Poor,5,1,18.0,Average,7,No,355976
11194,57,Male,IT,1,15,36100.0,Yes,,25,8,61.0,High,9,No,311423
11195,50,Female,Finance,3,25,81221.0,No,Good,8,9,10.0,Average,2,No,434036
11196,58,Female,Sales,3,29,71494.0,No,Good,17,8,61.0,Average,7,No,862785
11197,54,Female,Marketing,4,15,92800.0,Yes,Good,9,8,8.0,Average,3,No,376839
11198,32,Female,IT,1,6,29940.0,Yes,Excellent,32,9,15.0,High,6,No,546677
11199,39,Female,IT,5,15,97799.0,Yes,Good,6,9,78.0,Low,3,No,363547
11200,57,Male,Sales,3,34,94398.0,No,Excellent,40,3,15.0,High,10,No,730983
11201,37,Female,Finance,5,15,109158.0,No,,21,9,12.0,Average,5,No,783687
11202,30,Male,Sales,4,11,90987.0,No,Excellent,7,2,63.0,Average,2,No,692109
11203,32,Male,Marketing,1,34,54451.0,No,Good,7,5,25.0,High,8,No,239934
11204,36,Female,Finance,1,20,36747.0,No,Fair,39,2,69.0,Average,8,No,298336
11205,44,Female,Sales,1,16,34461.0,Yes,Good,27,8,28.0,Average,7,No,897862
11206,39,Male,Finance,2,31,80906.0,No,Good,8,2,34.0,High,6,No,789377
11207,28,Male,Finance,1,5,30263.0,No,Fair,9,1,61.0,High,1,No,264718
11208,51,Male,IT,1,23,45471.0,No,Good,28,7,77.0,Average,8,No,128922
11209,41,Female,HR,2,26,73318.0,No,Fair,15,5,21.0,Average,1,No,766903
11210,37,Male,Sales,1,19,26587.0,No,Poor,2,7,63.0,High,8,No,805009
11211,43,Female,Sales,1,24,51549.0,No,Excellent,7,6,35.0,High,2,No,192099
11212,57,Female,HR,2,1,30487.0,Yes,Good,18,2,68.0,High,8,No,279932
11213,36,Female,Marketing,1,8,38202.0,No,Excellent,22,7,52.0,Average,10,No,553604
11214,26,Male,Sales,2,27,186042.0,Yes,Good,20,9,27.0,High,4,No,422236
11215,28,Female,Finance,2,2,33283.0,Yes,Good,33,0,74.0,Average,7,Yes,959546
11216,45,Female,HR,2,19,62174.0,No,Good,7,0,34.0,Low,5,No,383407
11217,38,Female,IT,4,5,81953.0,No,Good,3,9,59.0,Average,8,No,176204
11218,45,Female,Finance,2,32,71722.0,Yes,,14,7,11.0,Average,6,No,968890
11219,32,Female,Marketing,2,0,38228.0,No,Fair,44,8,79.0,Average,5,No,505448
11220,35,Male,HR,2,5,44972.0,No,Excellent,36,9,16.0,Average,1,No,764452
11221,46,Female,IT,4,33,113958.0,Yes,,13,5,64.0,Low,3,No,602727
11222,46,Female,IT,4,14,86372.0,No,Good,16,4,56.0,Average,10,No,358257
11223,52,Male,Sales,4,25,105031.0,No,Excellent,16,1,31.0,Low,9,No,402626
11224,30,Female,HR,3,13,78038.0,No,Good,5,8,16.0,Average,9,No,264330
11225,36,Male,IT,1,6,17847.0,No,Excellent,25,5,17.0,Low,5,No,478541
11226,27,Female,IT,1,30,48959.0,Yes,Good,38,7,76.0,Low,3,No,683385
11227,37,Male,Finance,1,23,45763.0,No,Poor,38,8,66.0,Average,6,No,975063
11228,43,Male,HR,4,30,101662.0,No,Excellent,38,8,,Average,5,No,118302
11229,46,Female,IT,3,28,76779.0,No,Good,39,7,39.0,High,1,No,700050
11230,41,Female,IT,3,31,,Yes,Good,41,9,64.0,High,2,No,403078
11231,42,Female,Finance,2,16,41827.0,No,Good,26,7,33.0,High,5,No,700727
11232,27,Male,Marketing,4,13,85185.0,No,Fair,13,2,35.0,Average,9,No,843305
11233,34,Male,IT,1,23,50153.0,Yes,Good,44,2,65.0,Average,4,No,142446
11234,35,Male,Finance,1,26,50800.0,No,Excellent,26,1,6.0,Low,9,No,433779
11235,27,Female,HR,2,24,62476.0,No,Poor,1,0,37.0,High,3,No,388220
11236,29,Male,IT,2,31,66615.0,Yes,Fair,8,3,76.0,Low,1,No,542565
11237,28,Male,HR,2,17,58463.0,No,Poor,4,1,66.0,Average,6,No,208463
11238,43,Female,IT,4,17,86469.0,No,Good,21,1,63.0,Average,10,No,620712
11239,49,Male,Finance,1,25,49595.0,No,Good,22,4,44.0,Average,7,No,146578
11240,38,Male,Marketing,2,8,46445.0,No,Good,37,3,53.0,High,4,No,765086
11241,51,Female,Sales,2,34,77706.0,No,Excellent,3,0,36.0,High,10,No,937297
11242,50,Male,IT,1,7,22558.0,No,Good,19,8,42.0,High,5,No,699364
11243,59,Female,IT,4,19,,No,Fair,1,3,17.0,Average,4,No,743759
11244,55,Female,Sales,3,21,81349.0,Yes,Excellent,29,4,58.0,High,3,No,370246
11245,38,Female,Sales,3,18,73927.0,No,Good,23,6,17.0,Average,1,No,112754
11246,59,Female,HR,4,29,108385.0,Yes,Good,33,1,43.0,High,6,No,264435
11247,37,Female,Sales,3,27,81753.0,Yes,Good,41,7,27.0,Average,10,No,567082
11248,34,Male,Sales,1,34,56482.0,Yes,Excellent,23,1,18.0,Average,5,No,558993
11249,51,Male,Sales,3,10,80351.0,No,Good,5,9,21.0,Average,1,No,774107
11250,44,Female,HR,2,30,,Yes,,7,4,28.0,Average,5,No,280956
11251,55,Female,Finance,1,29,52333.0,Yes,Good,6,1,,High,6,No,455515
11252,54,Male,IT,1,22,41663.0,Yes,Poor,22,1,67.0,High,10,No,528610
11253,23,Female,Marketing,3,18,69362.0,Yes,Good,13,3,38.0,Average,5,No,422628
11254,57,Female,IT,3,11,69726.0,No,Good,12,3,55.0,Average,1,No,356438
11255,46,Female,Finance,1,14,35018.0,No,Fair,4,7,14.0,Average,5,No,929516
11256,43,Male,Marketing,3,30,95466.0,Yes,Poor,8,5,,High,10,No,852015
11257,59,Male,IT,4,14,93663.0,No,Fair,37,9,25.0,Average,1,No,262165
11258,35,Female,IT,1,28,57004.0,No,Good,31,7,41.0,Low,3,No,631467
11259,24,Female,Finance,1,25,42490.0,No,Excellent,37,6,11.0,Average,2,No,789638
11260,49,Male,Sales,3,1,59045.0,No,Excellent,26,9,17.0,Low,1,Yes,407957
11261,42,Male,HR,1,19,44791.0,No,Fair,43,3,34.0,High,4,No,315788
11262,45,Female,IT,3,14,64673.0,Yes,Good,8,1,35.0,Average,2,No,303515
11263,33,Female,IT,1,3,19688.0,No,Excellent,40,8,,Average,5,No,202816
11264,38,Male,Sales,2,21,52463.0,No,Fair,33,1,36.0,High,10,No,464750
11265,53,Male,Marketing,3,22,84417.0,No,Good,29,0,20.0,Low,1,No,294900
11266,36,Male,IT,3,25,87990.0,No,Good,5,7,77.0,Average,10,No,216331
11267,22,Female,IT,4,10,92582.0,Yes,Poor,28,9,26.0,Average,1,No,733552
11268,55,Male,Marketing,4,27,103027.0,No,Excellent,40,8,68.0,Average,10,No,169942
11269,54,Female,IT,3,1,57908.0,No,,17,0,48.0,Average,4,No,457683
11270,50,Male,Marketing,3,7,68326.0,No,Poor,23,6,44.0,High,7,No,906180
11271,33,Male,IT,1,28,47076.0,Yes,Poor,9,1,41.0,High,2,No,975120
11272,33,Male,Sales,2,10,42564.0,No,Poor,2,5,20.0,High,2,No,175127
11273,38,Male,Finance,1,17,34062.0,No,Fair,32,4,47.0,High,1,Yes,371886
11274,52,Female,IT,4,13,85504.0,No,Good,31,0,67.0,Average,5,No,103411
11275,52,Female,Finance,2,9,41576.0,No,Good,7,1,19.0,Average,6,No,706290
11276,55,Male,Marketing,2,34,72721.0,No,Fair,30,1,48.0,Average,6,No,400608
11277,59,Female,Finance,1,8,32885.0,Yes,Excellent,3,9,13.0,High,2,No,736355
11278,49,Male,IT,3,34,94221.0,Yes,Good,9,9,69.0,Average,7,No,391842
11279,49,Male,Marketing,4,10,85840.0,Yes,Poor,10,5,48.0,Average,6,No,224359
11280,36,Male,IT,2,11,45895.0,No,Fair,26,0,24.0,Average,8,No,471560
11281,30,Male,IT,4,2,70701.0,Yes,Good,1,3,,Average,6,No,962443
11282,50,Female,Marketing,1,13,35313.0,No,Good,30,9,78.0,Average,9,No,184360
11283,45,Male,Sales,2,27,69156.0,No,Fair,38,4,37.0,High,10,No,433440
11284,59,Male,Finance,4,10,88667.0,Yes,Fair,15,1,,Average,2,No,707990
11285,40,Female,Marketing,2,24,72609.0,Yes,Excellent,25,1,35.0,High,7,No,491914
11286,25,Male,Finance,5,20,109851.0,Yes,Excellent,6,6,70.0,Average,5,No,933565
11287,21,Male,IT,1,9,33967.0,No,Fair,18,6,22.0,Average,1,No,277734
11288,50,Male,Finance,1,14,28321.0,Yes,Good,1,5,32.0,High,3,No,293493
11289,23,Female,IT,4,18,106042.0,Yes,Good,3,0,72.0,High,4,No,125180
11290,34,Male,Marketing,1,21,38482.0,No,Good,17,2,69.0,Low,2,No,532410
11291,50,Female,Sales,5,20,118143.0,No,Good,8,8,49.0,Average,7,No,574840
11292,24,Male,Sales,5,31,120676.0,Yes,Excellent,40,9,62.0,Average,1,No,767885
11293,38,Male,HR,1,22,43487.0,No,Good,17,0,51.0,Average,3,No,239994
11294,57,Female,IT,2,12,59674.0,No,Good,25,1,70.0,Average,9,No,293854
11295,45,Male,IT,1,4,17893.0,No,Good,41,7,56.0,High,2,No,573034
11296,21,Male,Finance,2,3,52825.0,No,Excellent,12,6,,Average,5,No,478192
11297,35,Female,IT,1,27,50368.0,Yes,Good,29,8,5.0,Average,4,Yes,528062
11298,29,Female,IT,1,13,39454.0,No,Poor,25,9,43.0,Average,3,No,838257
11299,35,Female,Sales,2,7,46817.0,No,Fair,36,3,79.0,High,5,No,588338
11300,44,Female,IT,2,8,48342.0,Yes,Good,25,3,5.0,High,6,No,468241
11301,24,Female,IT,5,34,122243.0,No,Fair,29,6,79.0,Average,1,No,953605
11302,32,Male,Sales,4,20,93162.0,No,Good,11,0,78.0,Average,2,No,113916
11303,57,Female,HR,3,17,81575.0,Yes,Excellent,4,9,18.0,High,1,No,786286
11304,57,Male,Sales,2,32,72334.0,Yes,Good,14,8,75.0,Average,3,No,142941
11305,26,Male,Sales,4,7,81232.0,No,Excellent,38,1,27.0,Average,8,No,684582
11306,59,Male,IT,2,16,45915.0,Yes,Fair,17,0,47.0,High,8,No,119684
11307,44,Female,Sales,3,30,86774.0,No,Excellent,2,6,26.0,High,4,No,988740
11308,31,Female,Finance,5,33,136338.0,Yes,Good,8,5,64.0,Average,6,No,772326
11309,33,Male,Finance,2,5,34304.0,Yes,Good,36,2,31.0,Average,9,Yes,345077
11310,54,Female,IT,3,21,83502.0,No,Good,10,0,60.0,Average,7,No,583787
11311,45,Female,Marketing,4,13,,No,Fair,7,4,6.0,Average,2,No,812839
11312,27,Female,IT,4,2,72984.0,No,Good,36,9,43.0,Average,2,No,306776
11313,24,Female,IT,3,11,65520.0,No,Good,16,3,55.0,Average,3,No,551537
11314,28,Male,Marketing,1,11,28253.0,Yes,Fair,14,4,23.0,Low,8,No,960443
11315,40,Male,Sales,2,1,34788.0,No,Good,16,0,66.0,Average,10,No,717297
11316,49,Female,Marketing,1,1,24778.0,No,Good,25,0,75.0,Average,9,No,397310
11317,30,Male,Sales,3,14,68207.0,Yes,Fair,41,4,71.0,Average,3,Yes,677552
11318,54,Female,IT,1,22,55245.0,No,Poor,4,5,67.0,Average,9,No,330614
11319,46,Female,Sales,4,28,107397.0,Yes,Good,29,4,9.0,Average,10,No,627754
11320,23,Male,Finance,1,16,33742.0,No,Good,6,1,76.0,Average,8,No,908334
11321,26,Male,IT,1,31,61040.0,No,,1,8,65.0,Average,5,No,684093
11322,25,Male,Finance,2,6,46943.0,No,Excellent,39,4,75.0,High,10,No,463614
11323,25,Female,HR,3,29,78874.0,No,Good,1,4,11.0,Average,3,No,357656
11324,43,Male,HR,1,27,44193.0,No,Good,40,9,54.0,High,7,No,159397
11325,29,Female,Sales,2,13,50907.0,Yes,Good,3,8,50.0,Average,9,No,364278
11326,55,Male,HR,2,29,61298.0,No,Good,1,2,76.0,Average,6,No,479068
11327,40,Male,Marketing,1,16,49743.0,Yes,Fair,1,4,78.0,Low,3,No,689414
11328,55,Female,HR,1,31,60133.0,No,Good,39,4,18.0,Average,5,No,927811
11329,38,Female,Finance,4,5,77920.0,No,Good,21,1,77.0,High,7,No,454082
11330,37,Female,Finance,2,23,61543.0,No,Poor,30,3,73.0,High,8,No,848610
11331,44,Female,HR,1,5,20402.0,Yes,Good,32,1,69.0,High,4,No,709897
11332,23,Female,IT,4,26,91415.0,No,Excellent,33,4,69.0,Average,2,No,573335
11333,52,Female,Sales,5,17,100002.0,No,Good,22,9,61.0,Average,10,No,399867
11334,55,Female,Sales,3,23,,Yes,Good,30,1,66.0,Average,2,No,272238
11335,58,Female,Sales,2,23,73041.0,No,Excellent,4,9,24.0,Average,3,No,189292
11336,33,Male,IT,4,33,108145.0,Yes,Good,23,8,79.0,Average,8,No,709598
11337,45,Female,IT,5,14,112247.0,No,Fair,44,9,30.0,High,1,No,975602
11338,29,Female,IT,3,10,69038.0,Yes,Fair,25,5,48.0,High,7,Yes,852039
11339,24,Male,IT,2,21,64945.0,No,Good,12,7,,Average,6,No,107249
11340,34,Female,HR,3,23,73048.0,Yes,Good,17,8,74.0,Average,2,No,603582
11341,57,Male,IT,3,0,43150.0,Yes,Fair,15,7,66.0,Average,9,No,590020
11342,54,Male,Finance,1,17,,No,Fair,10,4,49.0,Average,5,No,103796
11343,31,Female,Sales,2,11,37324.0,Yes,Excellent,35,4,15.0,Average,2,No,642852
11344,23,Male,Sales,4,27,103510.0,No,Good,29,5,76.0,High,3,No,589464
11345,48,Female,Finance,3,6,58993.0,Yes,Excellent,12,0,78.0,Average,7,No,194322
11346,49,Male,HR,2,22,59639.0,No,Good,1,7,38.0,Average,7,No,311920
11347,29,Male,IT,3,20,79886.0,No,Excellent,1,1,50.0,Average,10,No,743203
11348,23,Male,HR,1,33,53534.0,Yes,Fair,10,5,36.0,Low,1,Yes,715797
11349,45,Female,HR,2,10,50374.0,Yes,Good,18,8,79.0,High,10,No,489273
11350,54,Female,Sales,3,21,80046.0,No,Poor,2,2,9.0,Average,4,No,309815
11351,32,Male,Sales,1,34,71392.0,No,Good,8,1,67.0,High,6,No,297559
11352,29,Male,IT,1,28,43287.0,No,Good,22,9,33.0,Average,8,No,415317
11353,35,Female,IT,5,27,122575.0,No,,22,4,52.0,Average,3,No,491973
11354,45,Female,Finance,1,17,40988.0,No,Excellent,26,8,20.0,Low,3,No,875533
11355,25,Male,Marketing,1,13,32061.0,Yes,Excellent,26,5,29.0,Average,8,No,766750
11356,31,Male,IT,5,17,102377.0,Yes,Poor,9,7,76.0,High,8,No,156627
11357,54,Female,Finance,3,27,93942.0,Yes,Good,21,7,33.0,High,8,No,842090
11358,44,Female,HR,3,23,83621.0,Yes,Good,31,6,56.0,High,1,No,262022
11359,35,Female,IT,4,7,72798.0,Yes,Good,43,4,50.0,Average,8,No,556179
11360,58,Female,Finance,1,7,29032.0,No,Excellent,6,1,29.0,High,8,No,800053
11361,28,Female,HR,3,3,67809.0,No,Fair,14,9,27.0,High,2,No,250672
11362,25,Male,IT,2,26,66982.0,No,Excellent,33,9,38.0,Low,9,No,567850
11363,46,Female,Sales,4,4,76786.0,Yes,Fair,7,4,71.0,High,7,No,556302
11364,38,Male,IT,2,32,83808.0,No,Good,24,6,38.0,Average,8,No,701766
11365,26,Female,Marketing,3,33,87777.0,No,Good,9,6,36.0,Average,2,No,114012
11366,57,Male,Marketing,2,29,81165.0,No,Fair,11,1,33.0,Average,4,No,341626
11367,33,Female,Finance,2,7,50237.0,Yes,Fair,23,6,13.0,High,7,No,934608
11368,48,Female,Finance,3,25,78454.0,Yes,Excellent,2,5,70.0,Average,6,No,896778
11369,25,Male,IT,3,33,89590.0,Yes,Good,15,6,61.0,Average,7,No,507644
11370,33,Male,IT,3,6,58051.0,Yes,Fair,35,7,43.0,Average,1,Yes,892187
11371,37,Female,Sales,2,27,57398.0,No,Good,36,3,11.0,Average,8,No,604636
11372,52,Female,IT,2,27,69962.0,Yes,,28,0,73.0,Average,7,No,630571
11373,49,Female,IT,3,13,64326.0,Yes,Fair,39,7,12.0,Average,4,No,935468
11374,23,Female,Marketing,4,3,77379.0,No,Good,44,7,22.0,Average,1,No,232409
11375,54,Female,IT,3,17,66654.0,No,Poor,4,2,,High,8,No,489130
11376,47,Male,IT,4,24,,No,Excellent,10,2,20.0,High,10,No,208991
11377,33,Male,IT,4,6,83625.0,No,Good,6,4,25.0,High,7,No,610878
11378,53,Female,IT,2,27,64164.0,No,Excellent,30,2,14.0,Average,8,No,687256
11379,26,Male,Finance,3,4,60957.0,Yes,,35,4,8.0,Average,10,No,514073
11380,44,Male,Sales,4,2,74897.0,No,Excellent,43,7,48.0,Average,1,No,321544
11381,39,Male,IT,3,30,98893.0,No,Good,10,0,12.0,Low,5,No,205130
11382,36,Female,Finance,4,19,88605.0,No,Good,32,1,59.0,High,9,No,651928
11383,48,Male,IT,3,18,74686.0,Yes,Excellent,42,1,23.0,Average,5,No,473377
11384,53,Female,Sales,2,10,44155.0,No,Good,42,3,68.0,High,10,No,640502
11385,33,Male,IT,1,2,20668.0,Yes,Poor,3,8,44.0,Low,3,No,272604
11386,45,Female,Finance,2,22,65599.0,No,Good,26,1,55.0,High,9,No,388675
11387,56,Male,Sales,5,6,93289.0,Yes,Excellent,15,8,13.0,Average,9,No,828909
11388,47,Female,Finance,3,22,78215.0,Yes,Good,17,6,34.0,Low,4,Yes,922244
11389,58,Female,Finance,2,6,48996.0,No,Good,27,9,60.0,Average,4,No,421072
11390,27,Male,IT,4,33,119743.0,No,Good,18,7,48.0,Average,8,No,301626
11391,25,Female,Marketing,3,18,78561.0,No,Excellent,19,0,63.0,Average,7,No,950315
11392,51,Female,Finance,2,8,44772.0,Yes,Poor,12,4,19.0,Average,5,No,708441
11393,43,Female,Finance,3,17,73001.0,Yes,Good,24,8,72.0,Average,6,No,324476
11394,30,Female,Finance,3,24,86088.0,No,Fair,5,3,74.0,High,3,No,220325
11395,52,Female,Sales,1,13,34966.0,No,Good,24,1,65.0,Average,6,No,467915
11396,50,Female,Sales,2,24,54906.0,No,Good,27,5,27.0,Average,8,No,807758
11397,59,Female,IT,2,18,61034.0,No,Fair,30,1,51.0,Average,10,No,142774
11398,51,Female,Sales,2,14,47636.0,No,Fair,15,2,21.0,Average,9,No,524306
11399,38,Male,IT,2,15,45498.0,No,Good,38,7,61.0,Average,3,No,661097
11400,56,Male,Marketing,2,26,57189.0,No,Fair,44,2,58.0,Average,8,No,429569
11401,22,Female,Finance,1,9,27503.0,No,Fair,34,1,56.0,Average,3,Yes,110091
11402,34,Female,IT,2,3,33500.0,Yes,Excellent,27,5,26.0,Average,2,No,539499
11403,33,Male,Marketing,1,18,25641.0,No,Fair,20,2,43.0,Average,5,No,667577
11404,49,Male,Finance,2,27,66249.0,No,Good,41,0,17.0,Average,4,No,628006
11405,32,Male,IT,4,20,,No,Excellent,32,2,70.0,Average,5,No,252991
11406,59,Female,Sales,3,13,68700.0,No,Fair,4,5,56.0,Low,6,No,535232
11407,22,Male,IT,2,32,70626.0,Yes,Good,5,2,18.0,Average,3,No,961666
11408,52,Female,Finance,1,9,39775.0,No,Good,8,8,77.0,Average,1,No,343859
11409,33,Female,IT,1,18,42704.0,No,Good,22,6,78.0,Low,4,No,396542
11410,47,Male,IT,2,29,67802.0,Yes,Excellent,42,4,67.0,Average,6,Yes,383588
11411,37,Female,Sales,1,21,42818.0,Yes,Excellent,7,1,75.0,Low,2,No,838271
11412,51,Female,Finance,2,2,46887.0,Yes,Good,22,8,32.0,High,2,No,410195
11413,54,Female,Finance,1,17,44139.0,No,Fair,30,4,50.0,Average,1,No,333966
11414,44,Female,Finance,4,10,75622.0,No,Poor,37,6,32.0,Low,9,No,486217
11415,55,Male,Marketing,2,1,31354.0,No,Good,16,8,6.0,Low,3,No,893298
11416,26,Male,Finance,1,11,26508.0,Yes,Fair,15,3,21.0,Average,2,No,600742
11417,39,Female,Marketing,4,5,75361.0,No,Good,5,8,63.0,Average,4,No,752667
11418,50,Female,Marketing,2,28,66027.0,Yes,Good,3,0,56.0,High,6,No,615925
11419,27,Male,Finance,1,29,53004.0,Yes,Poor,23,5,8.0,High,1,No,348241
11420,30,Female,IT,2,1,41614.0,No,Excellent,10,1,7.0,Average,9,No,801473
11421,52,Male,Sales,3,8,69015.0,No,Fair,5,7,41.0,Average,9,No,665810
11422,54,Female,IT,3,1,53239.0,Yes,Good,23,4,28.0,High,8,No,427287
11423,48,Female,IT,1,28,41791.0,Yes,Good,15,2,76.0,High,6,No,394903
11424,35,Male,HR,2,32,68157.0,Yes,Good,18,1,39.0,Average,4,No,909097
11425,50,Male,HR,1,9,25681.0,No,Good,25,7,6.0,Average,2,No,976910
11426,57,Male,Marketing,1,33,50129.0,No,Poor,8,6,,Average,8,No,827145
11427,49,Male,Marketing,4,7,87245.0,No,Good,31,8,14.0,Average,7,No,559545
11428,42,Female,Finance,3,32,85322.0,No,Good,21,7,66.0,Average,4,No,127679
11429,24,Male,IT,2,5,45702.0,No,Excellent,2,3,,High,3,No,678171
11430,40,Female,Sales,3,18,65508.0,Yes,Good,22,1,73.0,Average,6,No,441673
11431,52,Male,Sales,1,31,59143.0,No,Good,8,1,63.0,High,1,No,977501
11432,56,Male,HR,4,26,102364.0,No,Good,23,1,13.0,Average,2,No,169131
11433,24,Female,Sales,1,0,27075.0,Yes,Excellent,32,5,64.0,Average,7,Yes,148295
11434,47,Male,Sales,1,32,49610.0,Yes,Fair,8,6,67.0,Average,3,No,278253
11435,37,Male,Marketing,2,31,69815.0,Yes,Good,4,5,56.0,Average,1,No,281793
11436,32,Male,Finance,3,4,56577.0,Yes,Good,30,1,27.0,Average,2,No,888688
11437,42,Male,HR,2,16,54284.0,No,,19,3,34.0,Average,10,No,898533
11438,37,Female,Sales,1,7,24324.0,No,Fair,23,2,47.0,High,10,No,539706
11439,30,Female,IT,2,33,73639.0,No,Good,18,3,72.0,High,9,No,677543
11440,21,Male,Sales,2,8,43541.0,No,Fair,29,4,25.0,Average,7,No,719232
11441,42,Male,Marketing,1,22,31972.0,No,Good,23,6,47.0,Average,7,No,589698
11442,46,Male,IT,4,34,118760.0,No,Good,33,8,77.0,Average,10,No,470862
11443,38,Female,IT,1,6,42366.0,Yes,Excellent,18,1,11.0,High,8,No,792304
11444,34,Female,HR,2,14,54589.0,Yes,Good,44,7,20.0,Average,8,No,173497
11445,49,Female,Sales,3,19,,No,Fair,33,2,27.0,Low,9,No,377560
11446,32,Female,IT,1,24,40592.0,Yes,Fair,7,8,62.0,Low,2,No,531238
11447,56,Male,Finance,3,2,60079.0,Yes,Excellent,28,9,35.0,Average,8,No,108429
11448,55,Male,IT,4,23,101912.0,No,Fair,1,3,73.0,Average,8,No,244855
11449,32,Male,Sales,1,33,55894.0,No,Good,39,2,10.0,High,5,Yes,684920
11450,27,Female,IT,4,21,101720.0,Yes,Fair,34,9,69.0,High,5,No,910722
11451,49,Male,IT,2,10,35616.0,No,Good,39,5,63.0,Average,4,No,489306
11452,31,Female,Marketing,1,7,30924.0,No,Good,19,9,32.0,Average,5,No,941585
11453,53,Female,HR,2,34,78226.0,Yes,Good,31,8,22.0,Average,2,No,997653
11454,26,Male,HR,2,7,38424.0,Yes,Good,13,6,14.0,High,2,No,396644
11455,35,Male,IT,3,26,76600.0,No,Excellent,24,3,11.0,Average,5,No,668309
11456,52,Male,IT,3,27,87127.0,Yes,Good,5,2,41.0,Average,3,No,723406
11457,31,Female,IT,4,33,360129.0,Yes,Good,46,9,,Average,1,No,981253
11458,43,Female,IT,5,31,125831.0,No,Excellent,19,3,20.0,Average,9,No,729627
11459,46,Male,IT,3,14,65683.0,No,Excellent,1,2,18.0,Average,2,No,156733
11460,54,Male,Marketing,3,16,74347.0,Yes,Fair,33,2,15.0,Average,10,No,577361
11461,54,Female,IT,2,32,85325.0,Yes,,33,8,38.0,Average,2,No,764536
11462,49,Male,Marketing,2,15,56587.0,Yes,Poor,32,3,64.0,Average,4,No,614327
11463,24,Female,IT,1,28,54836.0,No,Good,28,8,17.0,Average,2,No,190909
11464,37,Female,Marketing,3,8,70936.0,Yes,Excellent,37,9,43.0,Average,7,Yes,721779
11465,55,Male,Finance,2,32,77235.0,No,Fair,41,4,,Average,10,No,980706
11466,33,Male,HR,1,28,46914.0,No,Fair,12,6,32.0,Average,1,No,846015
11467,59,Male,Marketing,1,12,21932.0,Yes,Fair,9,4,44.0,Average,2,No,182439
11468,35,Male,Sales,2,20,54470.0,No,Good,11,0,20.0,High,5,No,897170
11469,49,Female,Marketing,3,20,71371.0,No,Good,33,1,54.0,Low,2,No,105041
11470,49,Female,IT,2,4,44755.0,No,Good,19,4,32.0,Average,9,No,674894
11471,31,Female,Sales,3,9,69590.0,Yes,Excellent,42,5,72.0,Average,4,Yes,582006
11472,52,Male,IT,2,5,43053.0,No,Good,34,6,,Average,9,No,287437
11473,22,Female,Marketing,3,12,60787.0,No,Fair,7,1,,Average,1,No,926959
11474,34,Male,Sales,1,0,28719.0,No,Excellent,31,9,20.0,Average,1,No,371394
11475,40,Male,IT,1,19,38302.0,Yes,Fair,2,8,,Average,1,No,978780
11476,42,Male,Finance,3,7,66020.0,No,Fair,19,5,58.0,Average,4,No,256760
11477,31,Male,Finance,2,9,47095.0,Yes,Poor,38,1,53.0,High,9,No,775150
11478,47,Male,IT,1,8,28851.0,Yes,Good,32,1,40.0,High,8,No,887378
11479,23,Male,Sales,2,2,,No,Fair,10,2,66.0,High,7,No,398942
11480,37,Female,Sales,1,10,25823.0,No,Fair,41,0,30.0,High,1,No,960295
11481,48,Male,IT,2,11,57032.0,No,Fair,8,8,60.0,High,3,No,749761
11482,49,Female,IT,2,9,37322.0,No,,26,9,26.0,Average,9,No,870840
11483,41,Female,Marketing,3,24,76568.0,No,Good,30,3,77.0,Average,9,No,232208
11484,36,Male,Sales,4,24,108554.0,No,Excellent,11,4,73.0,Low,5,No,787275
11485,57,Male,IT,1,10,33540.0,No,Good,41,6,53.0,Average,6,No,846834
11486,40,Male,Sales,5,25,135242.0,No,Fair,20,0,6.0,High,6,No,952522
11487,26,Female,Sales,2,13,52010.0,No,Fair,20,2,57.0,Average,10,No,516637
11488,39,Male,IT,3,0,64202.0,No,Excellent,9,2,11.0,Average,4,No,553132
11489,25,Female,IT,3,3,46455.0,No,Poor,8,1,24.0,Average,1,No,130893
11490,23,Male,IT,3,29,80318.0,No,Excellent,15,7,34.0,High,5,No,164124
11491,21,Male,Marketing,2,11,54573.0,No,Fair,34,4,79.0,Average,1,No,136171
11492,58,Female,IT,2,34,66357.0,Yes,Excellent,24,0,71.0,High,1,No,773998
11493,35,Female,Marketing,1,12,31215.0,Yes,Fair,33,1,63.0,Average,5,No,478198
11494,54,Male,Marketing,1,30,,No,Good,41,0,70.0,Average,5,No,297556
11495,55,Female,IT,2,22,65407.0,Yes,Good,41,5,7.0,Average,7,No,853598
11496,45,Female,Finance,2,3,39666.0,Yes,Good,40,8,60.0,Average,2,No,534279
11497,44,Female,IT,2,15,,No,Fair,27,6,21.0,Low,6,No,124193
11498,32,Female,Sales,1,6,26413.0,Yes,Good,21,4,56.0,Average,2,No,959175
11499,38,Female,Finance,3,21,82663.0,Yes,Good,5,2,11.0,High,10,No,371382
11500,35,Male,Sales,4,28,101634.0,No,Poor,35,7,9.0,Average,5,No,500635
11117,52,Female,Finance,4,4,69770.0,No,Good,42,3,79.0,Average,7,No,120410
11369,25,Male,IT,3,33,89590.0,Yes,Good,15,6,61.0,Average,7,No,237028
10423,55,Male,IT,1,23,48111.0,No,Fair,31,9,42.0,Average,8,No,966593
10414,44,Female,Sales,1,34,56422.0,Yes,Poor,43,9,23.0,Average,6,No,123753
10452,45,Female,Finance,1,17,43357.0,Yes,Fair,23,2,15.0,High,1,No,172858
10862,50,Male,HR,1,3,23249.0,No,Good,37,3,58.0,Average,4,No,954582
11064,28,Male,IT,1,26,46341.0,No,Excellent,39,7,7.0,Average,4,No,340899
10742,28,Male,Marketing,4,17,91144.0,Yes,Fair,39,1,44.0,Average,9,No,299879
11273,38,Male,Finance,1,17,34062.0,No,Fair,32,4,47.0,High,1,Yes,633317
10260,40,Female,IT,4,31,99532.0,No,Good,38,7,54.0,Average,7,No,156536
10889,45,Female,Finance,5,25,120606.0,No,Good,27,3,77.0,High,2,No,957646
11433,24,Female,Sales,1,0,27075.0,Yes,Excellent,32,5,64.0,Average,7,Yes,346641
10713,52,Female,Sales,2,30,62257.0,No,Good,23,5,25.0,High,4,No,934421
11383,48,Male,IT,3,18,74686.0,Yes,Excellent,42,1,23.0,Average,5,No,981063
10071,46,Female,Marketing,1,8,38054.0,No,Poor,1,9,25.0,Average,7,No,181107
11269,54,Female,IT,3,1,57908.0,No,,17,0,48.0,Average,4,No,274234
11492,58,Female,IT,2,34,66357.0,Yes,Excellent,24,0,71.0,High,1,No,775078
10608,22,Male,Sales,2,12,42899.0,No,Fair,13,0,67.0,Average,5,No,967834
